  0
SECTION
  2
HEADER
  9
$ACADVER
  1
AC1014
  9
$ACADMAINTVER
 70
     9
  9
$DWGCODEPAGE
  3
ANSI_1252
  9
$INSBASE
 10
0.0
 20
0.0
 30
0.0
  9
$EXTMIN
 10
-85087.96625579894
 20
-221178.0536509724
 30
-6.000594490751112
  9
$EXTMAX
 10
750344.3407614769
 20
27640.76227891573
 30
13.48235383155349
  9
$LIMMIN
 10
0.0
 20
0.0
  9
$LIMMAX
 10
12.0
 20
9.0
  9
$ORTHOMODE
 70
     1
  9
$REGENMODE
 70
     1
  9
$FILLMODE
 70
     1
  9
$QTEXTMODE
 70
     0
  9
$MIRRTEXT
 70
     0
  9
$DRAGMODE
 70
     2
  9
$LTSCALE
 40
1.0
  9
$OSMODE
 70
    37
  9
$ATTMODE
 70
     1
  9
$TEXTSIZE
 40
4.0
  9
$TRACEWID
 40
0.05
  9
$TEXTSTYLE
  7
MOHIT
  9
$CLAYER
  8
_DIMENSION
  9
$CELTYPE
  6
BYLAYER
  9
$CECOLOR
 62
     5
  9
$CELTSCALE
 40
12.0
  9
$DELOBJ
 70
     1
  9
$DISPSILH
 70
     0
  9
$DIMSCALE
 40
1.0
  9
$DIMASZ
 40
2.0
  9
$DIMEXO
 40
0.0
  9
$DIMDLI
 40
0.0
  9
$DIMRND
 40
0.0
  9
$DIMDLE
 40
0.0
  9
$DIMEXE
 40
1.0
  9
$DIMTP
 40
0.0
  9
$DIMTM
 40
0.0
  9
$DIMTXT
 40
4.0
  9
$DIMCEN
 40
-3.0
  9
$DIMTSZ
 40
0.0
  9
$DIMTOL
 70
     0
  9
$DIMLIM
 70
     0
  9
$DIMTIH
 70
     0
  9
$DIMTOH
 70
     0
  9
$DIMSE1
 70
     0
  9
$DIMSE2
 70
     0
  9
$DIMTAD
 70
     0
  9
$DIMZIN
 70
     3
  9
$DIMBLK
  1
OBLIQUE
  9
$DIMASO
 70
     1
  9
$DIMSHO
 70
     1
  9
$DIMPOST
  1

  9
$DIMAPOST
  1

  9
$DIMALT
 70
     0
  9
$DIMALTD
 70
     2
  9
$DIMALTF
 40
25.4
  9
$DIMLFAC
 40
1.0
  9
$DIMTOFL
 70
     1
  9
$DIMTVP
 40
0.0
  9
$DIMTIX
 70
     1
  9
$DIMSOXD
 70
     1
  9
$DIMSAH
 70
     0
  9
$DIMBLK1
  1

  9
$DIMBLK2
  1

  9
$DIMSTYLE
  2
SCALE_75
  9
$DIMCLRD
 70
     7
  9
$DIMCLRE
 70
     7
  9
$DIMCLRT
 70
   256
  9
$DIMTFAC
 40
0.5
  9
$DIMGAP
 40
0.5
  9
$DIMJUST
 70
     0
  9
$DIMSD1
 70
     0
  9
$DIMSD2
 70
     0
  9
$DIMTOLJ
 70
     1
  9
$DIMTZIN
 70
     0
  9
$DIMALTZ
 70
     0
  9
$DIMALTTZ
 70
     0
  9
$DIMFIT
 70
     4
  9
$DIMUPT
 70
     0
  9
$DIMUNIT
 70
     4
  9
$DIMDEC
 70
     1
  9
$DIMTDEC
 70
     1
  9
$DIMALTU
 70
     2
  9
$DIMALTTD
 70
     2
  9
$DIMTXSTY
  7
MOHIT
  9
$DIMAUNIT
 70
     0
  9
$LUNITS
 70
     4
  9
$LUPREC
 70
     4
  9
$SKETCHINC
 40
0.1
  9
$FILLETRAD
 40
0.0
  9
$AUNITS
 70
     0
  9
$AUPREC
 70
     0
  9
$MENU
  1
.
  9
$ELEVATION
 40
0.0
  9
$PELEVATION
 40
0.0
  9
$THICKNESS
 40
6.0
  9
$LIMCHECK
 70
     0
  9
$CHAMFERA
 40
0.0
  9
$CHAMFERB
 40
0.0
  9
$CHAMFERC
 40
727.517530137673
  9
$CHAMFERD
 40
0.0000387850944888
  9
$SKPOLY
 70
     0
  9
$TDCREATE
 40
2455932.498599988
  9
$TDUPDATE
 40
2460989.929115023
  9
$TDINDWG
 40
84.3931964583
  9
$TDUSRTIMER
 40
84.3931960069
  9
$USRTIMER
 70
     1
  9
$ANGBASE
 50
0.0
  9
$ANGDIR
 70
     0
  9
$PDMODE
 70
    34
  9
$PDSIZE
 40
0.0
  9
$PLINEWID
 40
0.0
  9
$COORDS
 70
     1
  9
$SPLFRAME
 70
     0
  9
$SPLINETYPE
 70
     6
  9
$SPLINESEGS
 70
     8
  9
$ATTDIA
 70
     0
  9
$ATTREQ
 70
     1
  9
$HANDLING
 70
     1
  9
$HANDSEED
  5
999
  9
$SURFTAB1
 70
     6
  9
$SURFTAB2
 70
     6
  9
$SURFTYPE
 70
     6
  9
$SURFU
 70
     6
  9
$SURFV
 70
     6
  9
$UCSNAME
  2

  9
$UCSORG
 10
0.0
 20
0.0
 30
0.0
  9
$UCSXDIR
 10
1.0
 20
0.0
 30
0.0
  9
$UCSYDIR
 10
0.0
 20
1.0
 30
0.0
  9
$PUCSNAME
  2

  9
$PUCSORG
 10
0.0
 20
0.0
 30
0.0
  9
$PUCSXDIR
 10
1.0
 20
0.0
 30
0.0
  9
$PUCSYDIR
 10
0.0
 20
1.0
 30
0.0
  9
$USERI1
 70
     0
  9
$USERI2
 70
     0
  9
$USERI3
 70
     0
  9
$USERI4
 70
     0
  9
$USERI5
 70
     0
  9
$USERR1
 40
0.0
  9
$USERR2
 40
0.0
  9
$USERR3
 40
0.0
  9
$USERR4
 40
0.0
  9
$USERR5
 40
0.0
  9
$WORLDVIEW
 70
     1
  9
$SHADEDGE
 70
     3
  9
$SHADEDIF
 70
    70
  9
$TILEMODE
 70
     1
  9
$MAXACTVP
 70
    64
  9
$PINSBASE
 10
0.0
 20
0.0
 30
0.0
  9
$PLIMCHECK
 70
     0
  9
$PEXTMIN
 10
0.0
 20
0.0
 30
0.0
  9
$PEXTMAX
 10
0.0
 20
0.0
 30
0.0
  9
$PLIMMIN
 10
0.0
 20
0.0
  9
$PLIMMAX
 10
12.0
 20
9.0
  9
$UNITMODE
 70
     0
  9
$VISRETAIN
 70
     1
  9
$PLINEGEN
 70
     0
  9
$PSLTSCALE
 70
     1
  9
$TREEDEPTH
 70
  3020
  9
$PICKSTYLE
 70
     1
  9
$CMLSTYLE
  2
WINDOW
  9
$CMLJUST
 70
     0
  9
$CMLSCALE
 40
1.0
  9
$PROXYGRAPHICS
 70
     1
  9
$MEASUREMENT
 70
     0
  0
ENDSEC
  0
SECTION
  2
CLASSES
  0
CLASS
  1
ACDBDICTIONARYWDFLT
  2
AcDbDictionaryWithDefault
  3
ObjectDBX Classes
 90
        0
280
     0
281
     0
  0
CLASS
  1
DICTIONARYVAR
  2
AcDbDictionaryVar
  3
ObjectDBX Classes
 90
        0
280
     0
281
     0
  0
CLASS
  1
TABLESTYLE
  2
AcDbTableStyle
  3
ObjectDBX Classes
 90
     4095
280
     0
281
     0
  0
CLASS
  1
MATERIAL
  2
AcDbMaterial
  3
ObjectDBX Classes
 90
     1153
280
     0
281
     0
  0
CLASS
  1
VISUALSTYLE
  2
AcDbVisualStyle
  3
ObjectDBX Classes
 90
     4095
280
     0
281
     0
  0
CLASS
  1
EXACXREFPANELOBJECT
  2
ExAcXREFPanelObject
  3
EXAC_ESW
 90
     1025
280
     1
281
     0
  0
CLASS
  1
NPOCOLLECTION
  2
AcDbImpNonPersistentObjectsCollection
  3
ObjectDBX Classes
 90
     1153
280
     1
281
     0
  0
CLASS
  1
EXACTERMXREFMAP
  2
ExAcTermXrefMap
  3
EXAC_SERVICE
 90
     1025
280
     1
281
     0
  0
CLASS
  1
SORTENTSTABLE
  2
AcDbSortentsTable
  3
ObjectDBX Classes
 90
        0
280
     0
281
     0
  0
CLASS
  1
DIMASSOC
  2
AcDbDimAssoc
  3
"AcDbDimAssoc|Product Desc:     AcDim ARX App For Dimension|Company:          Autodesk, Inc.|WEB Address:      www.autodesk.com"
 90
        0
280
     0
281
     0
  0
CLASS
  1
ACAD_EVALUATION_GRAPH
  2
AcDbEvalGraph
  3
ObjectDBX Classes
 90
     1153
280
     1
281
     0
  0
CLASS
  1
ACAECUSTOBJ
  2
AcAeEditorObj
  3
AcAeEditorObj
 90
     1024
280
     1
281
     0
  0
CLASS
  1
ACDB_DYNAMICBLOCKPURGEPREVENTER_VERSION
  2
AcDbDynamicBlockPurgePreventer
  3
ObjectDBX Classes
 90
     1153
280
     1
281
     0
  0
CLASS
  1
SOLID_BACKGROUND
  2
AcDbSolidBackground
  3
SCENEOE
 90
     4095
280
     0
281
     0
  0
CLASS
  1
IMAGEDEF
  2
AcDbRasterImageDef
  3
ISM
 90
        0
280
     0
281
     0
  0
CLASS
  1
SCALE
  2
AcDbScale
  3
ObjectDBX Classes
 90
     1153
280
     0
281
     0
  0
CLASS
  1
MLEADERSTYLE
  2
AcDbMLeaderStyle
  3
ACDB_MLEADERSTYLE_CLASS
 90
     4095
280
     0
281
     0
  0
CLASS
  1
CELLSTYLEMAP
  2
AcDbCellStyleMap
  3
ObjectDBX Classes
 90
     1152
280
     0
281
     0
  0
CLASS
  1
AEC_REFEDIT_STATUS_TRACKER
  2
AecDbRefEditStatusTracker
  3
AecArchBase80|Product Desc: Autodesk Architectural Desktop 2007 |Company: Autodesk,Inc. |WEB Address: www.autodesk.com
 90
      129
280
     1
281
     0
  0
CLASS
  1
BLOCKLINEARPARAMETER
  2
AcDbBlockLinearParameter
  3
ObjectDBX Classes
 90
     1153
280
     1
281
     0
  0
CLASS
  1
BLOCKLINEARGRIP
  2
AcDbBlockLinearGrip
  3
ObjectDBX Classes
 90
     1153
280
     1
281
     0
  0
CLASS
  1
BLOCKGRIPLOCATIONCOMPONENT
  2
AcDbBlockGripExpr
  3
ObjectDBX Classes
 90
     1153
280
     1
281
     0
  0
CLASS
  1
LINEARGRIPENTITY
  2
AcDbBlockLinearGripEntity
  3
ObjectDBX Classes
 90
     1025
280
     1
281
     1
  0
CLASS
  1
ACAEEEMGROBJ
  2
AcAeEEMgrObj
  3
AcAeEEMgrObj
 90
     1024
280
     1
281
     0
  0
CLASS
  1
LINEARPARAMETERENTITY
  2
AcDbBlockLinearParameterEntity
  3
ObjectDBX Classes
 90
     1025
280
     1
281
     1
  0
CLASS
  1
BLOCKARRAYACTION
  2
AcDbBlockArrayAction
  3
ObjectDBX Classes
 90
     1153
280
     1
281
     0
  0
CLASS
  1
BLOCKXYPARAMETER
  2
AcDbBlockXYParameter
  3
ObjectDBX Classes
 90
     1153
280
     1
281
     0
  0
CLASS
  1
BLOCKXYGRIP
  2
AcDbBlockXYGrip
  3
ObjectDBX Classes
 90
     1153
280
     1
281
     0
  0
CLASS
  1
XYGRIPENTITY
  2
AcDbBlockXYGripEntity
  3
ObjectDBX Classes
 90
     1025
280
     1
281
     1
  0
CLASS
  1
XYPARAMETERENTITY
  2
AcDbBlockXYParameterEntity
  3
ObjectDBX Classes
 90
     1025
280
     1
281
     1
  0
CLASS
  1
BLOCKFLIPPARAMETER
  2
AcDbBlockFlipParameter
  3
ObjectDBX Classes
 90
     1153
280
     1
281
     0
  0
CLASS
  1
BLOCKFLIPGRIP
  2
AcDbBlockFlipGrip
  3
ObjectDBX Classes
 90
     1153
280
     1
281
     0
  0
CLASS
  1
FLIPGRIPENTITY
  2
AcDbBlockFlipGripEntity
  3
ObjectDBX Classes
 90
     1025
280
     1
281
     1
  0
CLASS
  1
FLIPPARAMETERENTITY
  2
AcDbBlockFlipParameterEntity
  3
ObjectDBX Classes
 90
     1025
280
     1
281
     1
  0
CLASS
  1
BLOCKVISIBILITYPARAMETER
  2
AcDbBlockVisibilityParameter
  3
ObjectDBX Classes
 90
     1153
280
     1
281
     0
  0
CLASS
  1
BLOCKVISIBILITYGRIP
  2
AcDbBlockVisibilityGrip
  3
ObjectDBX Classes
 90
     1153
280
     1
281
     0
  0
CLASS
  1
VISIBILITYGRIPENTITY
  2
AcDbBlockVisibilityGripEntity
  3
ObjectDBX Classes
 90
     1025
280
     1
281
     1
  0
CLASS
  1
VISIBILITYPARAMETERENTITY
  2
AcDbBlockVisibilityParameterEntity
  3
ObjectDBX Classes
 90
     1025
280
     1
281
     1
  0
CLASS
  1
BLOCKBASEPOINTPARAMETER
  2
AcDbBlockBasepointParameter
  3
ObjectDBX Classes
 90
     1153
280
     1
281
     0
  0
CLASS
  1
BASEPOINTPARAMETERENTITY
  2
AcDbBlockBasepointParameterEntity
  3
ObjectDBX Classes
 90
     1025
280
     1
281
     1
  0
CLASS
  1
IMAGE
  2
AcDbRasterImage
  3
ISM
 90
      127
280
     0
281
     1
  0
CLASS
  1
IMAGEDEF_REACTOR
  2
AcDbRasterImageDefReactor
  3
ISM
 90
        1
280
     0
281
     0
  0
CLASS
  1
RASTERVARIABLES
  2
AcDbRasterVariables
  3
ISM
 90
        0
280
     0
281
     0
  0
CLASS
  1
ACDB_HATCHSCALECONTEXTDATA_CLASS
  2
AcDbHatchScaleContextData
  3
ObjectDBX Classes
 90
     1153
280
     0
281
     0
  0
CLASS
  1
ACDB_HATCHVIEWCONTEXTDATA_CLASS
  2
AcDbHatchViewContextData
  3
ObjectDBX Classes
 90
     1153
280
     0
281
     0
  0
CLASS
  1
ACDBSECTIONVIEWSTYLE
  2
AcDbSectionViewStyle
  3
ObjectDBX Classes
 90
     1025
280
     0
281
     0
  0
CLASS
  1
ACDBDETAILVIEWSTYLE
  2
AcDbDetailViewStyle
  3
ObjectDBX Classes
 90
     1025
280
     0
281
     0
  0
CLASS
  1
ACDBASSOC2DCONSTRAINTGROUP
  2
AcDbAssoc2dConstraintGroup
  3
ObjectDBX Classes
 90
     1025
280
     1
281
     0
  0
CLASS
  1
ACDBASSOCGEOMDEPENDENCY
  2
AcDbAssocGeomDependency
  3
ObjectDBX Classes
 90
     1025
280
     1
281
     0
  0
CLASS
  1
ACDBASSOCNETWORK
  2
AcDbAssocNetwork
  3
ObjectDBX Classes
 90
     1025
280
     1
281
     0
  0
CLASS
  1
LSSTROKEPATTERNCOMPONENT
  2
AcDbLSStrokePatternComponent
  3
AcDgnLS
 90
        0
280
     1
281
     0
  0
CLASS
  1
LSINTERNALCOMPONENT
  2
AcDbLSInternalComponent
  3
AcDgnLS
 90
        0
280
     1
281
     0
  0
CLASS
  1
ACDB_DYNAMICBLOCKPROXYNODE
  2
AcDbDynamicBlockProxyNode
  3
ObjectDBX Classes
 90
     1153
280
     1
281
     0
  0
CLASS
  1
ACDB_MTEXTOBJECTCONTEXTDATA_CLASS
  2
AcDbMTextObjectContextData
  3
ObjectDBX Classes
 90
     1153
280
     0
281
     0
  0
CLASS
  1
LSDEFINITION
  2
AcDbLSDefinition
  3
AcDgnLS
 90
        0
280
     1
281
     0
  0
CLASS
  1
LSCOMPOUNDCOMPONENT
  2
AcDbLSCompoundComponent
  3
AcDgnLS
 90
        0
280
     1
281
     0
  0
CLASS
  1
LSPOINTCOMPONENT
  2
AcDbLSPointComponent
  3
AcDgnLS
 90
        0
280
     1
281
     0
  0
CLASS
  1
LSSYMBOLCOMPONENT
  2
AcDbLSSymbolComponent
  3
AcDgnLS
 90
        0
280
     1
281
     0
  0
CLASS
  1
ACDBPLACEHOLDER
  2
AcDbPlaceHolder
  3
ObjectDBX Classes
 90
        0
280
     0
281
     0
  0
CLASS
  1
LAYOUT
  2
AcDbLayout
  3
ObjectDBX Classes
 90
        0
280
     0
281
     0
  0
CLASS
  1
MULTILEADER
  2
AcDbMLeader
  3
ACDB_MLEADER_CLASS
 90
     1025
280
     0
281
     1
  0
CLASS
  1
RAPIDRTRENDERSETTINGS
  2
AcDbRapidRTRenderSettings
  3
ObjectDBX Classes
 90
     1024
280
     0
281
     0
  0
CLASS
  1
MENTALRAYRENDERSETTINGS
  2
AcDbMentalRayRenderSettings
  3
SCENEOE
 90
     1024
280
     0
281
     0
  0
CLASS
  1
ACDB_BLOCKREPRESENTATION_DATA
  2
AcDbBlockRepresentationData
  3
ObjectDBX Classes
 90
     1153
280
     1
281
     0
  0
CLASS
  1
SPATIAL_FILTER
  2
AcDbSpatialFilter
  3
ObjectDBX Classes
 90
        0
280
     0
281
     0
  0
CLASS
  1
BLOCKLINEARCONSTRAINTPARAMETER
  2
AcDbBlockLinearConstraintParameter
  3
ObjectDBX Classes
 90
     1153
280
     1
281
     0
  0
CLASS
  1
XRECORD
  2
AcDbXrecord
  3
ObjectDBX Classes
 90
        0
280
     0
281
     0
  0
CLASS
  1
LWPOLYLINE
  2
AcDbPolyline
  3
ObjectDBX Classes
 90
        0
280
     0
281
     1
  0
CLASS
  1
HATCH
  2
AcDbHatch
  3
ObjectDBX Classes
 90
        0
280
     0
281
     1
  0
ENDSEC
  0
SECTION
  2
TABLES
  0
TABLE
  2
VPORT
  5
29
102
{ACAD_XDICTIONARY
360
2E
102
}
330
0
100
AcDbSymbolTable
 70
     1
  0
VPORT
  5
2A
330
29
100
AcDbSymbolTableRecord
100
AcDbViewportTableRecord
  2
*ACTIVE
 70
     0
 10
0.0
 20
0.0
 11
1.0
 21
1.0
 12
93287.79493687814
 22
4755.595604280789
 13
0.0
 23
0.0
 14
0.5
 24
0.5
 15
0.5
 25
0.5
 16
0.0
 26
0.0
 36
10.24130381306913
 17
281132.1159442907
 27
-89008.08628642965
 37
0.0
 40
1500.568042155284
 41
2.837837837837838
 42
50.0
 43
0.0
 44
0.0
 50
0.0
 51
0.0
 71
     0
 72
  1000
 73
     1
 74
     3
 75
     0
 76
     0
 77
     0
 78
     1
1001
ACAD_NAV_VCDISPLAY
1070
     3
  0
ENDTAB
  0
TABLE
  2
LTYPE
  5
24
330
0
100
AcDbSymbolTable
 70
     9
  0
LTYPE
  5
25
330
24
100
AcDbSymbolTableRecord
100
AcDbLinetypeTableRecord
  2
BYBLOCK
 70
     0
  3

 72
    65
 73
     0
 40
0.0
  0
LTYPE
  5
26
330
24
100
AcDbSymbolTableRecord
100
AcDbLinetypeTableRecord
  2
BYLAYER
 70
     0
  3

 72
    65
 73
     0
 40
0.0
  0
LTYPE
  5
10
330
24
100
AcDbSymbolTableRecord
100
AcDbLinetypeTableRecord
  2
CONTINUOUS
 70
     0
  3
Solid line
 72
    65
 73
     0
 40
0.0
  0
LTYPE
  5
2D5
330
24
100
AcDbSymbolTableRecord
100
AcDbLinetypeTableRecord
  2
ACAD_ISO03W100
 70
     0
  3
ISO dash space __    __    __    __    __    __
 72
    65
 73
     2
 40
30.0
 49
12.0
 74
     0
 49
-18.0
 74
     0
  0
LTYPE
  5
2C9
330
24
100
AcDbSymbolTableRecord
100
AcDbLinetypeTableRecord
  2
HIDDEN
 70
     0
  3
Hidden __ __ __ __ __ __ __ __ __ __ __ __ __ _
 72
    65
 73
     2
 40
0.375
 49
0.25
 74
     0
 49
-0.125
 74
     0
  0
LTYPE
  5
11A
330
24
100
AcDbSymbolTableRecord
100
AcDbLinetypeTableRecord
  2
DASHED2
 70
     0
  3
Dashed (.5x) _ _ _ _ _ _ _ _ _ _ _ _ _ _ _ _ _
 72
    65
 73
     2
 40
0.375
 49
0.25
 74
     0
 49
-0.125
 74
     0
  0
LTYPE
  5
148
330
24
100
AcDbSymbolTableRecord
100
AcDbLinetypeTableRecord
  2
DASHED
 70
     0
  3
__ __ __ __ __ __ __ __ __ __ __ __ __ __ __ __
 72
    65
 73
     2
 40
0.75
 49
0.5
 74
     0
 49
-0.25
 74
     0
  0
LTYPE
  5
7C6
330
24
100
AcDbSymbolTableRecord
100
AcDbLinetypeTableRecord
  2
11_03_07_BASEPLAN_R02_2011
 70
     0
  3
Hidden __ __ __ __ __ __ __ __ __ __ __ __ __ _
 72
    65
 73
     2
 40
0.375
 49
0.25
 74
     0
 49
-0.125
 74
     0
  0
LTYPE
  5
7F
330
24
100
AcDbSymbolTableRecord
100
AcDbLinetypeTableRecord
  2
DASH
 70
     0
  3
__ __ __ __ __ __ __ __ __ __ __ __ __ __ __ __
 72
    65
 73
     2
 40
0.35
 49
0.25
 74
     0
 49
-0.1
 74
     0
  0
LTYPE
  5
706
330
24
100
AcDbSymbolTableRecord
100
AcDbLinetypeTableRecord
  2
CENTER2
 70
     0
  3
Center (.5x) ___ _ ___ _ ___ _ ___ _ ___ _ ___
 72
    65
 73
     4
 40
1.125
 49
0.75
 74
     4
 75
     0
340
0
 46
1.0
 50
0.0
 44
0.0
 45
0.0
 49
-0.125
 74
     4
 75
     0
340
0
 46
1.0
 50
0.0
 44
0.0
 45
0.0
 49
0.125
 74
     4
 75
     0
340
0
 46
1.0
 50
0.0
 44
0.0
 45
0.0
 49
-0.125
 74
     4
 75
     0
340
0
 46
1.0
 50
0.0
 44
0.0
 45
0.0
  0
LTYPE
  5
6F3
330
24
100
AcDbSymbolTableRecord
100
AcDbLinetypeTableRecord
  2
CONTINOUS
 70
     0
  3
Solid line
 72
    65
 73
     0
 40
0.0
  0
ENDTAB
  0
TABLE
  2
LAYER
  5
1A
102
{ACAD_XDICTIONARY
360
1B
102
}
330
0
100
AcDbSymbolTable
 70
    31
  0
LAYER
  5
6
102
{ACAD_XDICTIONARY
360
7
102
}
330
1A
100
AcDbSymbolTableRecord
100
AcDbLayerTableRecord
  2
0
 70
     0
 62
     7
  6
CONTINUOUS
  0
LAYER
  5
77E
330
1A
100
AcDbSymbolTableRecord
100
AcDbLayerTableRecord
  2
DEFPOINTS
 70
     0
 62
     7
  6
CONTINUOUS
  0
LAYER
  5
EE
102
{ACAD_XDICTIONARY
360
EF
102
}
330
1A
100
AcDbSymbolTableRecord
100
AcDbLayerTableRecord
  2
WALL
 70
     0
 62
    10
  6
CONTINUOUS
  0
LAYER
  5
86
102
{ACAD_XDICTIONARY
360
87
102
}
330
1A
100
AcDbSymbolTableRecord
100
AcDbLayerTableRecord
  2
HATCH
 70
     0
 62
   251
  6
CONTINUOUS
  0
LAYER
  5
6FE
330
1A
100
AcDbSymbolTableRecord
100
AcDbLayerTableRecord
  2
TEXT
 70
     0
 62
     3
  6
CONTINUOUS
  0
LAYER
  5
2B1
330
1A
100
AcDbSymbolTableRecord
100
AcDbLayerTableRecord
  2
COLUMN
 70
     0
 62
     2
  6
CONTINUOUS
  0
LAYER
  5
16E
330
1A
100
AcDbSymbolTableRecord
100
AcDbLayerTableRecord
  2
DOOR
 70
     0
 62
    32
  6
CONTINUOUS
  0
LAYER
  5
147
330
1A
100
AcDbSymbolTableRecord
100
AcDbLayerTableRecord
  2
FURNITURE
 70
     0
 62
    36
  6
CONTINUOUS
  0
LAYER
  5
48C
330
1A
100
AcDbSymbolTableRecord
100
AcDbLayerTableRecord
  2
FORMATE_TEXT
 70
     0
 62
     7
  6
CONTINUOUS
  0
LAYER
  5
1C2
330
1A
100
AcDbSymbolTableRecord
100
AcDbLayerTableRecord
  2
KITCHEN_SANITRY
 70
     0
 62
   253
  6
CONTINUOUS
1001
ACAECLAYERSTANDARD
1000

1000

  0
LAYER
  5
64
330
1A
100
AcDbSymbolTableRecord
100
AcDbLayerTableRecord
  2
_DIMENSION
 70
     0
 62
   190
  6
CONTINUOUS
1001
ACAECLAYERSTANDARD
1000

1000

  0
LAYER
  5
2AB
330
1A
100
AcDbSymbolTableRecord
100
AcDbLayerTableRecord
  2
A-WALL
 70
     0
 62
   253
  6
CONTINUOUS
1001
ACAECLAYERSTANDARD
1000

1000

  0
LAYER
  5
226
330
1A
100
AcDbSymbolTableRecord
100
AcDbLayerTableRecord
  2
TOILET_FIXTURES
 70
     0
 62
   125
  6
CONTINUOUS
  0
LAYER
  5
2D4
330
1A
100
AcDbSymbolTableRecord
100
AcDbLayerTableRecord
  2
_HATCH_251
 70
     0
 62
   251
  6
CONTINUOUS
1001
ACAECLAYERSTANDARD
1000

1000

  0
LAYER
  5
21F
330
1A
100
AcDbSymbolTableRecord
100
AcDbLayerTableRecord
  2
PLUMBING_FITTINGS
 70
     0
 62
   155
  6
CONTINUOUS
  0
LAYER
  5
4FC
330
1A
100
AcDbSymbolTableRecord
100
AcDbLayerTableRecord
  2
_HATCH_253
 70
     0
 62
   253
  6
CONTINUOUS
1001
ACAECLAYERSTANDARD
1000

1000

1001
ACCMTRANSPARENCY
1071
        0
  0
LAYER
  5
2D7
330
1A
100
AcDbSymbolTableRecord
100
AcDbLayerTableRecord
  2
_TEXT
 70
     0
 62
     3
  6
CONTINUOUS
1001
ACAECLAYERSTANDARD
1000

1000

  0
LAYER
  5
732
330
1A
100
AcDbSymbolTableRecord
100
AcDbLayerTableRecord
  2
_ELEVATION__30
 70
     0
 62
     5
  6
CONTINUOUS
1001
ACAECLAYERSTANDARD
1000

1000

  0
LAYER
  5
6FB
330
1A
100
AcDbSymbolTableRecord
100
AcDbLayerTableRecord
  2
DIM4
 70
     0
 62
     2
  6
CONTINUOUS
  0
LAYER
  5
82
330
1A
100
AcDbSymbolTableRecord
100
AcDbLayerTableRecord
  2
FORMAT_BODER
 70
     0
 62
    34
  6
CONTINUOUS
1001
ACAECLAYERSTANDARD
1000

1000

1001
ACCMTRANSPARENCY
1071
        0
  0
LAYER
  5
8C
330
1A
100
AcDbSymbolTableRecord
100
AcDbLayerTableRecord
  2
FORMAT_TEXT
 70
     0
 62
    34
  6
CONTINUOUS
1001
ACAECLAYERSTANDARD
1000

1000

1001
ACCMTRANSPARENCY
1071
        0
  0
LAYER
  5
2F8
330
1A
100
AcDbSymbolTableRecord
100
AcDbLayerTableRecord
  2
PL_SOIL_PIPE
 70
     0
 62
    20
  6
CONTINUOUS
1001
RAK
1000
{ACET-LAYISO
1070
     0
1070
     1
1000
CONTINUOUS
1071
       -3
1071
        1
1005
9
1000
ACET-LAYISO}
  0
LAYER
  5
738
330
1A
100
AcDbSymbolTableRecord
100
AcDbLayerTableRecord
  2
PL-RWP
 70
     0
 62
    16
  6
CONTINUOUS
1001
ACAECLAYERSTANDARD
1000

1000

1001
RAK
1000
{ACET-LAYISO
1070
     0
1070
     5
1000
CONTINUOUS
1071
       15
1071
        1
1005
9
1000
ACET-LAYISO}
  0
LAYER
  5
2D2
330
1A
100
AcDbSymbolTableRecord
100
AcDbLayerTableRecord
  2
_ELEVATION__18
 70
     0
 62
     6
  6
CONTINUOUS
1001
ACAECLAYERSTANDARD
1000

1000

  0
LAYER
  5
7E
330
1A
100
AcDbSymbolTableRecord
100
AcDbLayerTableRecord
  2
BEAM
 70
     0
 62
     7
  6
DASH
1001
ACAECLAYERSTANDARD
1000

1000

1001
ACCMTRANSPARENCY
1071
        0
  0
LAYER
  5
117
330
1A
100
AcDbSymbolTableRecord
100
AcDbLayerTableRecord
  2
FORMAT_BODER_HATCH
 70
     0
 62
     8
  6
CONTINUOUS
1001
ACAECLAYERSTANDARD
1000

1000

1001
ACCMTRANSPARENCY
1071
        0
  0
LAYER
  5
4BC
330
1A
100
AcDbSymbolTableRecord
100
AcDbLayerTableRecord
  2
E-POWER
 70
     0
 62
     3
  6
CONTINUOUS
  0
LAYER
  5
704
330
1A
100
AcDbSymbolTableRecord
100
AcDbLayerTableRecord
  2
CEIL-CENTRE_LINE
 70
     0
 62
   144
  6
CENTER2
1001
ACAECLAYERSTANDARD
1000

1000

  0
LAYER
  5
477
330
1A
100
AcDbSymbolTableRecord
100
AcDbLayerTableRecord
  2
_HIDDEN
 70
     0
 62
     2
  6
ACAD_ISO03W100
1001
ACAECLAYERSTANDARD
1000

1000

1001
ACCMTRANSPARENCY
1071
        0
  0
LAYER
  5
870
330
1A
100
AcDbSymbolTableRecord
100
AcDbLayerTableRecord
  2
ILC_LIGHTING
 70
     0
 62
   170
  6
CONTINUOUS
1001
ACAECLAYERSTANDARD
1000

1000

1001
ACCMTRANSPARENCY
1071
        0
  0
LAYER
  5
46A
330
1A
100
AcDbSymbolTableRecord
100
AcDbLayerTableRecord
  2
_ELEVATION__09
 70
     0
 62
   241
  6
CONTINUOUS
1001
ACAECLAYERSTANDARD
1000

1000

  0
ENDTAB
  0
TABLE
  2
STYLE
  5
21
330
0
100
AcDbSymbolTable
 70
    10
  0
STYLE
  5
22
330
21
100
AcDbSymbolTableRecord
100
AcDbTextStyleTableRecord
  2
STANDARD
 70
     0
 40
0.0
 41
1.0
 50
0.0
 71
     0
 42
0.2
  3
txt_____.ttf
  4

1001
ACAD
1000
txt
1071
        2
  0
STYLE
  5
41
330
21
100
AcDbSymbolTableRecord
100
AcDbTextStyleTableRecord
  2
3_IN
 70
     0
 40
3.5
 41
1.0
 50
0.0
 71
     0
 42
3.0
  3
arial.ttf
  4

1001
ACAD
1000
Arial
1071
       34
  0
STYLE
  5
2D8
330
21
100
AcDbSymbolTableRecord
100
AcDbTextStyleTableRecord
  2
6_IN
 70
     0
 40
6.0
 41
1.0
 50
0.0
 71
     0
 42
6.0
  3
arial.ttf
  4

1001
ACAD
1000
Arial
1071
       34
  0
STYLE
  5
150
330
21
100
AcDbSymbolTableRecord
100
AcDbTextStyleTableRecord
  2
TEXT
 70
     0
 40
5.0
 41
1.0
 50
0.0
 71
     0
 42
6.5
  3
arial.ttf
  4

1001
ACAD
1000
Arial
1071
       34
  0
STYLE
  5
228
330
21
100
AcDbSymbolTableRecord
100
AcDbTextStyleTableRecord
  2
ABHAY
 70
     0
 40
8.0
 41
1.0
 50
0.0
 71
     0
 42
6.0
  3
cityb___.ttf
  4

1001
ACAD
1000
CityBlueprint
1071
      514
  0
STYLE
  5
2E2
330
21
100
AcDbSymbolTableRecord
100
AcDbTextStyleTableRecord
  2
ROMANS
 70
     0
 40
0.0
 41
1.0
 50
0.0
 71
     0
 42
125.0
  3
ROMANS.shx
  4

  0
STYLE
  5
32
330
21
100
AcDbSymbolTableRecord
100
AcDbTextStyleTableRecord
  2
MOHIT
 70
     0
 40
4.0
 41
1.0
 50
0.0
 71
     0
 42
4.0
  3
arial.ttf
  4

1001
ACAD
1000
Arial
1071
       34
  0
STYLE
  5
77C
330
21
100
AcDbSymbolTableRecord
100
AcDbTextStyleTableRecord
  2
DL
 70
     0
 40
4.0
 41
1.0
 50
0.0
 71
     0
 42
4.0
  3
romantic.ttf
  4

1001
ACAD
1000
Romantic
1071
      514
  0
STYLE
  5
700
330
21
100
AcDbSymbolTableRecord
100
AcDbTextStyleTableRecord
  2
GET
 70
     0
 40
0.0
 41
1.0
 50
0.0
 71
     0
 42
1000.0
  3
swissek.ttf
  4

1001
ACAD
1000
Swis721 BlkEx BT
1071
       34
  0
STYLE
  5
48D
330
21
100
AcDbSymbolTableRecord
100
AcDbTextStyleTableRecord
  2
FORMATE
 70
     0
 40
0.0
 41
1.0
 50
0.0
 71
     0
 42
300.0
  3
isocpeur.ttf
  4

1001
ACAD
1000
ISOCPEUR
1071
       34
  0
ENDTAB
  0
TABLE
  2
VIEW
  5
27
330
0
100
AcDbSymbolTable
 70
     0
  0
ENDTAB
  0
TABLE
  2
UCS
  5
28
330
0
100
AcDbSymbolTable
 70
     0
  0
ENDTAB
  0
TABLE
  2
APPID
  5
2F
330
0
100
AcDbSymbolTable
 70
    18
  0
APPID
  5
20
330
2F
100
AcDbSymbolTableRecord
100
AcDbRegAppTableRecord
  2
ACAD
 70
     0
  0
APPID
  5
2FA
330
2F
100
AcDbSymbolTableRecord
100
AcDbRegAppTableRecord
  2
RAK
 70
     0
  0
APPID
  5
65
330
2F
100
AcDbSymbolTableRecord
100
AcDbRegAppTableRecord
  2
ACAECLAYERSTANDARD
 70
     0
  0
APPID
  5
98
330
2F
100
AcDbSymbolTableRecord
100
AcDbRegAppTableRecord
  2
ACDBDYNAMICBLOCKGUID
 70
     0
  0
APPID
  5
170
330
2F
100
AcDbSymbolTableRecord
100
AcDbRegAppTableRecord
  2
ACDBBLOCKREPETAG
 70
     0
  0
APPID
  5
1E
330
2F
100
AcDbSymbolTableRecord
100
AcDbRegAppTableRecord
  2
ACLAYERTOOLS
 70
     0
  0
APPID
  5
3E
330
2F
100
AcDbSymbolTableRecord
100
AcDbRegAppTableRecord
  2
ACAD_DSTYLE_DIMJAG
 70
     0
  0
APPID
  5
3F
330
2F
100
AcDbSymbolTableRecord
100
AcDbRegAppTableRecord
  2
ACAD_DSTYLE_DIMTALN
 70
     0
  0
APPID
  5
30A
330
2F
100
AcDbSymbolTableRecord
100
AcDbRegAppTableRecord
  2
AEC_XDATA_BOUND_SPACE
 70
     0
  0
APPID
  5
89
330
2F
100
AcDbSymbolTableRecord
100
AcDbRegAppTableRecord
  2
GRADIENTCOLOR1ACI
 70
     0
  0
APPID
  5
80
330
2F
100
AcDbSymbolTableRecord
100
AcDbRegAppTableRecord
  2
ACCMTRANSPARENCY
 70
     0
  0
APPID
  5
2D
330
2F
100
AcDbSymbolTableRecord
100
AcDbRegAppTableRecord
  2
ACAD_NAV_VCDISPLAY
 70
     0
  0
APPID
  5
8A
330
2F
100
AcDbSymbolTableRecord
100
AcDbRegAppTableRecord
  2
GRADIENTCOLOR2ACI
 70
     0
  0
APPID
  5
15
330
2F
100
AcDbSymbolTableRecord
100
AcDbRegAppTableRecord
  2
ACAD_PSEXT
 70
     0
  0
APPID
  5
3D
330
2F
100
AcDbSymbolTableRecord
100
AcDbRegAppTableRecord
  2
ACAD_DSTYLE_DIMBREAK
 70
     0
  0
APPID
  5
B0
330
2F
100
AcDbSymbolTableRecord
100
AcDbRegAppTableRecord
  2
ACADANNOTATIVE
 70
     0
  0
APPID
  5
8CB
330
2F
100
AcDbSymbolTableRecord
100
AcDbRegAppTableRecord
  2
ACADANNOTATIVEDECOMPOSITIO
 70
     0
  0
APPID
  5
997
330
2F
100
AcDbSymbolTableRecord
100
AcDbRegAppTableRecord
  2
ACAD_MLEADERVER
 70
     0
  0
ENDTAB
  0
TABLE
  2
DIMSTYLE
  5
30
330
0
100
AcDbSymbolTable
 70
     2
  0
DIMSTYLE
105
40
330
30
100
AcDbSymbolTableRecord
100
AcDbDimStyleTableRecord
  2
3IN
 70
     0
  3

  4

  5
OBLIQUE
  6

  7

 40
1.0
 41
2.0
 42
1.0
 43
2.0
 44
1.0
 45
0.5
 46
2.0
 47
0.0
 48
0.0
140
3.5
141
6.0
142
0.0
143
25.4
144
1.0
145
0.0
146
0.75
147
1.5
 71
     0
 72
     0
 73
     0
 74
     0
 75
     0
 76
     0
 77
     0
 78
    12
170
     0
171
     2
172
     1
173
     0
174
     1
175
     0
176
     7
177
     7
178
   256
270
     4
271
     3
272
     3
273
     2
274
     2
340
41
275
     0
280
     0
281
     0
282
     0
283
     1
284
     0
285
     0
286
     0
287
     3
288
     0
1001
ACAD_DSTYLE_DIMJAG
1070
   388
1040
1.5
1001
ACAD_DSTYLE_DIMTALN
1070
   392
1070
     0
  0
DIMSTYLE
105
31
102
{ACAD_REACTORS
330
770
330
782
330
790
330
79E
330
7AC
330
7D6
330
7E4
102
}
330
30
100
AcDbSymbolTableRecord
100
AcDbDimStyleTableRecord
  2
SCALE_75
 70
     0
  3

  4

  5
OBLIQUE
  6

  7

 40
1.0
 41
2.0
 42
0.0
 43
0.0
 44
1.0
 45
0.0
 46
0.0
 47
0.0
 48
0.0
140
4.0
141
-3.0
142
0.0
143
25.4
144
1.0
145
0.0
146
0.5
147
0.5
 71
     0
 72
     0
 73
     0
 74
     0
 75
     0
 76
     0
 77
     0
 78
     3
170
     0
171
     2
172
     1
173
     0
174
     1
175
     1
176
     7
177
     7
178
   256
270
     4
271
     1
272
     1
273
     2
274
     2
340
32
275
     0
280
     0
281
     0
282
     0
283
     1
284
     0
285
     0
286
     0
287
     3
288
     0
1001
ACAD_DSTYLE_DIMBREAK
1070
   391
1040
0.125
1001
ACAD_DSTYLE_DIMJAG
1070
   388
1040
1.5
1001
ACAD_DSTYLE_DIMTALN
1070
   392
1070
     0
  0
ENDTAB
  0
TABLE
  2
BLOCK_RECORD
  5
1
330
0
100
AcDbSymbolTable
 70
    46
  0
BLOCK_RECORD
  5
2
102
{ACAD_XDICTIONARY
360
3
102
}
330
1
100
AcDbSymbolTableRecord
100
AcDbBlockTableRecord
  2
*MODEL_SPACE
  0
BLOCK_RECORD
  5
16
330
1
100
AcDbSymbolTableRecord
100
AcDbBlockTableRecord
  2
*PAPER_SPACE
  0
BLOCK_RECORD
  5
39
330
1
100
AcDbSymbolTableRecord
100
AcDbBlockTableRecord
  2
_OBLIQUE
  0
BLOCK_RECORD
  5
33
330
1
100
AcDbSymbolTableRecord
100
AcDbBlockTableRecord
  2
_OPEN90
  0
BLOCK_RECORD
  5
172
330
1
100
AcDbSymbolTableRecord
100
AcDbBlockTableRecord
  2
HANDLE_
1001
ACDBDYNAMICBLOCKGUID
1000
{ADAD524C-2935-47F0-B736-824E589A49B7}
1001
ACDBBLOCKREPETAG
1070
     1
1071
       26
  0
BLOCK_RECORD
  5
16A
330
1
100
AcDbSymbolTableRecord
100
AcDbBlockTableRecord
  2
D3'
1001
ACDBBLOCKREPETAG
1070
     1
1071
       42
1001
ACDBDYNAMICBLOCKGUID
1000
{1BFD602A-DCF5-4B41-839B-C94143028DE3}
  0
BLOCK_RECORD
  5
28B
330
1
100
AcDbSymbolTableRecord
100
AcDbBlockTableRecord
  2
A$C65C017E6
1001
ACDBBLOCKREPETAG
1070
     1
1071
       12
1001
ACDBDYNAMICBLOCKGUID
1000
{77874C05-28D5-4509-8B26-5D2087A6D28A}
  0
BLOCK_RECORD
  5
1BE
330
1
100
AcDbSymbolTableRecord
100
AcDbBlockTableRecord
  2
RANGE-OVEN_-_30_IN_TOP
1001
ACDBDYNAMICBLOCKGUID
1000
{4742F320-AA90-4188-8204-E824C2751AA9}
1001
ACAD
1000
DesignCenter Data
1002
{
1070
     1
1070
     1
1002
}
  0
BLOCK_RECORD
  5
221
102
{ACAD_XDICTIONARY
360
222
102
}
330
1
100
AcDbSymbolTableRecord
100
AcDbBlockTableRecord
  2
W_C
1001
ACDBDYNAMICBLOCKGUID
1000
{2CB3526C-66C3-8C4F-90BA-0A9BBD8CA9B4}
1001
ACAD
1000
DesignCenter Data
1002
{
1070
     1
1070
     1
1002
}
  0
BLOCK_RECORD
  5
2DC
330
1
100
AcDbSymbolTableRecord
100
AcDbBlockTableRecord
  2
RGFGFFJHNGF
1001
ACDBBLOCKREPETAG
1070
     1
1071
        5
1001
ACDBDYNAMICBLOCKGUID
1000
{4AE8221A-7614-2644-B6FD-F7B0B1F6C86C}
1001
ACAD
1000
DesignCenter Data
1002
{
1070
     1
1070
     1
1002
}
  0
BLOCK_RECORD
  5
2E7
102
{ACAD_XDICTIONARY
360
94D
102
}
330
1
100
AcDbSymbolTableRecord
100
AcDbBlockTableRecord
  2
SDFCDFC
1001
ACDBDYNAMICBLOCKGUID
1000
{A5B6772F-26CD-0C47-9C37-0BA686A7704E}
1001
ACAD
1000
DesignCenter Data
1002
{
1070
     1
1070
     1
1002
}
  0
BLOCK_RECORD
  5
92
330
1
100
AcDbSymbolTableRecord
100
AcDbBlockTableRecord
  2
54TRGF
1001
ACDBDYNAMICBLOCKGUID
1000
{1E887DD0-1548-1348-AB49-01332BB056CB}
1001
ACAD
1000
DesignCenter Data
1002
{
1070
     1
1070
     4
1002
}
  0
BLOCK_RECORD
  5
1E5
330
1
100
AcDbSymbolTableRecord
100
AcDbBlockTableRecord
  2
TABLE-30
  0
BLOCK_RECORD
  5
300
102
{ACAD_XDICTIONARY
360
301
102
}
330
1
100
AcDbSymbolTableRecord
100
AcDbBlockTableRecord
  2
WASTE
1001
ACDBDYNAMICBLOCKGUID
1000
{DBAA15C7-3E48-4220-9822-7B21207F26DC}
1001
ACDBBLOCKREPETAG
1070
     1
1071
        5
  0
BLOCK_RECORD
  5
30C
102
{ACAD_XDICTIONARY
360
30D
102
}
330
1
100
AcDbSymbolTableRecord
100
AcDbBlockTableRecord
  2
R_W_P
1001
ACDBDYNAMICBLOCKGUID
1000
{A445F5E0-A537-4515-814C-F4B26A2B32B7}
1001
ACDBBLOCKREPETAG
1070
     1
1071
        3
1001
ACAD
1000
DesignCenter Data
1002
{
1070
     1
1070
     1
1002
}
  0
BLOCK_RECORD
  5
2CD
102
{ACAD_XDICTIONARY
360
2CE
102
}
330
1
100
AcDbSymbolTableRecord
100
AcDbBlockTableRecord
  2
RF
1001
ACDBDYNAMICBLOCKGUID
1000
{80FE83A6-2B67-174D-9AD0-6A67935CD236}
1001
ACAD
1000
DesignCenter Data
1002
{
1070
     1
1070
     1
1002
}
  0
BLOCK_RECORD
  5
2F4
102
{ACAD_XDICTIONARY
360
956
102
}
330
1
100
AcDbSymbolTableRecord
100
AcDbBlockTableRecord
  2
YTRYETY
1001
ACAD
1000
DesignCenter Data
1002
{
1070
     1
1070
     1
1002
}
  0
BLOCK_RECORD
  5
143
330
1
100
AcDbSymbolTableRecord
100
AcDbBlockTableRecord
  2
WERTUYO
1001
ACDBDYNAMICBLOCKGUID
1000
{48BDF258-B3B1-49B1-9B28-5A720DFFDD47}
1001
ACAD
1000
DesignCenter Data
1002
{
1070
     1
1070
     1
1002
}
  0
BLOCK_RECORD
  5
268
330
1
100
AcDbSymbolTableRecord
100
AcDbBlockTableRecord
  2
WFA
1001
ACAD
1000
DesignCenter Data
1002
{
1070
     1
1070
     1
1002
}
  0
BLOCK_RECORD
  5
21B
330
1
100
AcDbSymbolTableRecord
100
AcDbBlockTableRecord
  2
WTRWF
1001
ACDBDYNAMICBLOCKGUID
1000
{1BA3D2BC-F6BD-DC44-891E-32590A3A72BB}
1001
ACAD
1000
DesignCenter Data
1002
{
1070
     1
1070
     1
1002
}
  0
BLOCK_RECORD
  5
2A6
102
{ACAD_XDICTIONARY
360
2A7
102
}
330
1
100
AcDbSymbolTableRecord
100
AcDbBlockTableRecord
  2
A$C65647B64
1001
ACDBDYNAMICBLOCKGUID
1000
{C4FF2C29-352F-164D-A323-7EF32EA6DE55}
1001
ACAD
1000
DesignCenter Data
1002
{
1070
     1
1070
     1
1002
}
  0
BLOCK_RECORD
  5
F1
102
{ACAD_XDICTIONARY
360
F2
102
}
330
1
100
AcDbSymbolTableRecord
100
AcDbBlockTableRecord
  2
A$C5E3C4737
1001
ACAD
1000
DesignCenter Data
1002
{
1070
     1
1070
     1
1002
}
  0
BLOCK_RECORD
  5
707
102
{ACAD_XDICTIONARY
360
708
102
}
330
1
100
AcDbSymbolTableRecord
100
AcDbBlockTableRecord
  2
CF
1001
ACDBBLOCKREPETAG
1070
     1
1071
        9
1001
ACDBDYNAMICBLOCKGUID
1000
{9E4EFBFB-252D-7047-8DAE-204B7853D222}
1001
ACAD
1000
DesignCenter Data
1002
{
1070
     1
1070
     1
1002
}
  0
BLOCK_RECORD
  5
478
102
{ACAD_XDICTIONARY
360
479
102
}
330
1
100
AcDbSymbolTableRecord
100
AcDbBlockTableRecord
  2
CONCEALED_LIGHTS
1001
ACDBDYNAMICBLOCKGUID
1000
{6E503638-50F6-41A8-95D0-3BF6915595C0}
1001
ACAD
1000
DesignCenter Data
1002
{
1070
     1
1070
     1
1002
}
  0
BLOCK_RECORD
  5
871
330
1
100
AcDbSymbolTableRecord
100
AcDbBlockTableRecord
  2
DL_LIONEAR
1001
ACAD
1000
DesignCenter Data
1002
{
1070
     1
1070
     1
1002
}
  0
BLOCK_RECORD
  5
86C
102
{ACAD_XDICTIONARY
360
95D
102
}
330
1
100
AcDbSymbolTableRecord
100
AcDbBlockTableRecord
  2
FGVDFV
1001
ACAD
1000
DesignCenter Data
1002
{
1070
     1
1070
     1
1002
}
  0
BLOCK_RECORD
  5
75C
102
{ACAD_XDICTIONARY
360
960
102
}
330
1
100
AcDbSymbolTableRecord
100
AcDbBlockTableRecord
  2
GH
1001
ACAD
1000
DesignCenter Data
1002
{
1070
     1
1070
     1
1002
}
  0
BLOCK_RECORD
  5
73C
330
1
100
AcDbSymbolTableRecord
100
AcDbBlockTableRecord
  2
F_VC_X
1001
ACAD
1000
DesignCenter Data
1002
{
1070
     1
1070
     1
1002
}
  0
BLOCK_RECORD
  5
865
330
1
100
AcDbSymbolTableRecord
100
AcDbBlockTableRecord
  2
V_VBVBV_VCNVBN
1001
ACAD
1000
DesignCenter Data
1002
{
1070
     1
1070
     1
1002
}
  0
BLOCK_RECORD
  5
766
102
{ACAD_XDICTIONARY
360
963
102
}
330
1
100
AcDbSymbolTableRecord
100
AcDbBlockTableRecord
  2
RGTRGH
1001
ACAD
1000
DesignCenter Data
1002
{
1070
     1
1070
     1
1002
}
  0
BLOCK_RECORD
  5
6F7
102
{ACAD_XDICTIONARY
360
966
102
}
330
1
100
AcDbSymbolTableRecord
100
AcDbBlockTableRecord
  2
TRTHTRH
1001
ACAD
1000
DesignCenter Data
1002
{
1070
     1
1070
     1
1002
}
  0
BLOCK_RECORD
  5
112
102
{ACAD_XDICTIONARY
360
113
102
}
330
1
100
AcDbSymbolTableRecord
100
AcDbBlockTableRecord
  2
HH
1001
ACDBDYNAMICBLOCKGUID
1000
{FE2E1A33-4B17-9B43-8AC4-91BF58B8699F}
1001
ACAD
1000
DesignCenter Data
1002
{
1070
     1
1070
     1
1002
}
  0
BLOCK_RECORD
  5
4B7
102
{ACAD_XDICTIONARY
360
4B8
102
}
330
1
100
AcDbSymbolTableRecord
100
AcDbBlockTableRecord
  2
KT
1001
ACDBBLOCKREPETAG
1070
     1
1071
       50
1001
ACDBDYNAMICBLOCKGUID
1000
{ABCE1DA6-1382-45FE-B694-F116280624EE}
1001
ACAD
1000
DesignCenter Data
1002
{
1070
     1
1070
     1
1002
}
  0
BLOCK_RECORD
  5
46B
102
{ACAD_XDICTIONARY
360
977
102
}
330
1
100
AcDbSymbolTableRecord
100
AcDbBlockTableRecord
  2
SUSPENDED_LIGHTS
1001
ACAD
1000
DesignCenter Data
1002
{
1070
     1
1070
     1
1002
}
  0
BLOCK_RECORD
  5
482
102
{ACAD_XDICTIONARY
360
97A
102
}
330
1
100
AcDbSymbolTableRecord
100
AcDbBlockTableRecord
  2
FAN
1001
ACDBDYNAMICBLOCKGUID
1000
{9709FA39-4A88-4555-AB54-3BCBEA7ADDDC}
1001
ACAD
1000
DesignCenter Data
1002
{
1070
     1
1070
     1
1002
}
  0
BLOCK_RECORD
  5
498
102
{ACAD_XDICTIONARY
360
97D
102
}
330
1
100
AcDbSymbolTableRecord
100
AcDbBlockTableRecord
  2
HTHH
1001
ACAD
1000
DesignCenter Data
1002
{
1070
     1
1070
     1
1002
}
  0
BLOCK_RECORD
  5
4A1
102
{ACAD_XDICTIONARY
360
980
102
}
330
1
100
AcDbSymbolTableRecord
100
AcDbBlockTableRecord
  2
RETT5T5
1001
ACAD
1000
DesignCenter Data
1002
{
1070
     1
1070
     1
1002
}
  0
BLOCK_RECORD
  5
4A9
102
{ACAD_XDICTIONARY
360
983
102
}
330
1
100
AcDbSymbolTableRecord
100
AcDbBlockTableRecord
  2
HTRHTRH
1001
ACAD
1000
DesignCenter Data
1002
{
1070
     1
1070
     1
1002
}
  0
BLOCK_RECORD
  5
56B
102
{ACAD_XDICTIONARY
360
986
102
}
330
1
100
AcDbSymbolTableRecord
100
AcDbBlockTableRecord
  2
IUGUR6R
1001
ACAD
1000
DesignCenter Data
1002
{
1070
     1
1070
     1
1002
}
  0
BLOCK_RECORD
  5
4F7
102
{ACAD_XDICTIONARY
360
4F8
102
}
330
1
100
AcDbSymbolTableRecord
100
AcDbBlockTableRecord
  2
GTGT
1001
ACDBDYNAMICBLOCKGUID
1000
{2892E544-CB59-BA4D-B525-ED8C07648C25}
1001
ACAD
1000
DesignCenter Data
1002
{
1070
     1
1070
     1
1002
}
  0
BLOCK_RECORD
  5
7FA
102
{ACAD_XDICTIONARY
360
7FB
102
}
330
1
100
AcDbSymbolTableRecord
100
AcDbBlockTableRecord
  2
THRTHTY
1001
ACDBDYNAMICBLOCKGUID
1000
{26191F80-26A7-1E41-B509-30CA724BE4C7}
1001
ACAD
1000
DesignCenter Data
1002
{
1070
     1
1070
     1
1002
}
  0
BLOCK_RECORD
  5
783
330
1
100
AcDbSymbolTableRecord
100
AcDbBlockTableRecord
  2
*D39
  0
BLOCK_RECORD
  5
791
330
1
100
AcDbSymbolTableRecord
100
AcDbBlockTableRecord
  2
*D40
  0
BLOCK_RECORD
  5
79F
330
1
100
AcDbSymbolTableRecord
100
AcDbBlockTableRecord
  2
*D41
  0
BLOCK_RECORD
  5
7AD
330
1
100
AcDbSymbolTableRecord
100
AcDbBlockTableRecord
  2
*D42
  0
BLOCK_RECORD
  5
7D7
330
1
100
AcDbSymbolTableRecord
100
AcDbBlockTableRecord
  2
*D43
  0
BLOCK_RECORD
  5
773
330
1
100
AcDbSymbolTableRecord
100
AcDbBlockTableRecord
  2
*D44
  0
BLOCK_RECORD
  5
7E7
330
1
100
AcDbSymbolTableRecord
100
AcDbBlockTableRecord
  2
*D45
  0
ENDTAB
  0
ENDSEC
  0
SECTION
  2
BLOCKS
  0
BLOCK
  5
5
330
2
100
AcDbEntity
  8
0
100
AcDbBlockBegin
  2
*MODEL_SPACE
 70
     0
 10
0.0
 20
0.0
 30
0.0
  3
*MODEL_SPACE
  1

  0
ENDBLK
  5
11
330
2
100
AcDbEntity
  8
0
100
AcDbBlockEnd
  0
BLOCK
  5
17
330
16
100
AcDbEntity
 67
     1
  8
0
100
AcDbBlockBegin
  2
*PAPER_SPACE
 70
     0
 10
0.0
 20
0.0
 30
0.0
  3
*PAPER_SPACE
  1

  0
ENDBLK
  5
18
330
16
100
AcDbEntity
 67
     1
  8
0
100
AcDbBlockEnd
  0
BLOCK
  5
3A
330
39
100
AcDbEntity
  8
0
 48
20.0
100
AcDbBlockBegin
  2
_OBLIQUE
 70
     0
 10
0.0
 20
0.0
 30
0.0
  3
_OBLIQUE
  1

  0
LINE
  5
3B
330
39
100
AcDbEntity
  8
0
  6
BYBLOCK
 62
     0
100
AcDbLine
 10
-0.5
 20
-0.5
 30
0.0
 11
0.5
 21
0.5
 31
0.0
  0
ENDBLK
  5
3C
330
39
100
AcDbEntity
  8
0
 48
20.0
100
AcDbBlockEnd
  0
BLOCK
  5
34
330
33
100
AcDbEntity
  8
0
 62
   254
 48
20.0
100
AcDbBlockBegin
  2
_OPEN90
 70
     0
 10
0.0
 20
0.0
 30
0.0
  3
_OPEN90
  1

  0
LINE
  5
35
330
33
100
AcDbEntity
  8
0
  6
BYBLOCK
 62
     0
100
AcDbLine
 10
-0.5
 20
0.5
 30
0.0
 11
0.0
 21
0.0
 31
0.0
  0
LINE
  5
36
330
33
100
AcDbEntity
  8
0
  6
BYBLOCK
 62
     0
100
AcDbLine
 10
0.0
 20
0.0
 30
0.0
 11
-0.5
 21
-0.5
 31
0.0
  0
LINE
  5
37
330
33
100
AcDbEntity
  8
0
  6
BYBLOCK
 62
     0
100
AcDbLine
 10
0.0
 20
0.0
 30
0.0
 11
-1.0
 21
0.0
 31
0.0
  0
ENDBLK
  5
38
330
33
100
AcDbEntity
  8
0
 62
   254
 48
20.0
100
AcDbBlockEnd
  0
BLOCK
  5
174
330
172
100
AcDbEntity
  8
0
100
AcDbBlockBegin
  2
HANDLE_
 70
     0
 10
0.0
 20
0.0
 30
0.0
  3
HANDLE_
  1

  0
LINE
  5
175
330
172
100
AcDbEntity
  8
0
 62
    25
100
AcDbLine
 10
-0.7500000000004547
 20
-0.0000000000109139
 30
0.0
 11
0.7500000000004547
 21
0.0000000000109139
 31
0.0
1001
ACDBBLOCKREPETAG
1070
     1
1071
        0
1005
175
  0
LINE
  5
176
330
172
100
AcDbEntity
  8
0
 62
    25
100
AcDbLine
 10
-0.2933930870608492
 20
-0.1524663399978863
 30
0.0
 11
0.2933930870653967
 21
-0.1524663399978863
 31
0.0
1001
ACDBBLOCKREPETAG
1070
     1
1071
        1
1005
176
  0
LINE
  5
177
330
172
100
AcDbEntity
  8
0
 62
    25
100
AcDbLine
 10
-0.31193088684131
 20
-0.1339285402199266
 30
0.0
 11
-0.3119308868422195
 21
-0.1250000000121645
 31
0.0
1001
ACDBBLOCKREPETAG
1070
     1
1071
        2
1005
177
  0
ARC
  5
178
330
172
100
AcDbEntity
  8
0
 62
    25
100
AcDbCircle
 10
-0.2933930870608492
 20
-0.1339285402175392
 30
0.0
 40
0.0185377997804608
100
AcDbArc
 50
180.0000000073801
 51
270.0
1001
ACDBBLOCKREPETAG
1070
     1
1071
        3
1005
178
  0
ARC
  5
179
330
172
100
AcDbEntity
  8
0
 62
    25
100
AcDbCircle
 10
0.2933930870653967
 20
-0.1339285402175392
 30
0.0
 40
0.0185377997804608
100
AcDbArc
 50
270.0
 51
359.9999999926198
1001
ACDBBLOCKREPETAG
1070
     1
1071
        4
1005
179
  0
LINE
  5
17A
330
172
100
AcDbEntity
  8
0
 62
    25
100
AcDbLine
 10
0.3119308868458575
 20
-0.1339285402199266
 30
0.0
 11
0.3119308868467669
 21
-0.1250000000121645
 31
0.0
1001
ACDBBLOCKREPETAG
1070
     1
1071
        5
1005
17A
  0
LINE
  5
17B
330
172
100
AcDbEntity
  8
0
 62
    25
100
AcDbLine
 10
0.7500000000022738
 20
-0.1250000000121645
 30
0.0
 11
0.7500000000004547
 21
-0.0000000000120508
 31
0.0
1001
ACDBBLOCKREPETAG
1070
     1
1071
        6
1005
17B
  0
LINE
  5
17C
330
172
100
AcDbEntity
  8
0
 62
    25
100
AcDbLine
 10
-0.7499999999977263
 20
-0.1250000000121645
 30
0.0
 11
-0.7500000000004547
 21
-0.0000000000120508
 31
0.0
1001
ACDBBLOCKREPETAG
1070
     1
1071
        7
1005
17C
  0
LINE
  5
17D
330
172
100
AcDbEntity
  8
0
 62
    25
100
AcDbLine
 10
-0.7499999999977263
 20
-0.1250000000121645
 30
0.0
 11
0.7500000000022738
 21
-0.1250000000121645
 31
0.0
1001
ACDBBLOCKREPETAG
1070
     1
1071
        8
1005
17D
  0
LINE
  5
17E
330
172
100
AcDbEntity
  8
0
 62
    25
100
AcDbLine
 10
-0.2499999999977263
 20
-0.9024663399977724
 30
0.0
 11
0.2500000000022737
 21
-0.9024663399977724
 31
0.0
1001
ACDBBLOCKREPETAG
1070
     1
1071
        9
1005
17E
  0
ARC
  5
17F
330
172
100
AcDbEntity
  8
0
 62
    25
100
AcDbCircle
 10
0.2500000000013642
 20
-0.9556787557762618
 30
0.0
 40
0.0532124157783414
100
AcDbArc
 50
0.0000000048983595
 51
90.0
1001
ACDBBLOCKREPETAG
1070
     1
1071
       10
1005
17F
  0
ARC
  5
180
330
172
100
AcDbEntity
  8
0
 62
    25
100
AcDbCircle
 10
-0.2499999999986358
 20
-0.9556787557762618
 30
0.0
 40
0.0532124157783414
100
AcDbArc
 50
90.0
 51
179.9999999951015
1001
ACDBBLOCKREPETAG
1070
     1
1071
       11
1005
180
  0
LINE
  5
181
330
172
100
AcDbEntity
  8
0
 62
    25
100
AcDbLine
 10
0.3032124157793987
 20
-0.9556787557717143
 30
0.0
 11
-0.3032124157766702
 21
-0.9556787557717143
 31
0.0
1001
ACDBBLOCKREPETAG
1070
     1
1071
       12
1005
181
  0
LINE
  5
182
330
172
100
AcDbEntity
  8
0
 62
    25
100
AcDbLine
 10
0.2500000000013642
 20
-0.902466339997886
 30
0.0
 11
0.2500000000013642
 21
-0.1524663399977726
 31
0.0
1001
ACDBBLOCKREPETAG
1070
     1
1071
       13
1005
182
  0
LINE
  5
183
330
172
100
AcDbEntity
  8
0
 62
    25
100
AcDbLine
 10
-0.2499999999986358
 20
-0.902466339997886
 30
0.0
 11
-0.2499999999986358
 21
-0.1524663399978863
 31
0.0
1001
ACDBBLOCKREPETAG
1070
     1
1071
       14
1005
183
  0
LINE
  5
184
330
172
100
AcDbEntity
  8
0
 62
    25
100
AcDbLine
 10
0.3032124157793987
 20
-0.9556787557717143
 30
0.0
 11
0.3426731880731495
 21
-0.95135046825294
 31
0.0
1001
ACDBBLOCKREPETAG
1070
     1
1071
       15
1005
184
  0
LINE
  5
185
330
172
100
AcDbEntity
  8
0
 62
    25
100
AcDbLine
 10
0.6463932587589625
 20
-1.053500312676419
 30
0.0
 11
0.646393258758053
 21
-1.234952984337382
 31
0.0
1001
ACDBBLOCKREPETAG
1070
     1
1071
       16
1005
185
  0
SPLINE
  5
186
330
172
100
AcDbEntity
  8
0
 62
    25
100
AcDbSpline
210
0.0
220
0.0
230
1.0
 70
     8
 71
     3
 72
    11
 73
     7
 74
     0
 42
0.000000001
 43
0.0000000001
 40
0.06465077938968
 40
0.06465077938968
 40
0.06465077938968
 40
0.06465077938968
 40
0.4505205632379475
 40
1.832325763560979
 40
2.246212023165044
 40
2.271789688375158
 40
2.271789688375158
 40
2.271789688375158
 40
2.271789688375158
 10
0.5804156764365871
 20
-1.311087178844559
 30
0.0
 10
0.2404666102843294
 20
-1.359928414367117
 30
0.0
 10
-0.5324436510968554
 20
-1.500316170596986
 30
0.0
 10
-2.807718213423413
 20
-1.583981610057549
 30
0.0
 10
-3.622089301655705
 20
-1.037196674035044
 30
0.0
 10
-3.779623931885451
 20
-1.010556217176142
 30
0.0
 10
-3.788686179886553
 20
-1.009293665094332
 30
0.0
1001
ACDBBLOCKREPETAG
1070
     1
1071
       17
1005
186
  0
SPLINE
  5
187
330
172
100
AcDbEntity
  8
0
 62
    25
100
AcDbSpline
210
0.0
220
0.0
230
1.0
 70
     8
 71
     3
 72
    22
 73
    18
 74
     0
 42
0.000000001
 43
0.0000000001
 40
0.6671451956050121
 40
0.6671451956050121
 40
0.6671451956050121
 40
0.6671451956050121
 40
0.6810983110480155
 40
0.6810983110480155
 40
1.004570596250969
 40
1.004570596250969
 40
1.651515166656878
 40
1.651515166656878
 40
1.812419402126525
 40
1.812419402126525
 40
1.988170690984935
 40
1.988170690984935
 40
2.163921979843344
 40
2.163921979843344
 40
2.251194067272754
 40
2.251194067272754
 40
2.323653162038147
 40
2.323653162038147
 40
2.323653162038147
 40
2.323653162038147
 10
-0.6035313947181749
 20
-1.067991453448598
 30
0.0
 10
-0.6098302535333461
 20
-1.068714258614932
 30
0.0
 10
-0.6161585194799954
 20
-1.069431592586282
 30
0.0
 10
-0.7698983168706947
 20
-1.08664164307754
 30
0.0
 10
-0.9305572701600792
 20
-1.099817278792102
 30
0.0
 10
-2.418423520624401
 20
-1.120246660228416
 30
0.0
 10
-2.754086384392849
 20
-1.10592491586908
 30
0.0
 10
-3.055444082143821
 20
-1.039428431763212
 30
0.0
 10
-3.109407603767521
 20
-1.023997047075339
 30
0.0
 10
-3.205341281711751
 20
-0.9890947827407216
 30
0.0
 10
-3.252207411322614
 20
-0.9665128117130732
 30
0.0
 10
-3.367705836836193
 20
-0.9102795760228444
 30
0.0
 10
-3.434128194658569
 20
-0.8767955881079386
 30
0.0
 10
-3.560049150617032
 20
-0.8354699217416055
 30
0.0
 10
-3.607370699731744
 20
-0.8233649423218594
 30
0.0
 10
-3.697280721912193
 20
-0.8102639610380036
 30
0.0
 10
-3.733476652535956
 20
-0.8081261451404771
 30
0.0
 10
-3.765004116617547
 20
-0.8071625141921002
 30
0.0
1001
ACDBBLOCKREPETAG
1070
     1
1071
       18
1005
187
  0
ARC
  5
188
330
172
100
AcDbEntity
  8
0
 62
    25
100
AcDbCircle
 10
-0.3009289805590924
 20
-1.419460461631159
 30
0.0
 40
0.4637873270867705
100
AcDbArc
 50
90.28209423090686
 51
130.7272898885489
1001
ACDBBLOCKREPETAG
1070
     1
1071
       19
1005
188
  0
ARC
  5
189
330
172
100
AcDbEntity
  8
0
 62
    25
100
AcDbCircle
 10
0.415379954731634
 20
-1.423615301906123
 30
0.0
 40
0.477828784213676
100
AcDbArc
 50
67.39559944381442
 51
98.75216363580843
1001
ACDBBLOCKREPETAG
1070
     1
1071
       20
1005
189
  0
ARC
  5
18A
330
172
100
AcDbEntity
  8
0
 62
    25
100
AcDbCircle
 10
0.5694773080263076
 20
-1.234952984337155
 30
0.0
 40
0.0769159507294752
100
AcDbArc
 50
278.1758633467022
 51
359.9999999994072
1001
ACDBBLOCKREPETAG
1070
     1
1071
       21
1005
18A
  0
ARC
  5
18B
330
172
100
AcDbEntity
  8
0
 62
    25
100
AcDbCircle
 10
0.5694773080290361
 20
-1.053500312676192
 30
0.0
 40
0.0769159507294752
100
AcDbArc
 50
359.9999999998307
 51
67.39559944375627
1001
ACDBBLOCKREPETAG
1070
     1
1071
       22
1005
18B
  0
ARC
  5
18C
330
172
100
AcDbEntity
  8
0
 62
    25
100
AcDbCircle
 10
-3.778072760740997
 20
-0.9331134917514416
 30
0.0
 40
0.0769159507294752
100
AcDbArc
 50
167.6781249051478
 51
262.0686072607006
1001
ACDBBLOCKREPETAG
1070
     1
1071
       23
1005
18C
  0
ARC
  5
18D
330
172
100
AcDbEntity
  8
0
 62
    25
100
AcDbCircle
 10
-3.767353940683732
 20
-0.8840425623365034
 30
0.0
 40
0.0769159507294752
100
AcDbArc
 50
88.24931041742155
 51
167.6781249085744
1001
ACDBBLOCKREPETAG
1070
     1
1071
       24
1005
18D
  0
LINE
  5
18E
330
172
100
AcDbEntity
  8
0
 62
    25
100
AcDbLine
 10
-3.842498068636357
 20
-0.8676284369915948
 30
0.0
 11
-3.853216888692712
 21
-0.9166993664020991
 31
0.0
1001
ACDBBLOCKREPETAG
1070
     1
1071
       25
1005
18E
  0
ENDBLK
  5
18F
330
172
100
AcDbEntity
  8
0
100
AcDbBlockEnd
  0
BLOCK
  5
16C
330
16A
100
AcDbEntity
  8
0
100
AcDbBlockBegin
  2
D3'
 70
     0
 10
0.0
 20
0.0
 30
0.0
  3
D3'
  1

  0
ARC
  5
16D
330
16A
100
AcDbEntity
  8
DOOR
 62
   251
100
AcDbCircle
 10
-2.001500999663903
 20
5.06734061591726
 30
0.0
 40
32.03224678733896
100
AcDbArc
 50
91.32096415422062
 51
180.1204516170646
1001
ACDBBLOCKREPETAG
1070
     1
1071
        0
1005
16D
  0
INSERT
  5
171
330
16A
100
AcDbEntity
  8
DOOR
 62
   251
100
AcDbBlockReference
  2
HANDLE_
 10
-2.114944593400648
 20
35.59107455347919
 30
0.0
 50
90.0
1001
ACDBBLOCKREPETAG
1070
     1
1071
        1
1005
171
  0
LINE
  5
190
330
16A
100
AcDbEntity
  8
DOOR
 62
   251
100
AcDbLine
 10
-3.364944593389736
 20
5.08796792857538
 30
0.0
 11
-3.364944593389736
 21
37.09107455347919
 31
0.0
1001
ACDBBLOCKREPETAG
1070
     1
1071
        2
1005
190
  0
LINE
  5
191
330
16A
100
AcDbEntity
  8
DOOR
 62
   251
100
AcDbLine
 10
-2.114944593389735
 20
5.08796792857538
 30
0.0
 11
-2.114944593389735
 21
37.09107455347919
 31
0.0
1001
ACDBBLOCKREPETAG
1070
     1
1071
        3
1005
191
  0
INSERT
  5
192
330
16A
100
AcDbEntity
  8
DOOR
 62
   251
100
AcDbBlockReference
  2
HANDLE_
 10
3.364944593378821
 20
35.59107455347919
 30
0.0
 43
-1.0
 50
90.0
210
0.0
220
0.0
230
-1.0
1001
ACDBBLOCKREPETAG
1070
     1
1071
        4
1005
192
  0
ARC
  5
193
330
16A
100
AcDbEntity
  8
DOOR
 62
   251
100
AcDbCircle
 10
-34.03367700265267
 20
0.500000000001819
 30
0.0
 40
0.3618609855343493
100
AcDbArc
 50
269.9999999999479
 51
0.0
1001
ACDBBLOCKREPETAG
1070
     1
1071
        5
1005
193
  0
LINE
  5
194
330
16A
100
AcDbEntity
  8
DOOR
 62
   251
100
AcDbLine
 10
-34.03367700265244
 20
3.500000000003637
 30
0.0
 11
-33.53367700265244
 21
3.500000000001819
 31
0.0
1001
ACDBBLOCKREPETAG
1070
     1
1071
        6
1005
194
  0
LINE
  5
195
330
16A
100
AcDbEntity
  8
DOOR
 62
   251
100
AcDbLine
 10
-36.00000000000046
 20
0.0
 30
0.0
 11
-36.00000000000046
 21
5.000000000001818
 31
0.0
1001
ACDBBLOCKREPETAG
1070
     1
1071
        7
1005
195
  0
LINE
  5
196
330
16A
100
AcDbEntity
  8
DOOR
 62
   251
100
AcDbLine
 10
-36.00000000000091
 20
4.750000000000909
 30
0.0
 11
-36.0
 21
0.2500000000009095
 31
0.0
1001
ACDBBLOCKREPETAG
1070
     1
1071
        8
1005
196
  0
LINE
  5
197
330
16A
100
AcDbEntity
  8
DOOR
 62
   251
100
AcDbLine
 10
-36.00000000000091
 20
4.750000000000909
 30
0.0
 11
-36.0
 21
0.2500000000009095
 31
0.0
1001
ACDBBLOCKREPETAG
1070
     1
1071
        9
1005
197
  0
LINE
  5
198
330
16A
100
AcDbEntity
  8
DOOR
 62
   251
100
AcDbLine
 10
-36.00000000000046
 20
0.2500000000009095
 30
0.0
 11
-36.00000000000046
 21
4.750000000000909
 31
0.0
1001
ACDBBLOCKREPETAG
1070
     1
1071
       10
1005
198
  0
LINE
  5
199
330
16A
100
AcDbEntity
  8
DOOR
 62
   251
100
AcDbLine
 10
-34.03367700265244
 20
0.1381389938869688
 30
0.0
 11
-34.03367700265244
 21
0.000000000001819
 31
0.0
1001
ACDBBLOCKREPETAG
1070
     1
1071
       11
1005
199
  0
LINE
  5
19A
330
16A
100
AcDbEntity
  8
DOOR
 62
   251
100
AcDbLine
 10
-34.03367700265244
 20
0.000000000001819
 30
0.0
 11
-36.00000000000046
 21
0.0
 31
0.0
1001
ACDBBLOCKREPETAG
1070
     1
1071
       12
1005
19A
  0
LINE
  5
19B
330
16A
100
AcDbEntity
  8
DOOR
 62
   251
100
AcDbLine
 10
-34.03367700265244
 20
5.000000000001818
 30
0.0
 11
-34.03367700265244
 21
3.500000000001819
 31
0.0
1001
ACDBBLOCKREPETAG
1070
     1
1071
       13
1005
19B
  0
LINE
  5
19C
330
16A
100
AcDbEntity
  8
DOOR
 62
   251
100
AcDbLine
 10
-34.03367700265244
 20
5.000000000001818
 30
0.0
 11
-35.99999999999955
 21
5.000000000001818
 31
0.0
1001
ACDBBLOCKREPETAG
1070
     1
1071
       14
1005
19C
  0
LINE
  5
19D
330
16A
100
AcDbEntity
  8
DOOR
 62
   251
100
AcDbLine
 10
-35.5
 20
5.000000000001818
 30
0.0
 11
-35.5
 21
5.000000000001818
 31
0.0
1001
ACDBBLOCKREPETAG
1070
     1
1071
       15
1005
19D
  0
LINE
  5
19E
330
16A
100
AcDbEntity
  8
DOOR
 62
   251
100
AcDbLine
 10
-33.53367700265244
 20
3.500000000003637
 30
0.0
 11
-33.53367700265244
 21
0.500000000003638
 31
0.0
1001
ACDBBLOCKREPETAG
1070
     1
1071
       16
1005
19E
  0
LINE
  5
19F
330
16A
100
AcDbEntity
  8
DOOR
 62
   251
100
AcDbLine
 10
-33.53367700265244
 20
0.500000000001819
 30
0.0
 11
-33.67181599653668
 21
0.500000000001819
 31
0.0
1001
ACDBBLOCKREPETAG
1070
     1
1071
       17
1005
19F
  0
LINE
  5
1A0
330
16A
100
AcDbEntity
  8
DOOR
 62
   251
100
AcDbLine
 10
-2.033677002652438
 20
3.500000000003637
 30
0.0
 11
-2.533677002652437
 21
3.500000000001819
 31
0.0
1001
ACDBBLOCKREPETAG
1070
     1
1071
       18
1005
1A0
  0
LINE
  5
1A1
330
16A
100
AcDbEntity
  8
DOOR
 62
   251
100
AcDbLine
 10
-2.033677002652438
 20
5.000000000001818
 30
0.0
 11
-2.033677002652438
 21
3.500000000001819
 31
0.0
1001
ACDBBLOCKREPETAG
1070
     1
1071
       19
1005
1A1
  0
LINE
  5
1A2
330
16A
100
AcDbEntity
  8
DOOR
 62
   251
100
AcDbLine
 10
-2.080378661138638
 20
5.089281034575833
 30
0.0
 11
-2.952244309281923
 21
5.089281034574012
 31
0.0
1001
ACDBBLOCKREPETAG
1070
     1
1071
       20
1005
1A2
  0
LINE
  5
1A3
330
16A
100
AcDbEntity
  8
DOOR
 62
   251
100
AcDbLine
 10
-2.082332696775663
 20
5.073297343291415
 30
0.0
 11
-2.952244309281923
 21
5.073297343289596
 31
0.0
1001
ACDBBLOCKREPETAG
1070
     1
1071
       21
1005
1A3
  0
LINE
  5
1A4
330
16A
100
AcDbEntity
  8
DOOR
 62
   251
100
AcDbLine
 10
-2.952244309281923
 20
5.073297343289596
 30
0.0
 11
-2.952244309281923
 21
5.089281034574012
 31
0.0
1001
ACDBBLOCKREPETAG
1070
     1
1071
       22
1005
1A4
  0
LINE
  5
1A5
330
16A
100
AcDbEntity
  8
DOOR
 62
   251
100
AcDbLine
 10
-2.015983691284418
 20
4.137036725293
 30
0.0
 11
-2.0
 21
4.137036725293
 31
0.0
1001
ACDBBLOCKREPETAG
1070
     1
1071
       23
1005
1A5
  0
LINE
  5
1A6
330
16A
100
AcDbEntity
  8
DOOR
 62
   251
100
AcDbLine
 10
-2.0
 20
5.008902373436285
 30
0.0
 11
-2.0
 21
4.137036725293
 31
0.0
1001
ACDBBLOCKREPETAG
1070
     1
1071
       24
1005
1A6
  0
CIRCLE
  5
1A7
330
16A
100
AcDbEntity
  8
DOOR
 62
   251
100
AcDbCircle
 10
-2.015983691284644
 20
5.073297343291415
 30
0.0
 40
0.0663490054912472
1001
ACDBBLOCKREPETAG
1070
     1
1071
       25
1005
1A7
  0
LINE
  5
1A8
330
16A
100
AcDbEntity
  8
DOOR
 62
   251
100
AcDbLine
 10
-2.015983691284418
 20
5.006948337801077
 30
0.0
 11
-2.015983691284418
 21
4.137036725293
 31
0.0
1001
ACDBBLOCKREPETAG
1070
     1
1071
       26
1005
1A8
  0
LINE
  5
1A9
330
16A
100
AcDbEntity
  8
DOOR
 62
   251
100
AcDbLine
 10
-3.364944593389736
 20
5.08796792857538
 30
0.0
 11
-2.114944593389735
 21
5.087967928577199
 31
0.0
1001
ACDBBLOCKREPETAG
1070
     1
1071
       27
1005
1A9
  0
LINE
  5
1AA
330
16A
100
AcDbEntity
  8
DOOR
 62
   251
100
AcDbLine
 10
-0.75
 20
5.000000000001818
 30
0.0
 11
-0.75
 21
5.000000000001818
 31
0.0
1001
ACDBBLOCKREPETAG
1070
     1
1071
       28
1005
1AA
  0
LINE
  5
1AB
330
16A
100
AcDbEntity
  8
DOOR
 62
   251
100
AcDbLine
 10
-0.75
 20
5.000000000001818
 30
0.0
 11
-0.75
 21
5.000000000001818
 31
0.0
1001
ACDBBLOCKREPETAG
1070
     1
1071
       29
1005
1AB
  0
LINE
  5
1AC
330
16A
100
AcDbEntity
  8
DOOR
 62
   251
100
AcDbLine
 10
-2.000000000000909
 20
5.000000000001818
 30
0.0
 11
0.0
 21
5.000000000001818
 31
0.0
1001
ACDBBLOCKREPETAG
1070
     1
1071
       30
1005
1AC
  0
LINE
  5
1AD
330
16A
100
AcDbEntity
  8
DOOR
 62
   251
100
AcDbLine
 10
-2.033677002652438
 20
0.1381389938869688
 30
0.0
 11
-2.033677002652438
 21
0.000000000001819
 31
0.0
1001
ACDBBLOCKREPETAG
1070
     1
1071
       31
1005
1AD
  0
LINE
  5
1AE
330
16A
100
AcDbEntity
  8
DOOR
 62
   251
100
AcDbLine
 10
-2.533677002652437
 20
0.500000000001819
 30
0.0
 11
-2.395538008768198
 21
0.500000000001819
 31
0.0
1001
ACDBBLOCKREPETAG
1070
     1
1071
       32
1005
1AE
  0
ARC
  5
1AF
330
16A
100
AcDbEntity
  8
DOOR
 62
   251
100
AcDbCircle
 10
-2.033677002652666
 20
0.500000000001819
 30
0.0
 40
0.3618609855343493
100
AcDbArc
 50
180.0
 51
270.0000000000521
1001
ACDBBLOCKREPETAG
1070
     1
1071
       33
1005
1AF
  0
LINE
  5
1B0
330
16A
100
AcDbEntity
  8
DOOR
 62
   251
100
AcDbLine
 10
-2.033677002652438
 20
0.000000000001819
 30
0.0
 11
0.0
 21
0.0
 31
0.0
1001
ACDBBLOCKREPETAG
1070
     1
1071
       34
1005
1B0
  0
LINE
  5
1B1
330
16A
100
AcDbEntity
  8
DOOR
 62
   251
100
AcDbLine
 10
-2.533677002652437
 20
3.500000000003637
 30
0.0
 11
-2.533677002652437
 21
0.500000000003638
 31
0.0
1001
ACDBBLOCKREPETAG
1070
     1
1071
       35
1005
1B1
  0
LINE
  5
1B2
330
16A
100
AcDbEntity
  8
DOOR
 62
   251
100
AcDbLine
 10
-0.0000000000004547
 20
0.2500000000045475
 30
0.0
 11
-0.0000000000004547
 21
4.750000000004545
 31
0.0
1001
ACDBBLOCKREPETAG
1070
     1
1071
       36
1005
1B2
  0
LINE
  5
1B3
330
16A
100
AcDbEntity
  8
DOOR
 62
   251
100
AcDbLine
 10
0.0
 20
0.0
 30
0.0
 11
0.0
 21
5.000000000001818
 31
0.0
1001
ACDBBLOCKREPETAG
1070
     1
1071
       37
1005
1B3
  0
LINE
  5
1B4
330
16A
100
AcDbEntity
  8
DOOR
 62
   251
100
AcDbLine
 10
-0.0000000000009095
 20
4.750000000007275
 30
0.0
 11
0.0
 21
0.250000000007276
 31
0.0
1001
ACDBBLOCKREPETAG
1070
     1
1071
       38
1005
1B4
  0
ARC
  5
1B5
330
16A
100
AcDbEntity
  8
DOOR
 62
   251
100
AcDbCircle
 10
-2.582151463421951
 20
37.09107455348101
 30
0.0
 40
0.3373680109623365
100
AcDbArc
 50
90.0
 51
180.0
1001
ACDBBLOCKREPETAG
1070
     1
1071
       39
1005
1B5
  0
LINE
  5
1B6
330
16A
100
AcDbEntity
  8
DOOR
 62
   251
100
AcDbLine
 10
-2.582151463421723
 20
37.09107455348101
 30
0.0
 11
-2.582151463421723
 21
37.42844256444266
 31
0.0
1001
ACDBBLOCKREPETAG
1070
     1
1071
       40
1005
1B6
  0
LINE
  5
1B7
330
16A
100
AcDbEntity
  8
DOOR
 62
   251
100
AcDbLine
 10
-2.114944593389735
 20
37.09107455348101
 30
0.0
 11
-3.364944593389736
 21
37.09107455348101
 31
0.0
1001
ACDBBLOCKREPETAG
1070
     1
1071
       41
1005
1B7
  0
ENDBLK
  5
1B8
330
16A
100
AcDbEntity
  8
0
100
AcDbBlockEnd
  0
BLOCK
  5
28D
330
28B
100
AcDbEntity
  8
0
100
AcDbBlockBegin
  2
A$C65C017E6
 70
     0
 10
0.0
 20
0.0
 30
0.0
  3
A$C65C017E6
  1

  0
LWPOLYLINE
  5
28E
330
28B
100
AcDbEntity
  8
KITCHEN_SANITRY
100
AcDbPolyline
 90
        8
 70
     1
 43
0.0
 10
3.456368150194975
 20
35.65400183317434
 10
3.456368150194975
 20
35.65400183317434
 10
3.456368150194975
 20
46.34323643303286
 10
3.456368150194975
 20
46.34323643303286
 10
4.464477061041177
 20
46.34323643303286
 10
4.464477061041177
 20
46.34323643303286
 10
4.464477061041177
 20
35.65400183317434
 10
4.464477061041177
 20
35.65400183317434
1001
ACDBBLOCKREPETAG
1070
     1
1071
        0
1005
28E
  0
LWPOLYLINE
  5
28F
330
28B
100
AcDbEntity
  8
KITCHEN_SANITRY
100
AcDbPolyline
 90
        8
 70
     1
 43
0.0
 10
6.336680970531233
 20
35.65400183317434
 10
6.336680970531233
 20
35.65400183317434
 10
6.336680970531233
 20
46.34323643303286
 10
6.336680970531233
 20
46.34323643303286
 10
7.344789881377437
 20
46.34323643303286
 10
7.344789881377437
 20
46.34323643303286
 10
7.344789881377437
 20
35.65400183317434
 10
7.344789881377437
 20
35.65400183317434
1001
ACDBBLOCKREPETAG
1070
     1
1071
        1
1005
28F
  0
LWPOLYLINE
  5
290
330
28B
100
AcDbEntity
  8
KITCHEN_SANITRY
100
AcDbPolyline
 90
        8
 70
     1
 43
0.0
 10
9.216993790863851
 20
35.65400183317434
 10
9.216993790863851
 20
35.65400183317434
 10
9.216993790863851
 20
46.34323643303286
 10
9.216993790863851
 20
46.34323643303286
 10
10.22510270171006
 20
46.34323643303286
 10
10.22510270171006
 20
46.34323643303286
 10
10.22510270171187
 20
35.65400183317434
 10
10.22510270171187
 20
35.65400183317434
1001
ACDBBLOCKREPETAG
1070
     1
1071
        2
1005
290
  0
LWPOLYLINE
  5
291
330
28B
100
AcDbEntity
  8
KITCHEN_SANITRY
100
AcDbPolyline
 90
        8
 70
     1
 43
0.0
 10
12.09730661120011
 20
35.65400183317434
 10
12.09730661120011
 20
35.65400183317434
 10
12.09730661120011
 20
46.34323643303286
 10
12.09730661120011
 20
46.34323643303286
 10
13.10541552204631
 20
46.34323643303286
 10
13.10541552204631
 20
46.34323643303286
 10
13.10541552204631
 20
35.65400183317434
 10
13.10541552204631
 20
35.65400183317434
1001
ACDBBLOCKREPETAG
1070
     1
1071
        3
1005
291
  0
LWPOLYLINE
  5
292
330
28B
100
AcDbEntity
  8
KITCHEN_SANITRY
100
AcDbPolyline
 90
        8
 70
     1
 43
0.0
 10
15.26564981714727
 20
35.65400183317434
 10
15.26564981714727
 20
35.65400183317434
 10
15.26564981714727
 20
46.34323643303286
 10
15.26564981714727
 20
46.34323643303286
 10
16.27375872799348
 20
46.34323643303286
 10
16.27375872799348
 20
46.34323643303286
 10
16.27375872799348
 20
35.65400183317434
 10
16.27375872799348
 20
35.65400183317434
1001
ACDBBLOCKREPETAG
1070
     1
1071
        4
1005
292
  0
LWPOLYLINE
  5
293
330
28B
100
AcDbEntity
  8
KITCHEN_SANITRY
100
AcDbPolyline
 90
        8
 70
     1
 43
0.0
 10
17.29808802173465
 20
-0.0000086335239757
 42
0.4142135623730951
 10
19.29808802173466
 20
1.999991366476024
 10
19.29808802173466
 20
45.99999136647602
 42
0.4142135623730951
 10
17.29808802173465
 20
47.99999136647602
 10
1.99998815562685
 20
47.99999136647602
 42
0.4142135623730951
 10
-0.0000118443731481
 20
45.99999136647602
 10
-0.0000118443731481
 20
1.999991366476024
 42
0.4142135623730951
 10
1.99998815562685
 20
-0.0000086335239757
1001
ACDBBLOCKREPETAG
1070
     1
1071
        5
1005
293
  0
LWPOLYLINE
  5
294
330
28B
100
AcDbEntity
  8
KITCHEN_SANITRY
100
AcDbPolyline
 90
        8
 70
     1
 43
0.0
 10
3.837449339493103
 20
1.656746299920995
 42
-0.4142135623730951
 10
1.837449339493105
 20
3.656746299920995
 10
1.837449339493105
 20
14.99861913310451
 42
-0.4142135623730951
 10
3.837449339493103
 20
16.99861913310451
 10
15.17932217267844
 20
16.99861913310451
 42
-0.4142135623730951
 10
17.17932217267844
 20
14.99861913310451
 10
17.17932217267844
 20
3.656746299920995
 42
-0.4142135623730951
 10
15.17932217267844
 20
1.656746299920995
1001
ACDBBLOCKREPETAG
1070
     1
1071
        6
1005
294
  0
LWPOLYLINE
  5
295
330
28B
100
AcDbEntity
  8
KITCHEN_SANITRY
100
AcDbPolyline
 90
        8
 70
     1
 43
0.0
 10
3.837449339493103
 20
33.99724689973118
 42
0.4142135623730951
 10
1.837449339493105
 20
31.99724689973118
 10
1.837449339493105
 20
20.65537406654767
 42
0.4142135623730951
 10
3.837449339493103
 20
18.65537406654766
 10
15.17932217267844
 20
18.65537406654766
 42
0.4142135623730951
 10
17.17932217267844
 20
20.65537406654767
 10
17.17932217267844
 20
31.99724689973118
 42
0.4142135623730951
 10
15.17932217267844
 20
33.99724689973118
1001
ACDBBLOCKREPETAG
1070
     1
1071
        7
1005
295
  0
CIRCLE
  5
296
330
28B
100
AcDbEntity
  8
KITCHEN_SANITRY
100
AcDbCircle
 10
9.508385756083953
 20
26.32631048313851
 30
0.0
 40
0.75
1001
ACDBBLOCKREPETAG
1070
     1
1071
        8
1005
296
  0
CIRCLE
  5
297
330
28B
100
AcDbEntity
  8
KITCHEN_SANITRY
100
AcDbCircle
 10
9.824734976742542
 20
9.32768271651184
 30
0.0
 40
1.5
1001
ACDBBLOCKREPETAG
1070
     1
1071
        9
1005
297
  0
LINE
  5
298
330
28B
100
AcDbEntity
  8
KITCHEN_SANITRY
100
AcDbLine
 10
6.858812174221383
 20
9.32768271651184
 30
0.0
 11
12.85881217422138
 21
9.32768271651184
 31
0.0
1001
ACDBBLOCKREPETAG
1070
     1
1071
       10
1005
298
  0
LINE
  5
299
330
28B
100
AcDbEntity
  8
KITCHEN_SANITRY
100
AcDbLine
 10
9.827947829007824
 20
6.327682716511843
 30
0.0
 11
9.827947829007824
 21
12.32768271651184
 31
0.0
1001
ACDBBLOCKREPETAG
1070
     1
1071
       11
1005
299
  0
ENDBLK
  5
29A
330
28B
100
AcDbEntity
  8
0
100
AcDbBlockEnd
  0
BLOCK
  5
1C0
330
1BE
100
AcDbEntity
  8
0
100
AcDbBlockBegin
  2
RANGE-OVEN_-_30_IN_TOP
 70
     0
 10
0.0
 20
0.0
 30
0.0
  3
RANGE-OVEN_-_30_IN_TOP
  1
RANGE_30_INCH_TOP
  4
DesignCenter Kitchen example
  0
CIRCLE
  5
1C1
330
1BE
100
AcDbEntity
  8
KITCHEN_SANITRY
100
AcDbCircle
 10
24.0
 20
-9.000000199999997
 30
0.0
 40
1.0
  0
LINE
  5
1C3
330
1BE
100
AcDbEntity
  8
KITCHEN_SANITRY
100
AcDbLine
 10
12.0
 20
-6.0
 30
0.0
 11
18.0
 21
-6.0
 31
0.0
  0
CIRCLE
  5
1C4
330
1BE
100
AcDbEntity
  8
KITCHEN_SANITRY
100
AcDbCircle
 10
6.000000000000003
 20
-9.000000199999997
 30
0.0
 40
1.0
  0
LINE
  5
1C5
330
1BE
100
AcDbEntity
  8
KITCHEN_SANITRY
100
AcDbLine
 10
0.0
 20
-3.0
 30
0.0
 11
30.0
 21
-3.0
 31
0.0
  0
CIRCLE
  5
1C6
330
1BE
100
AcDbEntity
  8
KITCHEN_SANITRY
100
AcDbCircle
 10
24.0
 20
-18.0
 30
0.0
 40
4.0
  0
CIRCLE
  5
1C7
330
1BE
100
AcDbEntity
  8
KITCHEN_SANITRY
100
AcDbCircle
 10
24.0
 20
-18.0
 30
0.0
 40
3.0
  0
CIRCLE
  5
1C8
330
1BE
100
AcDbEntity
  8
KITCHEN_SANITRY
100
AcDbCircle
 10
24.0
 20
-18.0
 30
0.0
 40
2.0
  0
CIRCLE
  5
1C9
330
1BE
100
AcDbEntity
  8
KITCHEN_SANITRY
100
AcDbCircle
 10
24.0
 20
-18.0
 30
0.0
 40
1.0
  0
LINE
  5
1CA
330
1BE
100
AcDbEntity
  8
KITCHEN_SANITRY
100
AcDbLine
 10
22.00000000000001
 20
-24.999996
 30
0.0
 11
22.00000000000001
 21
-23.99999600000001
 31
0.0
  0
LINE
  5
1CB
330
1BE
100
AcDbEntity
  8
KITCHEN_SANITRY
100
AcDbLine
 10
24.0
 20
-23.99999600000001
 30
0.0
 11
24.0
 21
-24.999996
 31
0.0
  0
LINE
  5
1CC
330
1BE
100
AcDbEntity
  8
KITCHEN_SANITRY
100
AcDbLine
 10
18.0
 20
-19.999996
 30
0.0
 11
12.0
 21
-19.999996
 31
0.0
  0
LINE
  5
1CD
330
1BE
100
AcDbEntity
  8
KITCHEN_SANITRY
100
AcDbLine
 10
8.000000000000002
 20
-24.999996
 30
0.0
 11
8.000000000000002
 21
-23.99999600000001
 31
0.0
  0
CIRCLE
  5
1CE
330
1BE
100
AcDbEntity
  8
KITCHEN_SANITRY
100
AcDbCircle
 10
6.000000000000003
 20
-18.0
 30
0.0
 40
1.0
  0
LINE
  5
1CF
330
1BE
100
AcDbEntity
  8
KITCHEN_SANITRY
100
AcDbLine
 10
6.000000000000003
 20
-23.99999600000001
 30
0.0
 11
6.000000000000003
 21
-24.999996
 31
0.0
  0
LWPOLYLINE
  5
1D0
330
1BE
100
AcDbEntity
  8
KITCHEN_SANITRY
100
AcDbPolyline
 90
        4
 70
     1
 43
0.0
 10
2.000000000000003
 20
-25.999996
 10
2.000000000000003
 20
-24.999996
 10
28.00000000000001
 20
-24.999996
 10
28.00000000000001
 20
-25.999996
  0
CIRCLE
  5
1D1
330
1BE
100
AcDbEntity
  8
KITCHEN_SANITRY
100
AcDbCircle
 10
6.000000000000003
 20
-18.0
 30
0.0
 40
3.0
  0
CIRCLE
  5
1D2
330
1BE
100
AcDbEntity
  8
KITCHEN_SANITRY
100
AcDbCircle
 10
6.000000000000003
 20
-18.0
 30
0.0
 40
2.0
  0
LINE
  5
1D3
330
1BE
100
AcDbEntity
  8
KITCHEN_SANITRY
100
AcDbLine
 10
17.0
 20
-19.999996
 30
0.0
 11
17.0
 21
-6.0
 31
0.0
  0
LINE
  5
1D4
330
1BE
100
AcDbEntity
  8
KITCHEN_SANITRY
100
AcDbLine
 10
16.0
 20
-6.0
 30
0.0
 11
16.0
 21
-19.999996
 31
0.0
  0
LINE
  5
1D5
330
1BE
100
AcDbEntity
  8
KITCHEN_SANITRY
100
AcDbLine
 10
15.0
 20
-19.999996
 30
0.0
 11
15.0
 21
-6.0
 31
0.0
  0
LINE
  5
1D6
330
1BE
100
AcDbEntity
  8
KITCHEN_SANITRY
100
AcDbLine
 10
14.0
 20
-6.0
 30
0.0
 11
14.0
 21
-19.999996
 31
0.0
  0
LINE
  5
1D7
330
1BE
100
AcDbEntity
  8
KITCHEN_SANITRY
100
AcDbLine
 10
13.0
 20
-19.999996
 30
0.0
 11
13.0
 21
-6.0
 31
0.0
  0
LWPOLYLINE
  5
1D8
330
1BE
100
AcDbEntity
  8
KITCHEN_SANITRY
100
AcDbPolyline
 90
        4
 70
     1
 43
0.0
 10
12.0
 20
-20.999996
 10
12.0
 20
-5.0
 10
18.0
 20
-5.0
 10
18.0
 20
-20.999996
  0
CIRCLE
  5
1D9
330
1BE
100
AcDbEntity
  8
KITCHEN_SANITRY
100
AcDbCircle
 10
24.0
 20
-9.000000199999997
 30
0.0
 40
3.0
  0
CIRCLE
  5
1DA
330
1BE
100
AcDbEntity
  8
KITCHEN_SANITRY
100
AcDbCircle
 10
24.0
 20
-9.000000199999997
 30
0.0
 40
2.0
  0
CIRCLE
  5
1DB
330
1BE
100
AcDbEntity
  8
KITCHEN_SANITRY
100
AcDbCircle
 10
6.000000000000003
 20
-9.000000199999997
 30
0.0
 40
4.0
  0
CIRCLE
  5
1DC
330
1BE
100
AcDbEntity
  8
KITCHEN_SANITRY
100
AcDbCircle
 10
6.000000000000003
 20
-9.000000199999997
 30
0.0
 40
3.0
  0
CIRCLE
  5
1DD
330
1BE
100
AcDbEntity
  8
KITCHEN_SANITRY
100
AcDbCircle
 10
6.000000000000003
 20
-9.000000199999997
 30
0.0
 40
2.0
  0
LWPOLYLINE
  5
1DE
330
1BE
100
AcDbEntity
  8
KITCHEN_SANITRY
100
AcDbPolyline
 90
        4
 70
     1
 43
0.0
 10
0.0
 20
-23.99999600000001
 10
0.0
 20
0.0
 10
30.0
 20
0.0
 10
30.0
 20
-23.99999600000001
  0
ENDBLK
  5
1DF
330
1BE
100
AcDbEntity
  8
0
100
AcDbBlockEnd
  0
BLOCK
  5
224
330
221
100
AcDbEntity
  8
0
100
AcDbBlockBegin
  2
W_C
 70
     0
 10
0.0
 20
0.0
 30
0.0
  3
W_C
  1

  0
LINE
  5
225
330
221
100
AcDbEntity
  8
TOILET_FIXTURES
  6
DASHED2
 62
     0
 48
10.0
100
AcDbLine
 10
76930.99999999997
 20
-182791.5000000001
 30
0.0
 11
76930.99999999997
 21
-182821.5
 31
0.0
  0
MTEXT
  5
227
330
221
100
AcDbEntity
  8
TOILET_FIXTURES
  6
DASHED2
 62
     0
 48
10.0
100
AcDbMText
 10
76928.99999999997
 20
-182821.5
 30
0.0
 40
3.499999999999999
 41
46.00910087005506
 71
     1
 72
     1
  1
\A1;{\fCentury Gothic|b0|i0|c0|p34;C}
  7
ABHAY
1001
ACAD
1000
ACAD_MTEXT_DEFINED_HEIGHT_BEGIN
1070
    46
1040
19.74575330828099
1000
ACAD_MTEXT_DEFINED_HEIGHT_END
  0
MTEXT
  5
229
330
221
100
AcDbEntity
  8
TOILET_FIXTURES
  6
DASHED2
 62
     0
 48
10.0
100
AcDbMText
 10
76930.50000000003
 20
-182823.5000000001
 30
0.0
 40
3.499999999999999
 41
46.00910087005506
 71
     1
 72
     1
  1
\A1;{\fCentury Gothic|b0|i0|c0|p34;L}
  7
ABHAY
1001
ACAD
1000
ACAD_MTEXT_DEFINED_HEIGHT_BEGIN
1070
    46
1040
19.74575330828099
1000
ACAD_MTEXT_DEFINED_HEIGHT_END
  0
LWPOLYLINE
  5
22A
330
221
100
AcDbEntity
  8
TOILET_FIXTURES
100
AcDbPolyline
 90
        2
 70
     0
 43
0.3230591401852507
 38
0.9367226854038208
 10
76924.1053591638
 20
-182800.3274194803
 10
76924.10535916264
 20
-182807.9291317614
210
1.222057840140000E-5
220
1.870209960000000E-8
230
0.9999999999253286
  0
LINE
  5
22B
330
221
100
AcDbEntity
  8
TOILET_FIXTURES
100
AcDbLine
 10
76936.49315291051
 20
-182798.091752719
 30
-0.0000670529814524
 11
76925.59165039148
 21
-182798.0917527172
 31
0.0000661696847844
210
1.222057840140000E-5
220
1.870209960000000E-8
230
0.9999999999253286
  0
LWPOLYLINE
  5
22C
330
221
100
AcDbEntity
  8
TOILET_FIXTURES
100
AcDbPolyline
 90
        4
 70
     1
 43
0.0
 38
0.9367226854038204
 10
76936.49314716656
 20
-182797.8429058159
 10
76935.80513324692
 20
-182797.8429058159
 10
76935.80513324687
 20
-182798.0917527364
 10
76936.4931471665
 20
-182798.0917527366
210
1.222057840140000E-5
220
1.870209960000000E-8
230
0.9999999999253286
  0
LWPOLYLINE
  5
22D
330
221
100
AcDbEntity
  8
TOILET_FIXTURES
100
AcDbPolyline
 90
        4
 70
     1
 43
0.0
 38
0.9367226854038208
 10
76935.80513324692
 20
-182797.8429058159
 10
76935.27281509068
 20
-182797.8429058157
 10
76935.27281509066
 20
-182798.0917527364
 10
76935.80513324687
 20
-182798.0917527364
210
1.222057840140000E-5
220
1.870209960000000E-8
230
0.9999999999253286
  0
LWPOLYLINE
  5
22E
330
221
100
AcDbEntity
  8
TOILET_FIXTURES
100
AcDbPolyline
 90
        4
 70
     1
 43
0.0
 38
0.9367226854038204
 10
76935.27281509068
 20
-182797.8429058157
 10
76934.54725813086
 20
-182797.8429058155
 10
76934.54725813081
 20
-182798.0917527362
 10
76935.27281509066
 20
-182798.0917527364
210
1.222057840140000E-5
220
1.870209960000000E-8
230
0.9999999999253286
  0
LWPOLYLINE
  5
22F
330
221
100
AcDbEntity
  8
TOILET_FIXTURES
100
AcDbPolyline
 90
        4
 70
     1
 43
0.0
 38
0.9367226854038208
 10
76926.19775980865
 20
-182797.8268445524
 10
76925.52404355502
 20
-182797.8268445523
 10
76925.52404355493
 20
-182798.091752735
 10
76926.19775980862
 20
-182798.091752735
210
1.222057840140000E-5
220
1.870209960000000E-8
230
0.9999999999253286
  0
LWPOLYLINE
  5
230
330
221
100
AcDbEntity
  8
TOILET_FIXTURES
100
AcDbPolyline
 90
        4
 70
     1
 43
0.0
 38
0.9367226854038208
 10
76926.19775980865
 20
-182797.8268445524
 10
76926.81610216126
 20
-182797.8268445525
 10
76926.81610216117
 20
-182798.0917527352
 10
76926.19775980862
 20
-182798.091752735
210
1.222057840140000E-5
220
1.870209960000000E-8
230
0.9999999999253286
  0
LWPOLYLINE
  5
231
330
221
100
AcDbEntity
  8
TOILET_FIXTURES
100
AcDbPolyline
 90
        4
 70
     1
 43
0.0
 38
0.9367226854038204
 10
76926.81610216126
 20
-182797.8268445525
 10
76927.51750523978
 20
-182797.8268445525
 10
76927.51750523974
 20
-182798.0917527352
 10
76926.81610216117
 20
-182798.0917527352
210
1.222057840140000E-5
220
1.870209960000000E-8
230
0.9999999999253286
  0
ARC
  5
232
330
221
100
AcDbEntity
  8
TOILET_FIXTURES
100
AcDbCircle
 10
76928.01281549223
 20
-182798.4489587993
 30
0.9367226854038205
 40
0.7952096467459662
210
1.222057840140000E-5
220
1.870209960000000E-8
230
0.9999999999253286
100
AcDbArc
 50
26.69219823938087
 51
128.5258389671439
  0
ARC
  5
233
330
221
100
AcDbEntity
  8
TOILET_FIXTURES
100
AcDbCircle
 10
76928.00948552696
 20
-182798.3622299119
 30
0.936722685403821
 40
0.4736652703590666
210
1.222057840140000E-5
220
1.870209960000000E-8
230
0.9999999999253286
100
AcDbArc
 50
34.82209638647618
 51
145.1779035969845
  0
ARC
  5
234
330
221
100
AcDbEntity
  8
TOILET_FIXTURES
100
AcDbCircle
 10
76934.0426665876
 20
-182798.2410837662
 30
0.9367226854038213
 40
0.6427739149827633
210
1.222057840140000E-5
220
1.870209960000000E-8
230
0.9999999999253286
100
AcDbArc
 50
38.27730437557205
 51
166.5661371476442
  0
ARC
  5
235
330
221
100
AcDbEntity
  8
TOILET_FIXTURES
100
AcDbCircle
 10
76934.0468132892
 20
-182798.165288733
 30
0.9367226854038202
 40
0.3291560389786517
210
1.222057840140000E-5
220
1.870209960000000E-8
230
0.9999999999253286
100
AcDbArc
 50
12.90926341015889
 51
167.0907365728578
  0
CIRCLE
  5
236
330
221
100
AcDbEntity
  8
TOILET_FIXTURES
100
AcDbCircle
 10
76934.0509267175
 20
-182798.297159632
 30
0.9367226854038215
 40
0.1315382488167764
210
1.222057840140000E-5
220
1.870209960000000E-8
230
0.9999999999253286
  0
CIRCLE
  5
237
330
221
100
AcDbEntity
  8
TOILET_FIXTURES
100
AcDbCircle
 10
76928.04398853298
 20
-182798.2938576332
 30
0.9367226854038214
 40
0.1205079526204136
210
1.222057840140000E-5
220
1.870209960000000E-8
230
0.9999999999253286
  0
LINE
  5
238
330
221
100
AcDbEntity
  8
TOILET_FIXTURES
100
AcDbLine
 10
76924.10536490874
 20
-182800.3274194626
 30
0.0000843747647169
 11
76924.29398361118
 21
-182799.6302133218
 31
0.0000820566958569
210
1.222057840140000E-5
220
1.870209960000000E-8
230
0.9999999999253286
  0
ARC
  5
239
330
221
100
AcDbEntity
  8
TOILET_FIXTURES
100
AcDbCircle
 10
76926.40716609386
 20
-182800.0588229607
 30
0.9367226854038203
 40
2.156216754448939
210
1.222057840140000E-5
220
1.870209960000000E-8
230
0.9999999999253286
100
AcDbArc
 50
114.1778502743317
 51
168.5344594617902
  0
LWPOLYLINE
  5
23A
330
221
100
AcDbEntity
  8
TOILET_FIXTURES
100
AcDbPolyline
 90
        9
 70
     0
 43
0.3230591401852507
 38
0.9367226854038202
 10
76937.91183155755
 20
-182800.3274194824
 10
76937.91183155638
 20
-182807.9249669013
 42
-0.0641941157641644
 10
76937.91077524843
 20
-182807.9331604468
 10
76937.41890748231
 20
-182809.8091095103
 10
76936.41006166743
 20
-182811.9464474392
 10
76935.172544018
 20
-182813.4116665605
 10
76933.8339631385
 20
-182814.3634419884
 10
76932.51912104362
 20
-182814.884295743
 10
76930.93526974572
 20
-182815.146519937
210
1.222057840140000E-5
220
1.870209960000000E-8
230
0.9999999999253286
  0
LINE
  5
23B
330
221
100
AcDbEntity
  8
TOILET_FIXTURES
100
AcDbLine
 10
76937.91183730144
 20
-182800.33395942
 30
-0.0000843481913059
 11
76937.72321859866
 21
-182799.6302133239
 31
-0.0000820563231911
210
1.222057840140000E-5
220
1.870209960000000E-8
230
0.9999999999253286
  0
ARC
  5
23C
330
221
100
AcDbEntity
  8
TOILET_FIXTURES
100
AcDbCircle
 10
76935.610024627
 20
-182800.0588229621
 30
0.9367226854038211
 40
2.156216754448939
210
1.222057840140000E-5
220
1.870209960000000E-8
230
0.9999999999253286
100
AcDbArc
 50
11.46554052120333
 51
65.82214970905258
  0
LWPOLYLINE
  5
23D
330
221
100
AcDbEntity
  8
TOILET_FIXTURES
100
AcDbPolyline
 90
        7
 70
     0
 43
0.3230591401852507
 38
0.9367226854038212
 10
76924.10535916264
 20
-182807.9291317614
 10
76924.59828323561
 20
-182809.8091095084
 10
76925.60712904981
 20
-182811.9464474375
 10
76926.84464669885
 20
-182813.4116665592
 10
76928.18322757818
 20
-182814.3634419875
 10
76929.4980696727
 20
-182814.8842957426
 10
76931.081920971
 20
-182815.1465199369
210
1.222057840140000E-5
220
1.870209960000000E-8
230
0.9999999999253286
  0
LWPOLYLINE
  5
23E
330
221
100
AcDbEntity
  8
TOILET_FIXTURES
100
AcDbPolyline
 90
        4
 70
     1
 43
0.0
 38
0.9367226854038214
 10
76937.99213957172
 20
-182796.1736521909
 10
76923.9565159943
 20
-182796.1736521888
 10
76923.95651599416
 20
-182796.9662218839
 10
76937.99213957161
 20
-182796.9662218859
210
1.222057840140000E-5
220
1.870209960000000E-8
230
0.9999999999253286
  0
LINE
  5
23F
330
221
100
AcDbEntity
  8
TOILET_FIXTURES
100
AcDbLine
 10
76938.0434782605
 20
-182794.0000000011
 30
-0.0000860753783074
 11
76938.04347825947
 21
-182800.4695277477
 31
-0.000085954384543
210
1.222057840140000E-5
220
1.870209960000000E-8
230
0.9999999999253286
  0
LINE
  5
240
330
221
100
AcDbEntity
  8
TOILET_FIXTURES
100
AcDbLine
 10
76923.95652173957
 20
-182793.999999999
 30
0.0000860753783063
 11
76923.95652173857
 21
-182800.4695277456
 31
0.0000861963720707
210
1.222057840140000E-5
220
1.870209960000000E-8
230
0.9999999999253286
  0
LINE
  5
241
330
221
100
AcDbEntity
  8
TOILET_FIXTURES
100
AcDbLine
 10
76923.95652173957
 20
-182793.999999999
 30
0.0000860753783063
 11
76938.0434782605
 21
-182794.0000000011
 31
-0.0000860753783074
210
1.222057840140000E-5
220
1.870209960000000E-8
230
0.9999999999253286
  0
ENDBLK
  5
242
330
221
100
AcDbEntity
  8
0
100
AcDbBlockEnd
  0
BLOCK
  5
2DE
330
2DC
100
AcDbEntity
  8
0
 48
0.1
100
AcDbBlockBegin
  2
RGFGFFJHNGF
 70
     0
 10
0.0
 20
0.0
 30
0.0
  3
RGFGFFJHNGF
  1

  0
HATCH
  5
2DF
330
2DC
100
AcDbEntity
  8
WALL
 62
     2
 48
0.1
100
AcDbHatch
 10
0.0
 20
0.0
 30
0.0
210
0.0
220
0.0
230
1.0
  2
ANSI31
 70
     0
 71
     1
 91
        2
 92
        7
 72
     0
 73
     1
 93
        3
 10
-14217.55455211426
 20
-326.4014114548499
 10
-14192.1703766924
 20
-343.0068056031614
 10
-14166.78620127053
 20
-326.4014114548499
 97
        3
330
2E0
330
2E4
330
2E3
 92
       24
 93
        4
 72
     1
 10
-14197.80646366138
 20
-334.5104859028123
 11
-14186.87068086071
 21
-334.5104859028123
 72
     1
 10
-14186.87068086071
 20
-334.5104859028123
 11
-14186.87068086071
 21
-326.9395593485062
 72
     1
 10
-14186.87068086071
 20
-326.9395593485062
 11
-14197.80646366138
 21
-326.9395593485062
 72
     1
 10
-14197.80646366138
 20
-326.9395593485062
 11
-14197.80646366138
 21
-334.5104859028123
 97
        1
330
2E1
 75
     0
 76
     1
 52
0.0
 41
1.0
 77
     0
 78
     1
 53
45.0
 43
0.0
 44
0.0
 45
-0.0883883476483184
 46
0.0883883476483185
 79
     0
 47
0.0826560328243855
 98
        1
 10
-14198.73745698904
 20
-328.135268973967
1001
ACAD
1010
0.0
1020
0.0
1030
0.0
1001
ACDBBLOCKREPETAG
1070
     1
1071
        0
1005
2DF
  0
LWPOLYLINE
  5
2E0
102
{ACAD_REACTORS
330
2DF
102
}
330
2DC
100
AcDbEntity
  8
WALL
 62
     2
100
AcDbPolyline
 90
        4
 70
     1
 43
0.0
 10
-14217.55455211426
 20
-326.4014114548499
 10
-14166.78620127053
 20
-326.4014114548499
 10
-14166.78620127053
 20
-346.9327762277408
 10
-14217.55455211426
 20
-346.9327762277408
1001
ACDBBLOCKREPETAG
1070
     1
1071
        1
1005
2E0
  0
TEXT
  5
2E1
102
{ACAD_REACTORS
330
2DF
102
}
330
2DC
100
AcDbEntity
  8
WALL
 62
     2
100
AcDbText
 10
-14197.50603006795
 20
-333.248664810428
 30
0.0
 40
5.047284369537389
  1
DB
  7
ROMANS
100
AcDbText
1001
ACDBBLOCKREPETAG
1070
     1
1071
        2
1005
2E1
  0
LINE
  5
2E3
102
{ACAD_REACTORS
330
2DF
102
}
330
2DC
100
AcDbEntity
  8
WALL
 62
     2
 48
0.1
100
AcDbLine
 10
-14166.78620127053
 20
-326.4014114548499
 30
0.0
 11
-14192.1703766924
 21
-343.0068056031614
 31
0.0
1001
ACDBBLOCKREPETAG
1070
     1
1071
        3
1005
2E3
  0
LINE
  5
2E4
102
{ACAD_REACTORS
330
2DF
102
}
330
2DC
100
AcDbEntity
  8
WALL
 62
     2
 48
0.1
100
AcDbLine
 10
-14192.1703766924
 20
-343.0068056031614
 30
0.0
 11
-14217.55455211426
 21
-326.4014114548499
 31
0.0
1001
ACDBBLOCKREPETAG
1070
     1
1071
        4
1005
2E4
  0
ENDBLK
  5
2E5
330
2DC
100
AcDbEntity
  8
0
 48
0.1
100
AcDbBlockEnd
  0
BLOCK
  5
2E9
330
2E7
100
AcDbEntity
  8
0
100
AcDbBlockBegin
  2
SDFCDFC
 70
     0
 10
0.0
 20
0.0
 30
0.0
  3
SDFCDFC
  1

  0
LINE
  5
2EA
330
2E7
100
AcDbEntity
  8
WALL
 62
     2
100
AcDbLine
 10
-8.613097043948073
 20
0.0
 30
0.0
 11
-8.613097043948073
 21
-7.890539911335509
 31
0.0
1001
ACDBBLOCKREPETAG
1070
     1
1071
        0
1005
0
  0
HATCH
  5
2EB
330
2E7
100
AcDbEntity
  8
WALL
 62
     2
100
AcDbHatch
 10
0.0
 20
0.0
 30
0.0
210
0.0
220
0.0
230
1.0
  2
ANSI31
 70
     0
 71
     0
 91
        1
 92
        7
 72
     0
 73
     1
 93
        3
 10
8.613097043948073
 20
-7.890539911335509
 10
-8.613097043948073
 20
-7.890539911335509
 10
0.0
 20
-15.09720820093207
 97
        0
 75
     0
 76
     1
 52
0.0
 41
1.5
 77
     0
 78
     1
 53
45.0
 43
-8.613097043948073
 44
-15.09720820093207
 45
-0.1325825214724776
 46
0.1325825214724777
 79
     0
 47
0.0728509190903604
 98
        1
 10
-0.1464327930661966
 20
-10.5651386577083
1001
ACAD
1010
45052.88836503893
1020
-42884.14940169455
1030
0.0
  0
LINE
  5
2EC
330
2E7
100
AcDbEntity
  8
WALL
 62
     2
100
AcDbLine
 10
-8.613097043948073
 20
-7.890539911335509
 30
0.0
 11
8.613097043948073
 21
-7.890539911335509
 31
0.0
1001
ACDBBLOCKREPETAG
1070
     1
1071
       47
1005
2EC
  0
LINE
  5
2ED
330
2E7
100
AcDbEntity
  8
WALL
 62
     2
100
AcDbLine
 10
8.613097043948073
 20
-7.890539911335509
 30
0.0
 11
8.613097043948073
 21
0.0
 31
0.0
1001
ACDBBLOCKREPETAG
1070
     1
1071
       48
1005
2ED
  0
LINE
  5
2EE
330
2E7
100
AcDbEntity
  8
WALL
 62
     2
100
AcDbLine
 10
-8.613097043948073
 20
-7.890539911335509
 30
0.0
 11
8.613097043948073
 21
0.0
 31
0.0
1001
ACDBBLOCKREPETAG
1070
     1
1071
        1
1005
2EE
  0
LWPOLYLINE
  5
2EF
330
2E7
100
AcDbEntity
  8
WALL
 62
     2
100
AcDbPolyline
 90
        3
 70
     0
 43
0.0
 10
-8.613097043948073
 20
-7.890539911335509
 10
0.0
 20
-15.09720820093207
 10
8.613097043948073
 20
-7.890539911335509
  0
LWPOLYLINE
  5
2F0
330
2E7
100
AcDbEntity
  8
WALL
 62
     2
100
AcDbPolyline
 90
        2
 70
     0
 43
0.0
 10
-8.613097043948073
 20
0.0
 10
8.613097043948073
 20
0.0
  0
LWPOLYLINE
  5
2F1
330
2E7
100
AcDbEntity
  8
WALL
 62
     2
100
AcDbPolyline
 90
        2
 70
     0
 43
0.0
 10
-8.613097043948073
 20
0.0
 10
8.613097043948073
 20
-7.890539911335509
  0
ENDBLK
  5
2F2
330
2E7
100
AcDbEntity
  8
0
100
AcDbBlockEnd
  0
BLOCK
  5
94
330
92
100
AcDbEntity
  8
0
100
AcDbBlockBegin
  2
54TRGF
 70
     0
 10
0.0
 20
0.0
 30
0.0
  3
54TRGF
  1

  0
HATCH
  5
95
330
92
100
AcDbEntity
  8
HATCH
 62
    42
100
AcDbHatch
 10
0.0
 20
0.0
 30
0.0
210
0.0
220
0.0
230
1.0
  2
SOLID
 70
     1
 71
     1
 91
        1
 92
        7
 72
     1
 73
     1
 93
       11
 10
7313.290729255102
 20
2286.787517202575
 42
0.0
 10
7322.088466456486
 20
2263.593063431251
 42
0.0
 10
7312.596172928293
 20
2263.593063431251
 42
0.0
 10
7312.596172928293
 20
2258.554057077891
 42
0.0
 10
7329.389092749931
 20
2258.554057077891
 42
0.0
 10
7321.737479895076
 20
2278.726855670926
 42
-0.9945852108221177
 10
7319.748951525001
 20
2283.969434335971
 42
0.0
 10
7316.103398665839
 20
2293.580611088262
 42
0.0
 10
7310.172785662066
 20
2293.580611088262
 42
0.0
 10
7298.971063014401
 20
2258.554057077891
 42
0.0
 10
7304.261482769506
 20
2258.554057077891
 42
0.0
 97
        1
330
96
 75
     1
 76
     1
 47
0.0840581927185957
 98
        1
 10
7313.350644836745
 20
2288.433364243367
1001
GRADIENTCOLOR2ACI
1070
     7
1001
ACAD
1010
0.0
1020
0.0
1030
0.0
  0
LWPOLYLINE
  5
96
102
{ACAD_REACTORS
330
95
102
}
330
92
100
AcDbEntity
  8
FORMAT_BODER
100
AcDbPolyline
 90
       11
 70
     1
 43
0.0
 10
7319.748951525001
 20
2283.969434335971
 10
7316.103398665839
 20
2293.580611088262
 10
7310.172785662066
 20
2293.580611088262
 10
7298.971063014401
 20
2258.554057077891
 10
7304.261482769506
 20
2258.554057077891
 10
7313.290729255102
 20
2286.787517202575
 10
7322.088466456486
 20
2263.593063431251
 10
7312.596172928293
 20
2263.593063431251
 10
7312.596172928293
 20
2258.554057077891
 10
7329.389092749931
 20
2258.554057077891
 10
7321.737479895076
 20
2278.726855670926
 42
-0.9945852108221207
  0
ENDBLK
  5
97
330
92
100
AcDbEntity
  8
0
100
AcDbBlockEnd
  0
BLOCK
  5
1E6
330
1E5
100
AcDbEntity
  8
0
100
AcDbBlockBegin
  2
TABLE-30
 70
     0
 10
0.0
 20
0.0
 30
0.0
  3
TABLE-30
  1

  0
LINE
  5
1E7
330
1E5
100
AcDbEntity
  8
0
  6
BYBLOCK
 62
     0
100
AcDbLine
 10
-0.4063999999996213
 20
0.0
 30
0.0
 11
-0.4063999999996213
 21
0.4063999999996213
 31
0.0
  0
LINE
  5
1E8
330
1E5
100
AcDbEntity
  8
0
  6
BYBLOCK
 62
     0
100
AcDbLine
 10
0.0
 20
0.0
 30
0.0
 11
-0.4063999999996213
 21
0.0
 31
0.0
  0
LINE
  5
1E9
330
1E5
100
AcDbEntity
  8
0
  6
BYBLOCK
 62
     0
100
AcDbLine
 10
0.0
 20
0.4063999999996213
 30
0.0
 11
0.0
 21
0.0
 31
0.0
  0
LINE
  5
1EA
330
1E5
100
AcDbEntity
  8
0
  6
BYBLOCK
 62
     0
100
AcDbLine
 10
-0.4063999999996213
 20
0.4063999999996213
 30
0.0
 11
0.0
 21
0.4063999999996213
 31
0.0
  0
LINE
  5
1EB
330
1E5
100
AcDbEntity
  8
0
  6
BYBLOCK
 62
     0
100
AcDbLine
 10
-0.3640666666663321
 20
0.3555999999996686
 30
0.0
 11
-0.3640666666663321
 21
0.3344333333330098
 31
0.0
  0
LINE
  5
1EC
330
1E5
100
AcDbEntity
  8
0
  6
BYBLOCK
 62
     0
100
AcDbLine
 10
-0.3555999999996686
 20
0.3640666666663321
 30
0.0
 11
-0.3640666666663321
 21
0.3555999999996686
 31
0.0
  0
LINE
  5
1ED
330
1E5
100
AcDbEntity
  8
0
  6
BYBLOCK
 62
     0
100
AcDbLine
 10
-0.3344333333330098
 20
0.3640666666663321
 30
0.0
 11
-0.3555999999996686
 21
0.3640666666663321
 31
0.0
  0
LINE
  5
1EE
330
1E5
100
AcDbEntity
  8
0
  6
BYBLOCK
 62
     0
100
AcDbLine
 10
-0.3344333333330098
 20
0.3344333333330098
 30
0.0
 11
-0.3344333333330098
 21
0.3640666666663321
 31
0.0
  0
LINE
  5
1EF
330
1E5
100
AcDbEntity
  8
0
  6
BYBLOCK
 62
     0
100
AcDbLine
 10
-0.3640666666663321
 20
0.3344333333330098
 30
0.0
 11
-0.3344333333330098
 21
0.3344333333330098
 31
0.0
  0
LINE
  5
1F0
330
1E5
100
AcDbEntity
  8
0
  6
BYBLOCK
 62
     0
100
AcDbLine
 10
-0.071966666666583
 20
0.3640666666663321
 30
0.0
 11
-0.071966666666583
 21
0.3344333333330098
 31
0.0
  0
LINE
  5
1F1
330
1E5
100
AcDbEntity
  8
0
  6
BYBLOCK
 62
     0
100
AcDbLine
 10
-0.0507999999999527
 20
0.3640666666663321
 30
0.0
 11
-0.071966666666583
 21
0.3640666666663321
 31
0.0
  0
LINE
  5
1F2
330
1E5
100
AcDbEntity
  8
0
  6
BYBLOCK
 62
     0
100
AcDbLine
 10
-0.0423333333332891
 20
0.3555999999996686
 30
0.0
 11
-0.0507999999999527
 21
0.3640666666663321
 31
0.0
  0
LINE
  5
1F3
330
1E5
100
AcDbEntity
  8
0
  6
BYBLOCK
 62
     0
100
AcDbLine
 10
-0.0423333333332891
 20
0.3344333333330098
 30
0.0
 11
-0.0423333333332891
 21
0.3555999999996686
 31
0.0
  0
LINE
  5
1F4
330
1E5
100
AcDbEntity
  8
0
  6
BYBLOCK
 62
     0
100
AcDbLine
 10
-0.071966666666583
 20
0.3344333333330098
 30
0.0
 11
-0.0423333333332891
 21
0.3344333333330098
 31
0.0
  0
LINE
  5
1F5
330
1E5
100
AcDbEntity
  8
0
  6
BYBLOCK
 62
     0
100
AcDbLine
 10
-0.071966666666583
 20
0.071966666666583
 30
0.0
 11
-0.071966666666583
 21
0.0423333333332891
 31
0.0
  0
LINE
  5
1F6
330
1E5
100
AcDbEntity
  8
0
  6
BYBLOCK
 62
     0
100
AcDbLine
 10
-0.0423333333332891
 20
0.071966666666583
 30
0.0
 11
-0.071966666666583
 21
0.071966666666583
 31
0.0
  0
LINE
  5
1F7
330
1E5
100
AcDbEntity
  8
0
  6
BYBLOCK
 62
     0
100
AcDbLine
 10
-0.0423333333332891
 20
0.0507999999999527
 30
0.0
 11
-0.0423333333332891
 21
0.071966666666583
 31
0.0
  0
LINE
  5
1F8
330
1E5
100
AcDbEntity
  8
0
  6
BYBLOCK
 62
     0
100
AcDbLine
 10
-0.0507999999999527
 20
0.0423333333332891
 30
0.0
 11
-0.0423333333332891
 21
0.0507999999999527
 31
0.0
  0
LINE
  5
1F9
330
1E5
100
AcDbEntity
  8
0
  6
BYBLOCK
 62
     0
100
AcDbLine
 10
-0.071966666666583
 20
0.0423333333332891
 30
0.0
 11
-0.0507999999999527
 21
0.0423333333332891
 31
0.0
  0
LINE
  5
1FA
330
1E5
100
AcDbEntity
  8
0
  6
BYBLOCK
 62
     0
100
AcDbLine
 10
-0.3640666666663321
 20
0.0507999999999527
 30
0.0
 11
-0.3555999999996686
 21
0.0423333333332891
 31
0.0
  0
LINE
  5
1FB
330
1E5
100
AcDbEntity
  8
0
  6
BYBLOCK
 62
     0
100
AcDbLine
 10
-0.3640666666663321
 20
0.071966666666583
 30
0.0
 11
-0.3640666666663321
 21
0.0507999999999527
 31
0.0
  0
LINE
  5
1FC
330
1E5
100
AcDbEntity
  8
0
  6
BYBLOCK
 62
     0
100
AcDbLine
 10
-0.3344333333330098
 20
0.071966666666583
 30
0.0
 11
-0.3640666666663321
 21
0.071966666666583
 31
0.0
  0
LINE
  5
1FD
330
1E5
100
AcDbEntity
  8
0
  6
BYBLOCK
 62
     0
100
AcDbLine
 10
-0.3344333333330098
 20
0.0423333333332891
 30
0.0
 11
-0.3344333333330098
 21
0.071966666666583
 31
0.0
  0
LINE
  5
1FE
330
1E5
100
AcDbEntity
  8
0
  6
BYBLOCK
 62
     0
100
AcDbLine
 10
-0.3555999999996686
 20
0.0423333333332891
 30
0.0
 11
-0.3344333333330098
 21
0.0423333333332891
 31
0.0
  0
LINE
  5
1FF
330
1E5
100
AcDbEntity
  8
0
  6
BYBLOCK
 62
     0
100
AcDbLine
 10
-0.0423333333332891
 20
0.3344333333330098
 30
0.0
 11
-0.0423333333332891
 21
0.2666780571461231
 31
0.0
  0
LINE
  5
200
330
1E5
100
AcDbEntity
  8
0
  6
BYBLOCK
 62
     0
100
AcDbLine
 10
-0.050810682607306
 20
0.3344333333330098
 30
0.0
 11
-0.050810682607306
 21
0.2666780571461231
 31
0.0
  0
LINE
  5
201
330
1E5
100
AcDbEntity
  8
0
  6
BYBLOCK
 62
     0
100
AcDbLine
 10
-0.0423333333332891
 20
0.0719666666666114
 30
0.0
 11
-0.0423333333332891
 21
0.1397219428534981
 31
0.0
  0
LINE
  5
202
330
1E5
100
AcDbEntity
  8
0
  6
BYBLOCK
 62
     0
100
AcDbLine
 10
-0.050810682607306
 20
0.0719666666666114
 30
0.0
 11
-0.050810682607306
 21
0.1397219428534981
 31
0.0
  0
LINE
  5
203
330
1E5
100
AcDbEntity
  8
0
  6
BYBLOCK
 62
     0
100
AcDbLine
 10
-0.0423333333332891
 20
0.2370776380932682
 30
0.0
 11
-0.0423333333332891
 21
0.1693223619063531
 31
0.0
  0
LINE
  5
204
330
1E5
100
AcDbEntity
  8
0
  6
BYBLOCK
 62
     0
100
AcDbLine
 10
-0.050810682607306
 20
0.2370776380932682
 30
0.0
 11
-0.050810682607306
 21
0.1693223619063531
 31
0.0
  0
LINE
  5
205
330
1E5
100
AcDbEntity
  8
0
  6
BYBLOCK
 62
     0
100
AcDbLine
 10
-0.0719666666666114
 20
0.3640666666663321
 30
0.0
 11
-0.1397219428534981
 21
0.3640666666663037
 31
0.0
  0
LINE
  5
206
330
1E5
100
AcDbEntity
  8
0
  6
BYBLOCK
 62
     0
100
AcDbLine
 10
-0.0719666666666114
 20
0.3555893173923153
 30
0.0
 11
-0.1397219428534981
 21
0.3555893173922868
 31
0.0
  0
LINE
  5
207
330
1E5
100
AcDbEntity
  8
0
  6
BYBLOCK
 62
     0
100
AcDbLine
 10
-0.1693223619063531
 20
0.3555893173922868
 30
0.0
 11
-0.2370776380932682
 21
0.3555893173922584
 31
0.0
  0
LINE
  5
208
330
1E5
100
AcDbEntity
  8
0
  6
BYBLOCK
 62
     0
100
AcDbLine
 10
-0.3344333333330098
 20
0.35558931739223
 30
0.0
 11
-0.2666780571461231
 21
0.3555893173922584
 31
0.0
  0
LINE
  5
209
330
1E5
100
AcDbEntity
  8
0
  6
BYBLOCK
 62
     0
100
AcDbLine
 10
-0.1693223619063531
 20
0.3640666666663037
 30
0.0
 11
-0.2370776380932682
 21
0.3640666666662753
 31
0.0
  0
LINE
  5
20A
330
1E5
100
AcDbEntity
  8
0
  6
BYBLOCK
 62
     0
100
AcDbLine
 10
-0.3344333333330098
 20
0.3640666666662469
 30
0.0
 11
-0.2666780571461231
 21
0.3640666666662753
 31
0.0
  0
LINE
  5
20B
330
1E5
100
AcDbEntity
  8
0
  6
BYBLOCK
 62
     0
100
AcDbLine
 10
-0.3344333333330098
 20
0.0423333333332891
 30
0.0
 11
-0.2666780571460947
 21
0.0423333333332891
 31
0.0
  0
LINE
  5
20C
330
1E5
100
AcDbEntity
  8
0
  6
BYBLOCK
 62
     0
100
AcDbLine
 10
-0.3344333333330098
 20
0.050810682607306
 30
0.0
 11
-0.2666780571460947
 21
0.050810682607306
 31
0.0
  0
LINE
  5
20D
330
1E5
100
AcDbEntity
  8
0
  6
BYBLOCK
 62
     0
100
AcDbLine
 10
-0.2370776380932398
 20
0.050810682607306
 30
0.0
 11
-0.1693223619063531
 21
0.050810682607306
 31
0.0
  0
LINE
  5
20E
330
1E5
100
AcDbEntity
  8
0
  6
BYBLOCK
 62
     0
100
AcDbLine
 10
-0.071966666666583
 20
0.050810682607306
 30
0.0
 11
-0.1397219428534697
 21
0.050810682607306
 31
0.0
  0
LINE
  5
20F
330
1E5
100
AcDbEntity
  8
0
  6
BYBLOCK
 62
     0
100
AcDbLine
 10
-0.2370776380932398
 20
0.0423333333332891
 30
0.0
 11
-0.1693223619063531
 21
0.0423333333332891
 31
0.0
  0
LINE
  5
210
330
1E5
100
AcDbEntity
  8
0
  6
BYBLOCK
 62
     0
100
AcDbLine
 10
-0.071966666666583
 20
0.0423333333332891
 30
0.0
 11
-0.1397219428534697
 21
0.0423333333332891
 31
0.0
  0
LINE
  5
211
330
1E5
100
AcDbEntity
  8
0
  6
BYBLOCK
 62
     0
100
AcDbLine
 10
-0.3640666666662185
 20
0.3344333333330383
 30
0.0
 11
-0.3640666666662469
 21
0.2666780571461516
 31
0.0
  0
LINE
  5
212
330
1E5
100
AcDbEntity
  8
0
  6
BYBLOCK
 62
     0
100
AcDbLine
 10
-0.3640666666662753
 20
0.1693223619063815
 30
0.0
 11
-0.3640666666662753
 21
0.2370776380932682
 31
0.0
  0
LINE
  5
213
330
1E5
100
AcDbEntity
  8
0
  6
BYBLOCK
 62
     0
100
AcDbLine
 10
-0.3555893173922016
 20
0.3344333333330383
 30
0.0
 11
-0.35558931739223
 21
0.2666780571461516
 31
0.0
  0
LINE
  5
214
330
1E5
100
AcDbEntity
  8
0
  6
BYBLOCK
 62
     0
100
AcDbLine
 10
-0.3555893173922584
 20
0.1693223619063815
 30
0.0
 11
-0.3555893173922584
 21
0.2370776380932682
 31
0.0
  0
LINE
  5
215
330
1E5
100
AcDbEntity
  8
0
  6
BYBLOCK
 62
     0
100
AcDbLine
 10
-0.3555893173922868
 20
0.0719666666666114
 30
0.0
 11
-0.3555893173922584
 21
0.1397219428535266
 31
0.0
  0
LINE
  5
216
330
1E5
100
AcDbEntity
  8
0
  6
BYBLOCK
 62
     0
100
AcDbLine
 10
-0.3640666666663037
 20
0.0719666666666114
 30
0.0
 11
-0.3640666666662753
 21
0.1397219428535266
 31
0.0
  0
ENDBLK
  5
217
330
1E5
100
AcDbEntity
  8
0
100
AcDbBlockEnd
  0
BLOCK
  5
303
330
300
100
AcDbEntity
  8
0
100
AcDbBlockBegin
  2
WASTE
 70
     0
 10
0.0
 20
0.0
 30
0.0
  3
WASTE
  1

  0
CIRCLE
  5
304
330
300
100
AcDbEntity
  8
0
100
AcDbCircle
 10
0.9731623172858468
 20
-1.196909174849688
 30
0.0
 40
1.599999999999999
1001
ACDBBLOCKREPETAG
1070
     1
1071
        0
1005
304
  0
CIRCLE
  5
305
330
300
100
AcDbEntity
  8
0
100
AcDbCircle
 10
0.9731623172858468
 20
-1.196909174849688
 30
0.0
 40
1.999999999999999
1001
ACDBBLOCKREPETAG
1070
     1
1071
        1
1005
305
  0
ARC
  5
306
330
300
100
AcDbEntity
  8
0
100
AcDbCircle
 10
1.136549510999997
 20
-1.999266978693901
 30
0.0
 40
0.8188244136928791
100
AcDbArc
 50
101.5099872441403
 51
256.5526600904395
1001
ACDBBLOCKREPETAG
1070
     1
1071
        2
1005
306
  0
ARC
  5
307
330
300
100
AcDbEntity
  8
0
100
AcDbCircle
 10
0.8097751235716948
 20
-0.3945513710054791
 30
0.0
 40
0.8188244136928791
100
AcDbArc
 50
281.5099872441403
 51
76.5526600904395
1001
ACDBBLOCKREPETAG
1070
     1
1071
        3
1005
307
  0
HATCH
  5
308
102
{ACAD_XDICTIONARY
360
950
102
}
330
300
100
AcDbEntity
  8
0
 62
   132
100
AcDbHatch
 10
0.0
 20
0.0
 30
0.0
210
0.0
220
0.0
230
1.0
  2
SOLID
 70
     1
 71
     0
 91
        1
 92
        7
 72
     1
 73
     1
 93
        4
 10
0.9731623172859722
 20
-1.196909174849662
 42
0.8053225441454062
 10
0.995486700558729
 20
0.4029350744169343
 42
0.4183062879604785
 10
-0.6268376827141529
 20
-1.196909174849688
 42
0.4101326469305815
 10
0.9508379340129524
 20
-2.796753424116312
 42
-0.8053225441455412
 97
        0
 75
     0
 76
     1
 47
0.0302893662089762
 98
        1
 10
1.322628480115622
 20
-0.9653771217779756
1001
ACDBBLOCKREPETAG
1070
     1
1071
        4
1005
308
  0
ENDBLK
  5
309
330
300
100
AcDbEntity
  8
0
100
AcDbBlockEnd
  0
BLOCK
  5
30F
330
30C
100
AcDbEntity
  8
0
100
AcDbBlockBegin
  2
R_W_P
 70
     0
 10
0.0
 20
0.0
 30
0.0
  3
R_W_P
  1

  0
CIRCLE
  5
310
330
30C
100
AcDbEntity
  8
0
100
AcDbCircle
 10
-0.365918820044812
 20
0.0
 30
0.0
 40
1.692307692307715
1001
ACDBBLOCKREPETAG
1070
     1
1071
        0
1005
310
  0
CIRCLE
  5
311
330
30C
100
AcDbEntity
  8
0
100
AcDbCircle
 10
-0.365918820044812
 20
0.0
 30
0.0
 40
2.000000000000025
1001
ACDBBLOCKREPETAG
1070
     1
1071
        1
1005
311
  0
HATCH
  5
312
102
{ACAD_XDICTIONARY
360
952
102
}
330
30C
100
AcDbEntity
  8
0
 62
     5
100
AcDbHatch
 10
0.0
 20
0.0
 30
0.0
210
0.0
220
0.0
230
1.0
  2
SOLID
 70
     1
 71
     0
 91
        1
 92
        1
 93
        3
 72
     2
 10
0.5650995811330155
 20
-0.5738365855424205
 40
1.09365611150203
 50
46.97891212682749
 51
148.3522443334496
 73
     1
 72
     2
 10
-1.296937221214949
 20
0.5738365855370386
 40
1.09365611150203
 50
31.64775566659472
 51
133.0210878731965
 73
     0
 72
     2
 10
-0.365918820044812
 20
0.0
 40
1.692307692307715
 50
172.3344217697738
 51
352.3344217696852
 73
     0
 97
        0
 75
     0
 76
     1
 98
        1
 10
9237.188135606193
 20
4461.196099115093
1001
ACAD
1010
0.0
1020
0.0
1030
0.0
1001
ACDBBLOCKREPETAG
1070
     1
1071
        2
1005
312
  0
ENDBLK
  5
313
330
30C
100
AcDbEntity
  8
0
100
AcDbBlockEnd
  0
BLOCK
  5
2D0
330
2CD
100
AcDbEntity
  8
0
 48
20.0
100
AcDbBlockBegin
  2
RF
 70
     0
 10
0.0
 20
0.0
 30
0.0
  3
RF
  1

  0
LWPOLYLINE
  5
2D1
330
2CD
100
AcDbEntity
  8
_ELEVATION__18
 48
12.0
100
AcDbPolyline
 90
        5
 70
     0
 43
1.066210281212989
 10
180518.3899854933
 20
-96041.36760216898
 10
180502.8432171151
 20
-96041.36760216921
 42
-0.5903954171693245
 10
180502.8432171151
 20
-96026.69798343319
 10
180518.3899854933
 20
-96026.69798343319
 42
-0.5903954171709516
 10
180518.3899854933
 20
-96041.36760216898
 42
0.5903954171709516
  0
LWPOLYLINE
  5
2D3
330
2CD
100
AcDbEntity
  8
_HATCH_251
  6
ACAD_ISO03W100
 48
0.07
100
AcDbPolyline
 90
        4
 70
     1
 43
0.0
 10
180518.1236733271
 20
-96040.36760216898
 10
180503.1095292813
 20
-96040.36760216921
 42
-0.5677755705015859
 10
180503.1095292813
 20
-96027.69798343319
 10
180518.1236733271
 20
-96027.69798343319
 42
-0.5677755705028685
  0
MTEXT
  5
2D6
330
2CD
100
AcDbEntity
  8
_TEXT
100
AcDbMText
 10
180510.4947465362
 20
-96040.19575134157
 30
0.0
 40
11.05446819561627
 41
125.1391115068804
 71
     8
 72
     5
  1
\A1;{\fSwis721 BdOul BT|b0|i0|c0|p82;G}
  7
6_IN
1001
ACAD
1000
ACAD_MTEXT_DEFINED_HEIGHT_BEGIN
1070
    46
1040
139.4498104894585
1000
ACAD_MTEXT_DEFINED_HEIGHT_END
  0
ENDBLK
  5
2D9
330
2CD
100
AcDbEntity
  8
0
 48
20.0
100
AcDbBlockEnd
  0
BLOCK
  5
2F6
330
2F4
100
AcDbEntity
  8
0
 48
20.0
100
AcDbBlockBegin
  2
YTRYETY
 70
     0
 10
0.0
 20
0.0
 30
0.0
  3
YTRYETY
  1

  0
CIRCLE
  5
2F7
330
2F4
100
AcDbEntity
  8
PL_SOIL_PIPE
 48
15.0
100
AcDbCircle
 10
93722.20259649427
 20
-60350.95079915662
 30
0.0
 40
1.599999999999999
1001
ACDBBLOCKREPETAG
1070
     1
1071
        0
1005
2F7
  0
CIRCLE
  5
2FB
330
2F4
100
AcDbEntity
  8
PL_SOIL_PIPE
 48
15.0
100
AcDbCircle
 10
93722.20259649427
 20
-60350.95079915662
 30
0.0
 40
1.999999999999999
1001
ACDBBLOCKREPETAG
1070
     1
1071
        1
1005
2FB
  0
ARC
  5
2FC
330
2F4
100
AcDbEntity
  8
PL_SOIL_PIPE
 48
15.0
100
AcDbCircle
 10
93722.1349007243
 20
-60350.15177561116
 30
0.0
 40
0.8018861162721911
100
AcDbArc
 50
102.7037645026153
 51
274.8427124536952
1001
ACDBBLOCKREPETAG
1070
     1
1071
        2
1005
2FC
  0
ARC
  5
2FD
330
2F4
100
AcDbEntity
  8
PL_SOIL_PIPE
 48
15.0
100
AcDbCircle
 10
93722.27029226428
 20
-60351.74982270207
 30
0.0
 40
0.8018861162721911
100
AcDbArc
 50
282.7037645026154
 51
94.84271245369528
1001
ACDBBLOCKREPETAG
1070
     1
1071
        3
1005
2FD
  0
ENDBLK
  5
2FE
330
2F4
100
AcDbEntity
  8
0
 48
20.0
100
AcDbBlockEnd
  0
BLOCK
  5
145
330
143
100
AcDbEntity
  8
0
 48
20.0
100
AcDbBlockBegin
  2
WERTUYO
 70
     0
 10
0.0
 20
0.0
 30
0.0
  3
WERTUYO
  1

  0
LWPOLYLINE
  5
146
330
143
100
AcDbEntity
  8
FURNITURE
  6
DASHED
 48
5.0
100
AcDbPolyline
 90
        4
 70
     0
 43
0.0
 10
643.8741002173047
 20
685.6800795017216
 10
644.8896536989487
 20
694.5178323374303
 10
645.5372412101715
 20
694.4434175213855
 10
644.5302387964912
 20
685.6800795017216
  0
LWPOLYLINE
  5
149
330
143
100
AcDbEntity
  8
FURNITURE
  6
DASHED
 48
5.0
100
AcDbPolyline
 90
        4
 70
     0
 43
0.0
 10
644.4153279701131
 20
684.6800795017216
 10
643.5097376033664
 20
676.7992697011969
 10
642.8621500922018
 20
676.8736845172416
 10
643.7591893908684
 20
684.6800795017216
  0
LWPOLYLINE
  5
14A
330
143
100
AcDbEntity
  8
FURNITURE
  6
DASHED
 48
5.0
100
AcDbPolyline
 90
        4
 70
     0
 43
0.0
 10
646.8474322760885
 20
684.6800795017216
 10
647.7530226428062
 20
676.7992697011969
 10
648.4006101539999
 20
676.8736845172416
 10
647.503570855275
 20
684.6800795017216
  0
LWPOLYLINE
  5
14B
330
143
100
AcDbEntity
  8
FURNITURE
  6
DASHED
 48
5.0
100
AcDbPolyline
 90
        4
 70
     0
 43
0.0
 10
647.388660028897
 20
685.6800795017216
 10
646.3731065471948
 20
694.5178323374303
 10
645.7255190360302
 20
694.4434175213855
 10
646.7325214497105
 20
685.6800795017216
  0
ENDBLK
  5
14C
330
143
100
AcDbEntity
  8
0
 48
20.0
100
AcDbBlockEnd
  0
BLOCK
  5
269
330
268
100
AcDbEntity
  8
0
 48
0.2
100
AcDbBlockBegin
  2
WFA
 70
     0
 10
0.0
 20
0.0
 30
0.0
  3
WFA
  1

  0
LWPOLYLINE
  5
26A
330
268
100
AcDbEntity
  8
FURNITURE
  6
DASHED
 48
5.0
100
AcDbPolyline
 90
        4
 70
     0
 43
0.0
 10
259476.5308765342
 20
-20934.60732615617
 10
259485.3686293699
 20
-20935.62287963781
 10
259485.2942145539
 20
-20936.27046714904
 10
259476.5308765342
 20
-20935.26346473536
  0
LWPOLYLINE
  5
26B
330
268
100
AcDbEntity
  8
FURNITURE
  6
DASHED
 48
5.0
100
AcDbPolyline
 90
        4
 70
     0
 43
0.0
 10
259475.3518783471
 20
-20935.12798507938
 10
259467.6500667337
 20
-20934.24296354223
 10
259467.7244815497
 20
-20933.59537603107
 10
259475.3518783471
 20
-20934.47184650014
  0
LWPOLYLINE
  5
26C
330
268
100
AcDbEntity
  8
FURNITURE
  6
DASHED
 48
5.0
100
AcDbPolyline
 90
        4
 70
     0
 43
0.0
 10
259475.3518783471
 20
-20937.60122704455
 10
259467.6500667337
 20
-20938.48624858167
 10
259467.7244815497
 20
-20939.13383609286
 10
259475.3518783471
 20
-20938.25736562374
  0
LWPOLYLINE
  5
26D
330
268
100
AcDbEntity
  8
FURNITURE
  6
DASHED
 48
5.0
100
AcDbPolyline
 90
        4
 70
     0
 43
0.0
 10
259476.5308765342
 20
-20938.12188596776
 10
259485.3686293699
 20
-20937.10633248606
 10
259485.2942145539
 20
-20936.45874497489
 10
259476.5308765342
 20
-20937.46574738857
  0
ENDBLK
  5
26E
330
268
100
AcDbEntity
  8
0
 48
0.2
100
AcDbBlockEnd
  0
BLOCK
  5
21D
330
21B
100
AcDbEntity
  8
0
 62
     1
 48
10.0
100
AcDbBlockBegin
  2
WTRWF
 70
     0
 10
0.0
 20
0.0
 30
0.0
  3
WTRWF
  1

  0
INSERT
  5
21E
330
21B
100
AcDbEntity
  8
PLUMBING_FITTINGS
100
AcDbBlockReference
  2
W_C
 10
422106.4237395412
 20
-345119.4306669388
 30
0.0000000000000006
 50
180.0000078334754
  0
ENDBLK
  5
243
330
21B
100
AcDbEntity
  8
0
 62
     1
 48
10.0
100
AcDbBlockEnd
  0
BLOCK
  5
2A9
330
2A6
100
AcDbEntity
  8
0
 48
12.0
100
AcDbBlockBegin
  2
A$C65647B64
 70
     0
 10
0.0
 20
0.0
 30
0.0
  3
A$C65647B64
  1

  0
LINE
  5
2AA
330
2A6
100
AcDbEntity
  8
A-WALL
 62
     1
 48
10.0
100
AcDbLine
 10
239.9999805863481
 20
0.0000105146318674
 30
-0.0000000000000033
 11
230.9999805863481
 21
0.0000105146318674
 31
-0.0000000000000033
  0
LINE
  5
2AC
330
2A6
100
AcDbEntity
  8
A-WALL
 62
     1
 48
10.0
100
AcDbLine
 10
8.999980586348101
 20
0.0000105146318674
 30
-0.0000000000000033
 11
-0.0000194136518985
 21
0.0000105146318674
 31
-0.0000000000000033
  0
LINE
  5
2AD
330
2A6
100
AcDbEntity
  8
A-WALL
 62
     1
 48
10.0
100
AcDbLine
 10
83.9999805863481
 20
292.500010514661
 30
-0.0000000000000033
 11
83.9999805863481
 21
292.5000105146901
 31
-0.0000000000000033
  0
LINE
  5
2AE
330
2A6
100
AcDbEntity
  8
A-WALL
 62
     1
 48
10.0
100
AcDbLine
 10
83.99998058623169
 20
292.5000105146319
 30
-0.0000000000000033
 11
83.99998058623169
 21
292.5000105146319
 31
-0.0000000000000033
  0
HATCH
  5
2AF
330
2A6
100
AcDbEntity
  8
HATCH
 62
   252
100
AcDbHatch
 10
0.0
 20
0.0
 30
-0.0000000000000033
210
0.0
220
0.0
230
1.0
  2
SOLID
 70
     1
 71
     1
 91
        1
 92
        1
 93
        4
 72
     1
 10
240.0001579205273
 20
513.0000105146319
 11
231.0001579296077
 21
513.0000105146319
 72
     1
 10
231.0001579296077
 20
513.0000105146319
 11
231.0001579155214
 21
534.0000105146319
 72
     1
 10
231.0001579155214
 20
534.0000105146319
 11
240.0001579063246
 21
534.0000105146319
 72
     1
 10
240.0001579063246
 20
534.0000105146319
 11
240.0001579205273
 21
513.0000105146319
 97
        1
330
2B0
 75
     1
 76
     1
 98
        1
 10
-210818.3905354081
 20
129265.3188048166
1001
GRADIENTCOLOR1ACI
1070
     5
1001
GRADIENTCOLOR2ACI
1070
     2
1001
ACAD
1010
0.0
1020
0.0
1030
0.0
  0
LWPOLYLINE
  5
2B0
102
{ACAD_REACTORS
330
2AF
102
}
330
2A6
100
AcDbEntity
  8
COLUMN
 48
10.0
100
AcDbPolyline
 90
        4
 70
     1
 43
0.0
 10
240.0001579205273
 20
513.0000105146319
 10
231.0001579296077
 20
513.0000105146319
 10
231.0001579155214
 20
534.0000105146319
 10
240.0001579063246
 20
534.0000105146319
  0
HATCH
  5
2B3
330
2A6
100
AcDbEntity
  8
HATCH
 62
   252
100
AcDbHatch
 10
0.0
 20
0.0
 30
-0.0000000000000033
210
0.0
220
0.0
230
1.0
  2
SOLID
 70
     1
 71
     1
 91
        1
 92
        1
 93
        4
 72
     1
 10
9.000157906208187
 20
513.0000105146319
 11
0.0001579152885824
 21
513.0000105146319
 72
     1
 10
0.0001579152885824
 20
513.0000105146319
 11
0.0001579152885824
 21
534.0000105146319
 72
     1
 10
0.0001579152885824
 20
534.0000105146319
 11
9.000157906208187
 21
534.0000105146319
 72
     1
 10
9.000157906208187
 20
534.0000105146319
 11
9.000157906208187
 21
513.0000105146319
 97
        1
330
2B4
 75
     1
 76
     1
 98
        1
 10
-211049.3905354082
 20
129265.3188048166
1001
GRADIENTCOLOR1ACI
1070
     5
1001
GRADIENTCOLOR2ACI
1070
     2
1001
ACAD
1010
0.0
1020
0.0
1030
0.0
  0
LWPOLYLINE
  5
2B4
102
{ACAD_REACTORS
330
2B3
102
}
330
2A6
100
AcDbEntity
  8
COLUMN
 48
10.0
100
AcDbPolyline
 90
        4
 70
     1
 43
0.0
 10
9.000157906208187
 20
513.0000105146319
 10
0.0001579152885824
 20
513.0000105146319
 10
0.0001579152885824
 20
534.0000105146319
 10
9.000157906208187
 20
534.0000105146319
  0
HATCH
  5
2B5
330
2A6
100
AcDbEntity
  8
HATCH
100
AcDbHatch
 10
0.0
 20
0.0
 30
-0.0000000000000033
210
0.0
220
0.0
230
1.0
  2
SOLID
 70
     1
 71
     1
 91
        1
 92
        1
 93
        4
 72
     1
 10
9.000157901260536
 20
335.9500105146435
 11
0.0001579103991389
 21
335.9500105146435
 72
     1
 10
0.0001579103991389
 20
335.9500105146435
 11
0.0001579152885824
 21
350.9500105146435
 72
     1
 10
0.0001579152885824
 20
350.9500105146435
 11
9.000157906091772
 21
350.9500105146435
 72
     1
 10
9.000157906091772
 20
350.9500105146435
 11
9.000157901260536
 21
335.9500105146435
 97
        1
330
2B6
 75
     1
 76
     1
 98
        1
 10
-211049.3905354083
 20
129082.2688048166
1001
GRADIENTCOLOR1ACI
1070
     5
1001
GRADIENTCOLOR2ACI
1070
     2
1001
ACAD
1010
0.0
1020
0.0
1030
0.0
  0
LWPOLYLINE
  5
2B6
102
{ACAD_REACTORS
330
2B5
102
}
330
2A6
100
AcDbEntity
  8
COLUMN
 48
10.0
100
AcDbPolyline
 90
        4
 70
     1
 43
0.0
 10
9.000157901260536
 20
335.9500105146435
 10
0.0001579103991389
 20
335.9500105146435
 10
0.0001579152885824
 20
350.9500105146435
 10
9.000157906091772
 20
350.9500105146435
  0
HATCH
  5
2B7
330
2A6
100
AcDbEntity
  8
HATCH
 62
   252
100
AcDbHatch
 10
0.0
 20
0.0
 30
-0.0000000000000033
210
0.0
220
0.0
230
1.0
  2
SOLID
 70
     1
 71
     1
 91
        1
 92
        1
 93
        4
 72
     1
 10
84.00015790149337
 20
332.9500105146435
 11
75.00015791063197
 21
332.9500105146435
 72
     1
 10
75.00015791063197
 20
332.9500105146435
 11
75.00015790609177
 21
350.9500105146435
 72
     1
 10
75.00015790609177
 20
350.9500105146435
 11
84.00015789701138
 21
350.9500105146435
 72
     1
 10
84.00015789701138
 20
350.9500105146435
 11
84.00015790149337
 21
332.9500105146435
 97
        1
330
2B8
 75
     1
 76
     1
 98
        1
 10
-210974.3905354174
 20
129082.2688048166
1001
GRADIENTCOLOR1ACI
1070
     5
1001
GRADIENTCOLOR2ACI
1070
     2
1001
ACAD
1010
0.0
1020
0.0
1030
0.0
  0
LWPOLYLINE
  5
2B8
102
{ACAD_REACTORS
330
2B7
102
}
330
2A6
100
AcDbEntity
  8
COLUMN
 48
10.0
100
AcDbPolyline
 90
        4
 70
     1
 43
0.0
 10
84.00015790149337
 20
332.9500105146435
 10
75.00015791063197
 20
332.9500105146435
 10
75.00015790609177
 20
350.9500105146435
 10
84.00015789701138
 20
350.9500105146435
  0
HATCH
  5
2B9
330
2A6
100
AcDbEntity
  8
HATCH
 62
   252
100
AcDbHatch
 10
0.0
 20
0.0
 30
-0.0000000000000033
210
0.0
220
0.0
230
1.0
  2
SOLID
 70
     1
 71
     1
 91
        1
 92
        1
 93
        4
 72
     1
 10
84.00015789701138
 20
288.0000105146319
 11
75.00015790609177
 21
288.0000105146319
 72
     1
 10
75.00015790609177
 20
288.0000105146319
 11
75.00014769798145
 21
303.0000105146319
 72
     1
 10
75.00014769798145
 20
303.0000105146319
 11
84.00014768890105
 21
303.0000105146319
 72
     1
 10
84.00014768890105
 20
303.0000105146319
 11
84.00015789701138
 21
288.0000105146319
 97
        1
330
2BA
 75
     1
 76
     1
 98
        1
 10
-210974.3905354174
 20
129031.3188048166
1001
GRADIENTCOLOR1ACI
1070
     5
1001
GRADIENTCOLOR2ACI
1070
     2
1001
ACAD
1010
0.0
1020
0.0
1030
0.0
  0
LWPOLYLINE
  5
2BA
102
{ACAD_REACTORS
330
2B9
102
}
330
2A6
100
AcDbEntity
  8
COLUMN
 48
10.0
100
AcDbPolyline
 90
        4
 70
     1
 43
0.0
 10
84.00015789701138
 20
288.0000105146319
 10
75.00015790609177
 20
288.0000105146319
 10
75.00014769798145
 20
303.0000105146319
 10
84.00014768890105
 20
303.0000105146319
  0
HATCH
  5
2BB
330
2A6
100
AcDbEntity
  8
HATCH
 62
   252
100
AcDbHatch
 10
0.0
 20
0.0
 30
-0.0000000000000033
210
0.0
220
0.0
230
1.0
  2
SOLID
 70
     1
 71
     1
 91
        1
 92
        1
 93
        4
 72
     1
 10
9.000157897011377
 20
288.0000105146319
 11
0.0001579062081873
 21
288.0000105146319
 72
     1
 10
0.0001579062081873
 20
288.0000105146319
 11
0.0001579062081873
 21
303.0000105146319
 72
     1
 10
0.0001579062081873
 20
303.0000105146319
 11
9.000157897011377
 21
303.0000105146319
 72
     1
 10
9.000157897011377
 20
303.0000105146319
 11
9.000157897011377
 21
288.0000105146319
 97
        1
330
2BC
 75
     1
 76
     1
 98
        1
 10
-211049.3905354173
 20
129031.3188048166
1001
GRADIENTCOLOR1ACI
1070
     5
1001
GRADIENTCOLOR2ACI
1070
     2
1001
ACAD
1010
0.0
1020
0.0
1030
0.0
  0
LWPOLYLINE
  5
2BC
102
{ACAD_REACTORS
330
2BB
102
}
330
2A6
100
AcDbEntity
  8
COLUMN
 48
10.0
100
AcDbPolyline
 90
        4
 70
     1
 43
0.0
 10
9.000157897011377
 20
288.0000105146319
 10
0.0001579062081873
 20
288.0000105146319
 10
0.0001579062081873
 20
303.0000105146319
 10
9.000157897011377
 20
303.0000105146319
  0
HATCH
  5
2BD
330
2A6
100
AcDbEntity
  8
HATCH
 62
   252
100
AcDbHatch
 10
0.0
 20
0.0
 30
-0.0000000000000033
210
0.0
220
0.0
230
1.0
  2
SOLID
 70
     1
 71
     1
 91
        1
 92
        1
 93
        4
 72
     1
 10
9.000157897011377
 20
126.0006709835725
 11
0.0001579062081873
 21
126.0006709835725
 72
     1
 10
0.0001579062081873
 20
126.0006709835725
 11
0.0001579062081873
 21
147.0006709835725
 72
     1
 10
0.0001579062081873
 20
147.0006709835725
 11
9.000157897011377
 21
147.0006709835725
 72
     1
 10
9.000157897011377
 20
147.0006709835725
 11
9.000157897011377
 21
126.0006709835725
 97
        1
330
2BE
 75
     1
 76
     1
 98
        1
 10
-211049.3905354173
 20
128878.3194652856
1001
GRADIENTCOLOR1ACI
1070
     5
1001
GRADIENTCOLOR2ACI
1070
     2
1001
ACAD
1010
0.0
1020
0.0
1030
0.0
  0
LWPOLYLINE
  5
2BE
102
{ACAD_REACTORS
330
2BD
102
}
330
2A6
100
AcDbEntity
  8
COLUMN
 48
10.0
100
AcDbPolyline
 90
        4
 70
     1
 43
0.0
 10
9.000157897011377
 20
126.0006709835725
 10
0.0001579062081873
 20
126.0006709835725
 10
0.0001579062081873
 20
147.0006709835725
 10
9.000157897011377
 20
147.0006709835725
  0
HATCH
  5
2BF
330
2A6
100
AcDbEntity
  8
HATCH
 62
   252
100
AcDbHatch
 10
0.0
 20
0.0
 30
-0.0000000000000033
210
0.0
220
0.0
230
1.0
  2
SOLID
 70
     1
 71
     1
 91
        1
 92
        1
 93
        4
 72
     1
 10
231.0001477072947
 20
0.0000105146318674
 11
231.0001605759608
 21
21.00001038680784
 72
     1
 10
231.0001605759608
 20
21.00001038680784
 11
240.0001605759608
 21
21.00001038680784
 72
     1
 10
240.0001605759608
 20
21.00001038680784
 11
240.0001477072947
 21
0.0000105146318674
 72
     1
 10
240.0001477072947
 20
0.0000105146318674
 11
231.0001477072947
 21
0.0000105146318674
 97
        1
330
2C0
 75
     1
 76
     1
 98
        1
 10
128971.3189420094
 20
211058.3907038289
1001
GRADIENTCOLOR1ACI
1070
     5
1001
GRADIENTCOLOR2ACI
1070
     2
1001
ACAD
1010
0.0
1020
0.0
1030
0.0
  0
LWPOLYLINE
  5
2C0
102
{ACAD_REACTORS
330
2BF
102
}
330
2A6
100
AcDbEntity
  8
COLUMN
 48
10.0
100
AcDbPolyline
 90
        4
 70
     1
 43
0.0
 10
231.0001477072947
 20
0.0000105146318674
 10
231.0001605759608
 20
21.00001038680784
 10
240.0001605759608
 20
21.00001038680784
 10
240.0001477072947
 20
0.0000105146318674
  0
HATCH
  5
2C1
330
2A6
100
AcDbEntity
  8
HATCH
 62
   252
100
AcDbHatch
 10
0.0
 20
0.0
 30
-0.0000000000000033
210
0.0
220
0.0
230
1.0
  2
SOLID
 70
     1
 71
     1
 91
        1
 92
        1
 93
        4
 72
     1
 10
231.0001579060918
 20
348.0000105237705
 11
231.0001579059754
 21
366.0000105146319
 72
     1
 10
231.0001579059754
 20
366.0000105146319
 11
240.0001579059754
 21
366.0000105146319
 72
     1
 10
240.0001579059754
 20
366.0000105146319
 11
240.0001579060918
 21
348.0000105237705
 72
     1
 10
240.0001579060918
 20
348.0000105237705
 11
231.0001579060918
 21
348.0000105237705
 97
        1
330
2C2
 75
     1
 76
     1
 98
        1
 10
128971.3189522082
 20
211406.3907038381
1001
GRADIENTCOLOR1ACI
1070
     5
1001
GRADIENTCOLOR2ACI
1070
     2
1001
ACAD
1010
0.0
1020
0.0
1030
0.0
  0
LWPOLYLINE
  5
2C2
102
{ACAD_REACTORS
330
2C1
102
}
330
2A6
100
AcDbEntity
  8
COLUMN
 48
10.0
100
AcDbPolyline
 90
        4
 70
     1
 43
0.0
 10
231.0001579060918
 20
348.0000105237705
 10
231.0001579059754
 20
366.0000105146319
 10
240.0001579059754
 20
366.0000105146319
 10
240.0001579060918
 20
348.0000105237705
  0
HATCH
  5
2C3
330
2A6
100
AcDbEntity
  8
HATCH
 62
   252
100
AcDbHatch
 10
0.0
 20
0.0
 30
-0.0000000000000033
210
0.0
220
0.0
230
1.0
  2
SOLID
 70
     1
 71
     1
 91
        1
 92
        1
 93
        4
 72
     1
 10
0.0002830519806594
 20
0.0008789554703981
 11
0.0002830513985828
 21
21.00001038680784
 72
     1
 10
0.0002830513985828
 20
21.00001038680784
 11
9.000283051398583
 21
21.00001038680784
 72
     1
 10
9.000283051398583
 20
21.00001038680784
 11
9.00028305198066
 21
0.0008789554703981
 72
     1
 10
9.00028305198066
 20
0.0008789554703981
 11
0.0002830519806594
 21
0.0008789554703981
 97
        1
330
2C4
 75
     1
 76
     1
 98
        1
 10
128740.319077354
 20
211058.3915722698
1001
GRADIENTCOLOR1ACI
1070
     5
1001
GRADIENTCOLOR2ACI
1070
     2
1001
ACAD
1010
0.0
1020
0.0
1030
0.0
  0
LWPOLYLINE
  5
2C4
102
{ACAD_REACTORS
330
2C3
102
}
330
2A6
100
AcDbEntity
  8
COLUMN
 48
10.0
100
AcDbPolyline
 90
        4
 70
     1
 43
0.0
 10
0.0002830519806594
 20
0.0008789554703981
 10
0.0002830513985828
 20
21.00001038680784
 10
9.000283051398583
 20
21.00001038680784
 10
9.00028305198066
 20
0.0008789554703981
  0
HATCH
  5
2C5
330
2A6
100
AcDbEntity
  8
HATCH
 62
   252
100
AcDbHatch
 10
0.0
 20
0.0
 30
-0.0000000000000033
210
0.0
220
0.0
230
1.0
  2
SOLID
 70
     1
 71
     1
 91
        1
 92
        1
 93
        4
 72
     1
 10
231.0001477072947
 20
126.0000105238287
 11
231.0001477071783
 21
147.0000105146319
 72
     1
 10
231.0001477071783
 20
147.0000105146319
 11
240.0001477071783
 21
147.0000105146319
 72
     1
 10
240.0001477071783
 20
147.0000105146319
 11
240.0001477072947
 21
126.0000105238287
 72
     1
 10
240.0001477072947
 20
126.0000105238287
 11
231.0001477072947
 21
126.0000105238287
 97
        1
330
2C6
 75
     1
 76
     1
 98
        1
 10
128971.3189420094
 20
211187.3907038381
1001
GRADIENTCOLOR1ACI
1070
     5
1001
GRADIENTCOLOR2ACI
1070
     2
1001
ACAD
1010
0.0
1020
0.0
1030
0.0
  0
LWPOLYLINE
  5
2C6
102
{ACAD_REACTORS
330
2C5
102
}
330
2A6
100
AcDbEntity
  8
COLUMN
 48
10.0
100
AcDbPolyline
 90
        4
 70
     1
 43
0.0
 10
231.0001477072947
 20
126.0000105238287
 10
231.0001477071783
 20
147.0000105146319
 10
240.0001477071783
 20
147.0000105146319
 10
240.0001477072947
 20
126.0000105238287
  0
ENDBLK
  5
2C7
330
2A6
100
AcDbEntity
  8
0
 48
12.0
100
AcDbBlockEnd
  0
BLOCK
  5
F4
330
F1
100
AcDbEntity
  8
0
 48
12.0
100
AcDbBlockBegin
  2
A$C5E3C4737
 70
     0
 10
0.0
 20
0.0
 30
0.0
  3
A$C5E3C4737
  1

  0
LWPOLYLINE
  5
F5
330
F1
100
AcDbEntity
  8
FORMAT_BODER
100
AcDbPolyline
 90
        2
 70
     0
 43
0.0
 10
10.42386555980192
 20
20.07591982398299
 10
10.42386555980192
 20
3.344169002404669
  0
LWPOLYLINE
  5
F6
330
F1
100
AcDbEntity
  8
FORMAT_BODER
100
AcDbPolyline
 90
        2
 70
     0
 43
0.0
 10
10.42386555980192
 20
11.71004441319383
 10
2.057990149012767
 20
11.71004441319383
  0
LWPOLYLINE
  5
F7
330
F1
100
AcDbEntity
  8
FORMAT_BODER
100
AcDbPolyline
 90
        2
 70
     0
 43
0.0
 10
18.78974097064929
 20
11.71004441319383
 10
10.42386555980192
 20
11.71004441319383
  0
LWPOLYLINE
  5
F8
330
F1
100
AcDbEntity
  8
FORMAT_BODER
100
AcDbPolyline
 90
        2
 70
     0
 43
0.0
 10
10.42386555980192
 20
11.71004441319383
 10
6.123942568956409
 20
16.54088980096276
  0
LWPOLYLINE
  5
F9
330
F1
100
AcDbEntity
  8
FORMAT_BODER
100
AcDbPolyline
 90
        2
 70
     0
 43
0.0
 10
10.42386555980192
 20
11.71004441319383
 10
6.123942568956409
 20
6.879199025424896
  0
LWPOLYLINE
  5
FA
330
F1
100
AcDbEntity
  8
FORMAT_BODER
100
AcDbPolyline
 90
        2
 70
     0
 43
0.0
 10
10.42386555980192
 20
11.71004441319383
 10
14.72378855064744
 20
16.54088980096276
  0
LWPOLYLINE
  5
FB
330
F1
100
AcDbEntity
  8
FORMAT_BODER
100
AcDbPolyline
 90
        2
 70
     0
 43
0.0
 10
10.42386555980192
 20
11.71004441319383
 10
14.72378855064744
 20
6.879199025424896
  0
MTEXT
  5
FC
102
{ACAD_XDICTIONARY
360
FD
102
}
330
F1
100
AcDbEntity
  8
FORMAT_TEXT
100
AcDbMText
 10
9.759149557270575
 20
21.96877674812276
 30
0.0
 40
2.25268410209935
 41
43.31480551831909
 71
     1
 72
     5
  1
{\fMistral|b0|i0|c0|p66;N}
1001
ACAD
1000
ACAD_MTEXT_COLUMN_INFO_BEGIN
1070
    75
1070
     2
1070
    79
1070
     0
1070
    76
1070
     1
1070
    78
1070
     0
1070
    48
1040
43.31480551831909
1070
    49
1040
11.26342051049675
1070
    50
1070
     1
1040
0.0
1000
ACAD_MTEXT_COLUMN_INFO_END
  0
MTEXT
  5
FE
102
{ACAD_XDICTIONARY
360
FF
102
}
330
F1
100
AcDbEntity
  8
FORMAT_TEXT
100
AcDbMText
 10
19.00423018634319
 20
12.88078799314098
 30
0.0
 40
2.25268410209935
 41
43.31480551831909
 71
     1
 72
     5
  1
{\fMistral|b0|i0|c0|p66;E}
1001
ACAD
1000
ACAD_MTEXT_COLUMN_INFO_BEGIN
1070
    75
1070
     2
1070
    79
1070
     0
1070
    76
1070
     1
1070
    78
1070
     0
1070
    48
1040
43.31480551831909
1070
    49
1040
11.26342051049675
1070
    50
1070
     1
1040
0.0
1000
ACAD_MTEXT_COLUMN_INFO_END
  0
MTEXT
  5
100
102
{ACAD_XDICTIONARY
360
101
102
}
330
F1
100
AcDbEntity
  8
FORMAT_TEXT
100
AcDbMText
 10
9.835527882736642
 20
3.260168418841204
 30
0.0
 40
2.25268410209935
 41
43.31480551831909
 71
     1
 72
     5
  1
{\fMistral|b0|i0|c0|p66;S}
1001
ACAD
1000
ACAD_MTEXT_COLUMN_INFO_BEGIN
1070
    75
1070
     2
1070
    79
1070
     0
1070
    76
1070
     1
1070
    78
1070
     0
1070
    48
1040
43.31480551831909
1070
    49
1040
11.26342051049675
1070
    50
1070
     1
1040
0.0
1000
ACAD_MTEXT_COLUMN_INFO_END
  0
MTEXT
  5
102
102
{ACAD_XDICTIONARY
360
103
102
}
330
F1
100
AcDbEntity
  8
FORMAT_TEXT
100
AcDbMText
 10
0.1645888338098302
 20
12.99297701778414
 30
0.0
 40
2.25268410209935
 41
43.31480551831909
 71
     1
 72
     5
  1
{\fMistral|b0|i0|c0|p66;W}
1001
ACAD
1000
ACAD_MTEXT_COLUMN_INFO_BEGIN
1070
    75
1070
     2
1070
    79
1070
     0
1070
    76
1070
     1
1070
    78
1070
     0
1070
    48
1040
43.31480551831909
1070
    49
1040
11.26342051049675
1070
    50
1070
     1
1040
0.0
1000
ACAD_MTEXT_COLUMN_INFO_END
  0
MTEXT
  5
104
102
{ACAD_XDICTIONARY
360
105
102
}
330
F1
100
AcDbEntity
  8
FORMAT_TEXT
100
AcDbMText
 10
14.95528916077456
 20
19.2623800883739
 30
0.0
 40
2.25268410209935
 41
43.31480551831909
 71
     1
 72
     5
  1
{\fMistral|b0|i0|c0|p66;NE}
1001
ACAD
1000
ACAD_MTEXT_COLUMN_INFO_BEGIN
1070
    75
1070
     2
1070
    79
1070
     0
1070
    76
1070
     1
1070
    78
1070
     0
1070
    48
1040
43.31480551831909
1070
    49
1040
11.26342051049675
1070
    50
1070
     1
1040
0.0
1000
ACAD_MTEXT_COLUMN_INFO_END
  0
MTEXT
  5
106
102
{ACAD_XDICTIONARY
360
107
102
}
330
F1
100
AcDbEntity
  8
FORMAT_TEXT
100
AcDbMText
 10
14.7464374184492
 20
7.013094715526677
 30
0.0
 40
2.25268410209935
 41
43.31480551831909
 71
     1
 72
     5
  1
{\fMistral|b0|i0|c0|p66;SE}
1001
ACAD
1000
ACAD_MTEXT_COLUMN_INFO_BEGIN
1070
    75
1070
     2
1070
    79
1070
     0
1070
    76
1070
     1
1070
    78
1070
     0
1070
    48
1040
43.31480551831909
1070
    49
1040
11.26342051049675
1070
    50
1070
     1
1040
0.0
1000
ACAD_MTEXT_COLUMN_INFO_END
  0
MTEXT
  5
108
102
{ACAD_XDICTIONARY
360
109
102
}
330
F1
100
AcDbEntity
  8
FORMAT_TEXT
100
AcDbMText
 10
3.17841152427718
 20
6.503630477469414
 30
0.0
 40
2.25268410209935
 41
43.31480551831909
 71
     1
 72
     5
  1
{\fMistral|b0|i0|c0|p66;SW}
1001
ACAD
1000
ACAD_MTEXT_COLUMN_INFO_BEGIN
1070
    75
1070
     2
1070
    79
1070
     0
1070
    76
1070
     1
1070
    78
1070
     0
1070
    48
1040
43.31480551831909
1070
    49
1040
11.26342051049675
1070
    50
1070
     1
1040
0.0
1000
ACAD_MTEXT_COLUMN_INFO_END
  0
MTEXT
  5
10A
102
{ACAD_XDICTIONARY
360
10B
102
}
330
F1
100
AcDbEntity
  8
FORMAT_TEXT
100
AcDbMText
 10
2.742026790219825
 20
18.83386513660662
 30
0.0
 40
2.25268410209935
 41
43.31480551831909
 71
     1
 72
     5
  1
{\fMistral|b0|i0|c0|p66;NW}
1001
ACAD
1000
ACAD_MTEXT_COLUMN_INFO_BEGIN
1070
    75
1070
     2
1070
    79
1070
     0
1070
    76
1070
     1
1070
    78
1070
     0
1070
    48
1040
43.31480551831909
1070
    49
1040
11.26342051049675
1070
    50
1070
     1
1040
0.0
1000
ACAD_MTEXT_COLUMN_INFO_END
  0
CIRCLE
  5
10C
330
F1
100
AcDbEntity
  8
FORMAT_BODER
100
AcDbCircle
 10
10.40475708764279
 20
18.47945429544779
 30
0.0
 40
0.5332556611435068
  0
CIRCLE
  5
10D
330
F1
100
AcDbEntity
  8
FORMAT_BODER
100
AcDbCircle
 10
10.42386555980192
 20
5.018647964316187
 30
0.0
 40
0.5332556611435068
  0
CIRCLE
  5
10E
330
F1
100
AcDbEntity
  8
FORMAT_BODER
100
AcDbCircle
 10
17.36234683328075
 20
11.71004441319383
 30
0.0
 40
0.5332556611435068
  0
CIRCLE
  5
10F
330
F1
100
AcDbEntity
  8
FORMAT_BODER
100
AcDbCircle
 10
3.614942488609813
 20
11.71004441319383
 30
0.0
 40
0.5332556611435068
  0
ENDBLK
  5
110
330
F1
100
AcDbEntity
  8
0
 48
12.0
100
AcDbBlockEnd
  0
BLOCK
  5
70A
330
707
100
AcDbEntity
  8
0
 62
     1
 48
10.0
100
AcDbBlockBegin
  2
CF
 70
     0
 10
0.0
 20
0.0
 30
0.0
  3
CF
  1

  0
ELLIPSE
  5
70B
330
707
100
AcDbEntity
  8
E-POWER
100
AcDbEllipse
 10
0.0
 20
0.0
 30
0.0
 11
3.528072807996227
 21
3.528072807996227
 31
0.0
210
0.0
220
0.0
230
0.9999999999999998
 40
0.9999999999969872
 41
5.497787143780628
 42
11.78097245096021
  0
LINE
  5
70C
330
707
100
AcDbEntity
  8
E-POWER
100
AcDbLine
 10
-8.774082959804218
 20
20.49476412631338
 30
0.0
 11
-4.624768626163132
 21
1.872461116116028
 31
0.0
  0
LINE
  5
70D
330
707
100
AcDbEntity
  8
E-POWER
100
AcDbLine
 10
-0.2910264220117824
 20
4.98095363345783
 30
0.0
 11
-6.527059153537266
 21
21.31706797782681
 31
0.0
  0
LINE
  5
70E
330
707
100
AcDbEntity
  8
E-POWER
100
AcDbLine
 10
-4.168119172201841
 20
-2.74251308899693
 30
0.0
 11
-15.19759282885934
 21
-16.31113302771701
 31
0.0
  0
LINE
  5
70F
330
707
100
AcDbEntity
  8
E-POWER
100
AcDbLine
 10
-13.36194490359048
 20
-17.84596079825133
 30
0.0
 11
0.6907854140736163
 21
-4.941397675625922
 31
0.0
  0
LINE
  5
710
330
707
100
AcDbEntity
  8
E-POWER
100
AcDbLine
 10
4.459145592903951
 20
-2.238440541586897
 30
0.0
 11
21.72465198434656
 21
-5.005934947148489
 31
0.0
  0
LINE
  5
711
330
707
100
AcDbEntity
  8
E-POWER
100
AcDbLine
 10
22.13602786118281
 20
-2.648803328534996
 30
0.0
 11
3.933983204784454
 21
3.068936561983719
 31
0.0
  0
ELLIPSE
  5
712
330
707
100
AcDbEntity
  8
E-POWER
100
AcDbEllipse
 10
0.0
 20
0.0
 30
0.0
 11
-22.29393265486237
 21
0.0213383880196572
 31
0.0
210
0.0
220
0.0
230
0.9999999999999999
 40
0.9999999998009174
 41
3.14254979210089
 42
9.425735099280477
  0
CIRCLE
  5
713
330
707
100
AcDbEntity
  8
E-POWER
100
AcDbCircle
 10
0.0
 20
0.0
 30
0.0
 40
24.0
  0
ENDBLK
  5
714
330
707
100
AcDbEntity
  8
0
 62
     1
 48
10.0
100
AcDbBlockEnd
  0
BLOCK
  5
47B
330
478
100
AcDbEntity
  8
0
 48
0.1
100
AcDbBlockBegin
  2
CONCEALED_LIGHTS
 70
     0
 10
0.0
 20
0.0
 30
0.0
  3
CONCEALED_LIGHTS
  1

  0
LWPOLYLINE
  5
47C
330
478
100
AcDbEntity
  8
0
  6
BYBLOCK
 48
0.1
100
AcDbPolyline
 90
        4
 70
     1
 43
0.0
 10
1575.838858630336
 20
-26814.89776304929
 10
1579.838858630336
 20
-26814.89776304929
 10
1579.838858630336
 20
-26810.89776304929
 10
1575.838858630336
 20
-26810.89776304929
  0
CIRCLE
  5
47D
330
478
100
AcDbEntity
  8
0
  6
BYBLOCK
 48
0.1
100
AcDbCircle
 10
1577.838858630336
 20
-26812.89776304929
 30
0.0
 40
1.5
  0
LWPOLYLINE
  5
47E
330
478
100
AcDbEntity
  8
0
  6
BYBLOCK
 48
0.1
100
AcDbPolyline
 90
        2
 70
     0
 43
0.0
 10
1575.717538286775
 20
-26812.89776304929
 10
1579.960178973895
 20
-26812.89776304929
  0
LWPOLYLINE
  5
47F
330
478
100
AcDbEntity
  8
0
  6
BYBLOCK
 48
0.1
100
AcDbPolyline
 90
        2
 70
     0
 43
0.0
 10
1577.838858630334
 20
-26815.01908339285
 10
1577.838858630337
 20
-26810.77644270573
  0
ENDBLK
  5
480
330
478
100
AcDbEntity
  8
0
 48
0.1
100
AcDbBlockEnd
  0
BLOCK
  5
872
330
871
100
AcDbEntity
  8
0
 62
     1
 48
20.0
100
AcDbBlockBegin
  2
DL_LIONEAR
 70
     0
 10
0.0
 20
0.0
 30
0.0
  3
DL_LIONEAR
  1

  0
LWPOLYLINE
  5
873
330
871
100
AcDbEntity
  8
ILC_LIGHTING
 62
     1
 48
20.0
100
AcDbPolyline
 90
        4
 70
     1
 43
0.0
 10
98164.17557113241
 20
-58609.80514310199
 10
98170.17557113241
 20
-58609.80514310199
 10
98170.17557113241
 20
-58611.80514310199
 10
98164.17557113241
 20
-58611.80514310199
  0
LWPOLYLINE
  5
874
330
871
100
AcDbEntity
  8
ILC_LIGHTING
 62
     1
 48
20.0
100
AcDbPolyline
 90
        4
 70
     1
 43
0.0
 10
98164.23557113238
 20
-58609.865143102
 10
98170.11557113244
 20
-58609.865143102
 10
98170.11557113244
 20
-58611.74514310198
 10
98164.23557113238
 20
-58611.74514310198
  0
LINE
  5
875
330
871
100
AcDbEntity
  8
ILC_LIGHTING
 62
     1
 48
20.0
100
AcDbLine
 10
98164.23557113238
 20
-58610.80514310199
 30
0.0
 11
98164.3539319337
 21
-58610.80514310199
 31
0.0
  0
LINE
  5
876
330
871
100
AcDbEntity
  8
ILC_LIGHTING
 62
     1
 48
20.0
100
AcDbLine
 10
98165.05721033108
 20
-58610.80514310199
 30
0.0
 11
98165.32393193372
 21
-58610.80514310199
 31
0.0
  0
LINE
  5
877
330
871
100
AcDbEntity
  8
ILC_LIGHTING
 62
     1
 48
20.0
100
AcDbLine
 10
98166.0272103311
 20
-58610.80514310199
 30
0.0
 11
98166.32393193372
 21
-58610.80514310199
 31
0.0
  0
LINE
  5
878
330
871
100
AcDbEntity
  8
ILC_LIGHTING
 62
     1
 48
20.0
100
AcDbLine
 10
98167.0272103311
 20
-58610.80514310199
 30
0.0
 11
98167.32393193372
 21
-58610.80514310199
 31
0.0
  0
LINE
  5
879
330
871
100
AcDbEntity
  8
ILC_LIGHTING
 62
     1
 48
20.0
100
AcDbLine
 10
98168.0272103311
 20
-58610.80514310199
 30
0.0
 11
98168.32393193372
 21
-58610.80514310199
 31
0.0
  0
LINE
  5
87A
330
871
100
AcDbEntity
  8
ILC_LIGHTING
 62
     1
 48
20.0
100
AcDbLine
 10
98169.0272103311
 20
-58610.80514310199
 30
0.0
 11
98169.29393193373
 21
-58610.80514310199
 31
0.0
  0
LINE
  5
87B
330
871
100
AcDbEntity
  8
ILC_LIGHTING
 62
     1
 48
20.0
100
AcDbLine
 10
98169.99721033112
 20
-58610.80514310199
 30
0.0
 11
98170.11557113244
 21
-58610.80514310199
 31
0.0
  0
LINE
  5
87C
330
871
100
AcDbEntity
  8
ILC_LIGHTING
 62
     1
 48
20.0
100
AcDbLine
 10
98165.17557113241
 20
-58609.865143102
 30
0.0
 11
98165.17557113241
 21
-58611.74514310198
 31
0.0
  0
LINE
  5
87D
330
871
100
AcDbEntity
  8
ILC_LIGHTING
 62
     1
 48
20.0
100
AcDbLine
 10
98166.17557113241
 20
-58609.865143102
 30
0.0
 11
98166.17557113241
 21
-58611.74514310198
 31
0.0
  0
LINE
  5
87E
330
871
100
AcDbEntity
  8
ILC_LIGHTING
 62
     1
 48
20.0
100
AcDbLine
 10
98167.17557113241
 20
-58609.865143102
 30
0.0
 11
98167.17557113241
 21
-58611.74514310198
 31
0.0
  0
LINE
  5
87F
330
871
100
AcDbEntity
  8
ILC_LIGHTING
 62
     1
 48
20.0
100
AcDbLine
 10
98168.17557113241
 20
-58609.865143102
 30
0.0
 11
98168.17557113241
 21
-58611.74514310198
 31
0.0
  0
LINE
  5
880
330
871
100
AcDbEntity
  8
ILC_LIGHTING
 62
     1
 48
20.0
100
AcDbLine
 10
98169.17557113241
 20
-58609.865143102
 30
0.0
 11
98169.17557113241
 21
-58611.74514310198
 31
0.0
  0
HATCH
  5
881
102
{ACAD_XDICTIONARY
360
95B
102
}
330
871
100
AcDbEntity
  8
ILC_LIGHTING
 62
     1
 48
20.0
100
AcDbHatch
 10
0.0
 20
0.0
 30
0.0
210
0.0
220
0.0
230
1.0
  2
SOLID
 70
     1
 71
     1
 91
        6
 92
        7
 72
     1
 73
     1
 93
        2
 10
98164.3539319337
 20
-58610.80514310199
 42
1.0
 10
98165.05721033108
 20
-58610.80514310199
 42
1.0
 97
        1
330
882
 92
        7
 72
     1
 73
     1
 93
        2
 10
98166.0272103311
 20
-58610.80514310199
 42
1.0
 10
98165.32393193372
 20
-58610.80514310199
 42
1.0
 97
        1
330
883
 92
        7
 72
     1
 73
     1
 93
        2
 10
98166.32393193372
 20
-58610.80514310199
 42
1.0
 10
98167.0272103311
 20
-58610.80514310199
 42
1.0
 97
        1
330
884
 92
        7
 72
     1
 73
     1
 93
        2
 10
98167.32393193372
 20
-58610.80514310199
 42
1.0
 10
98168.0272103311
 20
-58610.80514310199
 42
1.0
 97
        1
330
885
 92
        7
 72
     1
 73
     1
 93
        2
 10
98168.32393193372
 20
-58610.80514310199
 42
1.0
 10
98169.0272103311
 20
-58610.80514310199
 42
1.0
 97
        1
330
886
 92
        7
 72
     1
 73
     1
 93
        2
 10
98169.29393193373
 20
-58610.80514310199
 42
1.0
 10
98169.99721033112
 20
-58610.80514310199
 42
1.0
 97
        1
330
887
 75
     1
 76
     1
 47
0.0237222442090321
 98
        6
 10
98164.64303508095
 20
-58610.69865204462
 10
98165.5929755639
 20
-58610.84098642808
 10
98166.66165280463
 20
-58610.69865204462
 10
98167.63534063911
 20
-58610.69865204462
 10
98168.63277582517
 20
-58610.67492964738
 10
98169.74894776904
 20
-58610.69865204462
1001
GRADIENTCOLOR1ACI
1070
     1
1001
GRADIENTCOLOR2ACI
1070
     6
1001
ACAD
1010
0.0
1020
0.0
1030
0.0
  0
CIRCLE
  5
882
102
{ACAD_REACTORS
330
881
102
}
330
871
100
AcDbEntity
  8
ILC_LIGHTING
 62
     1
 48
20.0
100
AcDbCircle
 10
98164.70557113239
 20
-58610.80514310199
 30
0.0
 40
0.3516391986922827
  0
CIRCLE
  5
883
102
{ACAD_REACTORS
330
881
102
}
330
871
100
AcDbEntity
  8
ILC_LIGHTING
 62
     1
 48
20.0
100
AcDbCircle
 10
98165.67557113241
 20
-58610.80514310199
 30
0.0
 40
0.3516391986922827
  0
CIRCLE
  5
884
102
{ACAD_REACTORS
330
881
102
}
330
871
100
AcDbEntity
  8
ILC_LIGHTING
 62
     1
 48
20.0
100
AcDbCircle
 10
98166.67557113241
 20
-58610.80514310199
 30
0.0
 40
0.3516391986922827
  0
CIRCLE
  5
885
102
{ACAD_REACTORS
330
881
102
}
330
871
100
AcDbEntity
  8
ILC_LIGHTING
 62
     1
 48
20.0
100
AcDbCircle
 10
98167.67557113241
 20
-58610.80514310199
 30
0.0
 40
0.3516391986922827
  0
CIRCLE
  5
886
102
{ACAD_REACTORS
330
881
102
}
330
871
100
AcDbEntity
  8
ILC_LIGHTING
 62
     1
 48
20.0
100
AcDbCircle
 10
98168.67557113241
 20
-58610.80514310199
 30
0.0
 40
0.3516391986922827
  0
CIRCLE
  5
887
102
{ACAD_REACTORS
330
881
102
}
330
871
100
AcDbEntity
  8
ILC_LIGHTING
 62
     1
 48
20.0
100
AcDbCircle
 10
98169.64557113242
 20
-58610.80514310199
 30
0.0
 40
0.3516391986922827
  0
LINE
  5
888
330
871
100
AcDbEntity
  8
ILC_LIGHTING
 62
     1
 48
20.0
100
AcDbLine
 10
98164.23557113238
 20
-58611.74514310198
 30
0.0
 11
98164.54831330203
 21
-58611.11965876273
 31
0.0
  0
LINE
  5
889
330
871
100
AcDbEntity
  8
ILC_LIGHTING
 62
     1
 48
20.0
100
AcDbLine
 10
98164.86282896277
 20
-58610.49062744126
 30
0.0
 11
98165.17557113241
 21
-58609.865143102
 31
0.0
  0
LINE
  5
88A
330
871
100
AcDbEntity
  8
ILC_LIGHTING
 62
     1
 48
20.0
100
AcDbLine
 10
98165.17557113241
 20
-58609.865143102
 30
0.0
 11
98165.5104368029
 21
-58610.49469056251
 31
0.0
  0
LINE
  5
88B
330
871
100
AcDbEntity
  8
ILC_LIGHTING
 62
     1
 48
20.0
100
AcDbLine
 10
98165.84070546192
 20
-58611.11559564147
 30
0.0
 11
98166.17557113241
 21
-58611.74514310198
 31
0.0
  0
LINE
  5
88C
330
871
100
AcDbEntity
  8
ILC_LIGHTING
 62
     1
 48
20.0
100
AcDbLine
 10
98166.17557113241
 20
-58611.74514310198
 30
0.0
 11
98166.5104368029
 21
-58611.11559564148
 31
0.0
  0
LINE
  5
88D
330
871
100
AcDbEntity
  8
ILC_LIGHTING
 62
     1
 48
20.0
100
AcDbLine
 10
98166.84070546192
 20
-58610.4946905625
 30
0.0
 11
98167.17557113241
 21
-58609.865143102
 31
0.0
  0
LINE
  5
88E
330
871
100
AcDbEntity
  8
ILC_LIGHTING
 62
     1
 48
20.0
100
AcDbLine
 10
98167.17557113241
 20
-58609.865143102
 30
0.0
 11
98167.51043680288
 21
-58610.49469056251
 31
0.0
  0
LINE
  5
88F
330
871
100
AcDbEntity
  8
ILC_LIGHTING
 62
     1
 48
20.0
100
AcDbLine
 10
98167.84070546192
 20
-58611.11559564147
 30
0.0
 11
98168.17557113241
 21
-58611.74514310198
 31
0.0
  0
LINE
  5
890
330
871
100
AcDbEntity
  8
ILC_LIGHTING
 62
     1
 48
20.0
100
AcDbLine
 10
98168.17557113241
 20
-58611.74514310198
 30
0.0
 11
98168.5104368029
 21
-58611.11559564148
 31
0.0
  0
LINE
  5
891
330
871
100
AcDbEntity
  8
ILC_LIGHTING
 62
     1
 48
20.0
100
AcDbLine
 10
98168.84070546192
 20
-58610.4946905625
 30
0.0
 11
98169.17557113241
 21
-58609.865143102
 31
0.0
  0
LINE
  5
892
330
871
100
AcDbEntity
  8
ILC_LIGHTING
 62
     1
 48
20.0
100
AcDbLine
 10
98169.17557113241
 20
-58609.865143102
 30
0.0
 11
98169.48831330206
 21
-58610.49062744126
 31
0.0
  0
LINE
  5
893
330
871
100
AcDbEntity
  8
ILC_LIGHTING
 62
     1
 48
20.0
100
AcDbLine
 10
98169.80282896278
 20
-58611.11965876272
 30
0.0
 11
98170.11557113244
 21
-58611.74514310198
 31
0.0
  0
LINE
  5
894
330
871
100
AcDbEntity
  8
ILC_LIGHTING
 62
     1
 48
20.0
100
AcDbLine
 10
98170.11557113244
 20
-58609.865143102
 30
0.0
 11
98169.80282896281
 21
-58610.49062744127
 31
0.0
  0
LINE
  5
895
330
871
100
AcDbEntity
  8
ILC_LIGHTING
 62
     1
 48
20.0
100
AcDbLine
 10
98169.48831330205
 20
-58611.11965876272
 30
0.0
 11
98169.17557113241
 21
-58611.74514310198
 31
0.0
  0
LINE
  5
896
330
871
100
AcDbEntity
  8
ILC_LIGHTING
 62
     1
 48
20.0
100
AcDbLine
 10
98169.17557113241
 20
-58611.74514310198
 30
0.0
 11
98168.84070546192
 21
-58611.11559564147
 31
0.0
  0
LINE
  5
897
330
871
100
AcDbEntity
  8
ILC_LIGHTING
 62
     1
 48
20.0
100
AcDbLine
 10
98168.51043680288
 20
-58610.49469056251
 30
0.0
 11
98168.17557113241
 21
-58609.865143102
 31
0.0
  0
LINE
  5
898
330
871
100
AcDbEntity
  8
ILC_LIGHTING
 62
     1
 48
20.0
100
AcDbLine
 10
98168.17557113241
 20
-58609.865143102
 30
0.0
 11
98167.84070546193
 21
-58610.49469056251
 31
0.0
  0
LINE
  5
899
330
871
100
AcDbEntity
  8
ILC_LIGHTING
 62
     1
 48
20.0
100
AcDbLine
 10
98167.5104368029
 20
-58611.11559564148
 30
0.0
 11
98167.17557113241
 21
-58611.74514310198
 31
0.0
  0
LINE
  5
89A
330
871
100
AcDbEntity
  8
ILC_LIGHTING
 62
     1
 48
20.0
100
AcDbLine
 10
98167.17557113241
 20
-58611.74514310198
 30
0.0
 11
98166.84070546192
 21
-58611.11559564147
 31
0.0
  0
LINE
  5
89B
330
871
100
AcDbEntity
  8
ILC_LIGHTING
 62
     1
 48
20.0
100
AcDbLine
 10
98166.5104368029
 20
-58610.4946905625
 30
0.0
 11
98166.17557113241
 21
-58609.865143102
 31
0.0
  0
LINE
  5
89C
330
871
100
AcDbEntity
  8
ILC_LIGHTING
 62
     1
 48
20.0
100
AcDbLine
 10
98166.17557113241
 20
-58609.865143102
 30
0.0
 11
98165.84070546193
 21
-58610.49469056251
 31
0.0
  0
LINE
  5
89D
330
871
100
AcDbEntity
  8
ILC_LIGHTING
 62
     1
 48
20.0
100
AcDbLine
 10
98165.5104368029
 20
-58611.11559564148
 30
0.0
 11
98165.17557113241
 21
-58611.74514310198
 31
0.0
  0
LINE
  5
89E
330
871
100
AcDbEntity
  8
ILC_LIGHTING
 62
     1
 48
20.0
100
AcDbLine
 10
98165.17557113241
 20
-58611.74514310198
 30
0.0
 11
98164.86282896277
 21
-58611.11965876272
 31
0.0
  0
LINE
  5
89F
330
871
100
AcDbEntity
  8
ILC_LIGHTING
 62
     1
 48
20.0
100
AcDbLine
 10
98164.548313302
 20
-58610.49062744127
 30
0.0
 11
98164.23557113238
 21
-58609.865143102
 31
0.0
  0
ENDBLK
  5
8A0
330
871
100
AcDbEntity
  8
0
 62
     1
 48
20.0
100
AcDbBlockEnd
  0
BLOCK
  5
86E
330
86C
100
AcDbEntity
  8
0
 62
     0
 48
12.0
100
AcDbBlockBegin
  2
FGVDFV
 70
     0
 10
0.0
 20
0.0
 30
0.0
  3
FGVDFV
  1

  0
INSERT
  5
86F
330
86C
100
AcDbEntity
  8
ILC_LIGHTING
 62
     1
100
AcDbBlockReference
  2
DL_LIONEAR
 10
400869.4057889244
 20
-143556.8767683751
 30
0.0
 50
180.0
  0
ENDBLK
  5
8A1
330
86C
100
AcDbEntity
  8
0
 62
     0
 48
12.0
100
AcDbBlockEnd
  0
BLOCK
  5
75E
330
75C
100
AcDbEntity
  8
0
 48
20.0
100
AcDbBlockBegin
  2
GH
 70
     0
 10
0.0
 20
0.0
 30
0.0
  3
GH
  1

  0
CIRCLE
  5
75F
330
75C
100
AcDbEntity
  8
0
  6
BYBLOCK
 62
     2
 48
0.1
100
AcDbCircle
 10
112630.3854280782
 20
-144094.9209612679
 30
0.0
 40
1.601830244639115
  0
CIRCLE
  5
760
330
75C
100
AcDbEntity
  8
0
  6
BYBLOCK
 62
     2
 48
0.1
100
AcDbCircle
 10
112630.3854280782
 20
-144094.9209612679
 30
0.0
 40
1.101830244639115
  0
LWPOLYLINE
  5
761
330
75C
100
AcDbEntity
  8
0
  6
BYBLOCK
 62
     2
 48
0.1
100
AcDbPolyline
 90
        2
 70
     0
 43
0.0
 10
112632.6507581348
 20
-144094.9209612679
 10
112628.1200980216
 20
-144094.9209612679
  0
LWPOLYLINE
  5
762
330
75C
100
AcDbEntity
  8
0
  6
BYBLOCK
 62
     2
 48
0.1
100
AcDbPolyline
 90
        2
 70
     0
 43
0.0
 10
112630.3854280782
 20
-144092.6556312113
 10
112630.3854280782
 20
-144097.1862913245
  0
ENDBLK
  5
763
330
75C
100
AcDbEntity
  8
0
 48
20.0
100
AcDbBlockEnd
  0
BLOCK
  5
73D
330
73C
100
AcDbEntity
  8
0
 48
20.0
100
AcDbBlockBegin
  2
F_VC_X
 70
     0
 10
0.0
 20
0.0
 30
0.0
  3
F_VC_X
  1

  0
LWPOLYLINE
  5
73E
330
73C
100
AcDbEntity
  8
_ELEVATION__30
 48
0.3
100
AcDbPolyline
 90
        4
 70
     1
 43
1.5
 10
123990.3676447044
 20
-138379.5061914127
 10
124002.5127589444
 20
-138379.5061914127
 10
124002.5127589444
 20
-138391.6513056527
 10
123990.3676447044
 20
-138391.6513056527
  0
LWPOLYLINE
  5
73F
330
73C
100
AcDbEntity
  8
_ELEVATION__30
 48
0.3
100
AcDbPolyline
 90
        4
 70
     1
 43
1.5
 10
123993.3676447044
 20
-138382.5061914127
 10
123999.5127589444
 20
-138382.5061914127
 10
123999.5127589444
 20
-138388.6513056527
 10
123993.3676447044
 20
-138388.6513056527
  0
ENDBLK
  5
740
330
73C
100
AcDbEntity
  8
0
 48
20.0
100
AcDbBlockEnd
  0
BLOCK
  5
866
330
865
100
AcDbEntity
  8
0
 48
12.0
100
AcDbBlockBegin
  2
V_VBVBV_VCNVBN
 70
     0
 10
0.0
 20
0.0
 30
0.0
  3
V_VBVBV_VCNVBN
  1

  0
LINE
  5
867
330
865
100
AcDbEntity
  8
WALL
 48
12.0
100
AcDbLine
 39
6.0
 10
313802.9329336763
 20
-91473.4216638211
 30
0.0
 11
313802.9329336763
 21
-91476.18977630674
 31
0.0
  0
LWPOLYLINE
  5
868
330
865
100
AcDbEntity
  8
WALL
 48
12.0
100
AcDbPolyline
 90
        5
 70
     0
 43
0.0
 10
313804.7992224314
 20
-91474.8061859333
 10
313804.7992224314
 20
-91475.14572981742
 10
313802.9329336763
 20
-91475.14572981742
 10
313802.9329336763
 20
-91474.46664204911
 10
313804.4568385314
 20
-91474.46664204911
  0
LWPOLYLINE
  5
869
330
865
100
AcDbEntity
  8
WALL
 48
12.0
100
AcDbPolyline
 90
        4
 70
     1
 43
0.0
 10
313804.1386615518
 20
-91474.15110429304
 10
313807.6728183342
 20
-91470.58738708685
 10
313808.9939400934
 20
-91471.89755036731
 10
313805.459783311
 20
-91475.4612675735
  0
ENDBLK
  5
86A
330
865
100
AcDbEntity
  8
0
 48
12.0
100
AcDbBlockEnd
  0
BLOCK
  5
768
330
766
100
AcDbEntity
  8
0
 48
20.0
100
AcDbBlockBegin
  2
RGTRGH
 70
     0
 10
0.0
 20
0.0
 30
0.0
  3
RGTRGH
  1

  0
CIRCLE
  5
769
330
766
100
AcDbEntity
  8
0
  6
BYBLOCK
 62
     1
 48
0.1
100
AcDbCircle
 10
158744.3215925709
 20
-136184.8277479883
 30
0.0
 40
1.101830244639115
  0
LWPOLYLINE
  5
76A
330
766
100
AcDbEntity
  8
0
  6
BYBLOCK
 62
     1
 48
0.1
100
AcDbPolyline
 90
        2
 70
     0
 43
0.0
 10
158744.3215925709
 20
-136187.0930780449
 10
158744.3215925709
 20
-136182.5624179317
  0
LWPOLYLINE
  5
76B
330
766
100
AcDbEntity
  8
0
  6
BYBLOCK
 62
     1
 48
0.1
100
AcDbPolyline
 90
        2
 70
     0
 43
0.0
 10
158746.5869226275
 20
-136184.8277479883
 10
158742.0562625144
 20
-136184.8277479883
  0
ENDBLK
  5
76C
330
766
100
AcDbEntity
  8
0
 48
20.0
100
AcDbBlockEnd
  0
BLOCK
  5
6F9
330
6F7
100
AcDbEntity
  8
0
 48
20.0
100
AcDbBlockBegin
  2
TRTHTRH
 70
     0
 10
0.0
 20
0.0
 30
0.0
  3
TRTHTRH
  1

  0
ELLIPSE
  5
6FA
330
6F7
100
AcDbEntity
  8
DIM4
 62
     6
 48
20.0
100
AcDbEllipse
 10
42025.43625840659
 20
1270.698413752711
 30
0.0
 11
-4.746902526688866
 21
0.2419066509065915
 31
0.0
210
0.0
220
0.0
230
0.9999999999999999
 40
0.5706035901288792
 41
0.0
 42
6.283185307179586
  0
MTEXT
  5
6FD
330
6F7
100
AcDbEntity
  8
TEXT
 62
     1
 48
5.0
100
AcDbMText
 10
42025.53770998447
 20
1272.065338355686
 30
0.0
 40
2.407666848032388
 41
86.43804471804536
 71
     2
 72
     5
  1
{\fArial|b0|i0|c0|p34;C.W.}
  7
GET
 11
1.0
 21
-1.029742093884595E-8
 31
0.0
1001
ACAD
1000
ACAD_MTEXT_DEFINED_HEIGHT_BEGIN
1070
    46
1040
3.156568822808004
1000
ACAD_MTEXT_DEFINED_HEIGHT_END
  0
ENDBLK
  5
701
330
6F7
100
AcDbEntity
  8
0
 48
20.0
100
AcDbBlockEnd
  0
BLOCK
  5
115
330
112
100
AcDbEntity
  8
0
 48
12.0
100
AcDbBlockBegin
  2
HH
 70
     0
 10
0.0
 20
0.0
 30
0.0
  3
HH
  1

  0
MLINE
  5
116
330
112
100
AcDbEntity
  8
FORMAT_BODER_HATCH
 62
   251
100
AcDbMline
  2
WINDOW
340
66
 40
1.0
 70
     0
 71
     1
 72
     2
 73
     4
 10
364536.6680372973
 20
-82558.93789227317
 30
0.0
210
0.0
220
0.0
230
1.0
 11
364536.6680372973
 21
-82558.93789227317
 31
0.0
 12
0.9999999841664635
 22
0.0001779524451384829
 32
0.0
 13
-0.0001779524451384074
 23
0.9999999841664635
 33
0.0
 74
     2
 41
0.0
 41
0.0
 75
     0
 74
     2
 41
-1.5
 41
0.0
 75
     0
 74
     2
 41
-3.0
 41
0.0
 75
     0
 74
     2
 41
-4.5
 41
0.0
 75
     0
 11
364554.6680373027
 21
-82558.9346891291
 31
0.0
 12
0.9999999841664635
 22
0.0001779524451384829
 32
0.0
 13
-0.0001779524451384074
 23
0.9999999841664635
 33
0.0
 74
     2
 41
0.0
 41
0.0
 75
     0
 74
     2
 41
-1.5
 41
0.0
 75
     0
 74
     2
 41
-3.0
 41
0.0
 75
     0
 74
     2
 41
-4.5
 41
0.0
 75
     0
  0
HATCH
  5
118
330
112
100
AcDbEntity
  8
FORMAT_BODER_HATCH
 62
   251
 48
12.0
100
AcDbHatch
 10
0.0
 20
0.0
 30
0.0
210
0.0
220
0.0
230
1.0
  2
SOLID
 70
     1
 71
     0
 91
        1
 92
        1
 93
        8
 72
     1
 10
364621.4779236868
 20
-82951.94399201387
 11
364624.4779270589
 21
-82951.94399201384
 72
     1
 10
364624.4779270589
 20
-82951.94399201384
 11
364624.4779270589
 21
-82947.44399201387
 72
     1
 10
364624.4779270589
 20
-82947.44399201387
 11
364612.5673821138
 21
-82947.44268446528
 72
     1
 10
364612.5673821138
 20
-82947.44268446528
 11
364612.5647308943
 21
-82951.94399201384
 72
     1
 10
364612.5647308943
 20
-82951.94399201384
 11
364616.9779236869
 21
-82951.94399201384
 72
     1
 10
364616.9779236869
 20
-82951.94399201384
 11
364616.9779236836
 21
-82978.94399201716
 72
     1
 10
364616.9779236836
 20
-82978.94399201716
 11
364621.4779236836
 21
-82978.94399201716
 72
     1
 10
364621.4779236836
 20
-82978.94399201716
 11
364621.4779236868
 21
-82951.94399201387
 97
        0
 75
     1
 76
     1
 98
        1
 10
364619.2418633956
 20
-82957.33663921061
1001
GRADIENTCOLOR1ACI
1070
     5
1001
GRADIENTCOLOR2ACI
1070
     2
1001
ACAD
1010
0.0
1020
0.0
1030
0.0
  0
LWPOLYLINE
  5
119
330
112
100
AcDbEntity
  8
FORMAT_BODER_HATCH
  6
DASHED2
 62
   251
 48
20.0
100
AcDbPolyline
 90
        4
 70
     1
 43
0.0
 10
364655.9779236864
 20
-82567.9439920139
 10
364655.9779236864
 20
-82603.94399201384
 10
364651.4779236864
 20
-82603.94399201384
 10
364651.4779236864
 20
-82567.9439920139
  0
MLINE
  5
11B
330
112
100
AcDbEntity
  8
FORMAT_BODER_HATCH
 62
   251
100
AcDbMline
  2
WINDOW
340
66
 40
1.0
 70
     0
 71
     1
 72
     2
 73
     4
 10
364587.0869650373
 20
-82410.44399196413
 30
0.0
210
0.0
220
0.0
230
1.0
 11
364587.0869650373
 21
-82410.44399196413
 31
0.0
 12
1.0
 22
-1.046304590294499E-9
 32
0.0
 13
1.046304820562227E-9
 23
1.0
 33
0.0
 74
     2
 41
0.0
 41
0.0
 75
     0
 74
     2
 41
-1.5
 41
0.0
 75
     0
 74
     2
 41
-3.0
 41
0.0
 75
     0
 74
     2
 41
-4.5
 41
0.0
 75
     0
 11
364646.9779236869
 21
-82410.44399202679
 31
0.0
 12
1.0
 22
-1.046304590294499E-9
 32
0.0
 13
1.046304820562227E-9
 23
1.0
 33
0.0
 74
     2
 41
0.0
 41
0.0
 75
     0
 74
     2
 41
-1.5
 41
0.0
 75
     0
 74
     2
 41
-3.0
 41
0.0
 75
     0
 74
     2
 41
-4.5
 41
0.0
 75
     0
  0
MLINE
  5
11C
330
112
100
AcDbEntity
  8
FORMAT_BODER_HATCH
 62
   251
100
AcDbMline
  2
WINDOW
340
66
 40
1.0
 70
     0
 71
     1
 72
     2
 73
     4
 10
364651.4779237339
 20
-82436.69399201384
 30
0.0
210
0.0
220
0.0
230
1.0
 11
364651.4779237339
 21
-82436.69399201384
 31
0.0
 12
-2.412384168969260E-9
 22
1.0
 32
0.0
 13
-1.0
 23
-2.412383947818089E-9
 33
0.0
 74
     2
 41
0.0
 41
0.0
 75
     0
 74
     2
 41
-1.5
 41
0.0
 75
     0
 74
     2
 41
-3.0
 41
0.0
 75
     0
 74
     2
 41
-4.5
 41
0.0
 75
     0
 11
364651.4779236905
 21
-82418.69399201384
 31
0.0
 12
-2.412384168969260E-9
 22
1.0
 32
0.0
 13
-1.0
 23
-2.412383947818089E-9
 33
0.0
 74
     2
 41
0.0
 41
0.0
 75
     0
 74
     2
 41
-1.5
 41
0.0
 75
     0
 74
     2
 41
-3.0
 41
0.0
 75
     0
 74
     2
 41
-4.5
 41
0.0
 75
     0
  0
LWPOLYLINE
  5
11D
330
112
100
AcDbEntity
  8
FORMAT_BODER_HATCH
  6
DASHED2
 62
   251
 48
20.0
100
AcDbPolyline
 90
        4
 70
     1
 43
0.0
 10
364612.5634060547
 20
-82951.94399201384
 10
364582.561561612
 20
-82951.94399201384
 10
364582.561561612
 20
-82947.44399201384
 10
364612.5634060547
 20
-82947.44399201384
  0
MLINE
  5
11E
330
112
100
AcDbEntity
  8
FORMAT_BODER_HATCH
 62
   251
100
AcDbMline
  2
WINDOW
340
66
 40
1.0
 70
     0
 71
     1
 72
     2
 73
     4
 10
364616.9779236604
 20
-82996.94399091825
 30
0.0
210
0.0
220
0.0
230
1.0
 11
364616.9779236604
 21
-82996.94399091825
 31
0.0
 12
1.474594166226877E-9
 22
1.0
 32
0.0
 13
-1.0
 23
1.474593902879714E-9
 33
0.0
 74
     2
 41
0.0
 41
0.0
 75
     0
 74
     2
 41
-1.5
 41
0.0
 75
     0
 74
     2
 41
-3.0
 41
0.0
 75
     0
 74
     2
 41
-4.5
 41
0.0
 75
     0
 11
364616.9779236869
 21
-82978.94399201384
 31
0.0
 12
1.474594166226877E-9
 22
1.0
 32
0.0
 13
-1.0
 23
1.474593902879714E-9
 33
0.0
 74
     2
 41
0.0
 41
0.0
 75
     0
 74
     2
 41
-1.5
 41
0.0
 75
     0
 74
     2
 41
-3.0
 41
0.0
 75
     0
 74
     2
 41
-4.5
 41
0.0
 75
     0
  0
MLINE
  5
11F
330
112
100
AcDbEntity
  8
FORMAT_BODER_HATCH
 62
   251
100
AcDbMline
  2
WINDOW
340
66
 40
1.0
 70
     0
 71
     1
 72
     2
 73
     4
 10
364624.4779270589
 20
-82947.44399201384
 30
0.0
210
0.0
220
0.0
230
1.0
 11
364624.4779270589
 21
-82947.44399201384
 31
0.0
 12
1.0
 22
0.0
 32
0.0
 13
-2.220446049250313E-16
 23
1.0
 33
0.0
 74
     2
 41
0.0
 41
0.0
 75
     0
 74
     2
 41
-1.5
 41
0.0
 75
     0
 74
     2
 41
-3.0
 41
0.0
 75
     0
 74
     2
 41
-4.5
 41
0.0
 75
     0
 11
364684.4779270589
 21
-82947.44399201384
 31
0.0
 12
1.0
 22
0.0
 32
0.0
 13
-2.220446049250313E-16
 23
1.0
 33
0.0
 74
     2
 41
0.0
 41
0.0
 75
     0
 74
     2
 41
-1.5
 41
0.0
 75
     0
 74
     2
 41
-3.0
 41
0.0
 75
     0
 74
     2
 41
-4.5
 41
0.0
 75
     0
  0
LWPOLYLINE
  5
120
330
112
100
AcDbEntity
  8
FORMAT_BODER_HATCH
  6
DASHED2
 62
   251
 48
20.0
100
AcDbPolyline
 90
        4
 70
     1
 43
0.0
 10
364549.4779236868
 20
-82686.44399201381
 10
364585.4779236868
 20
-82686.44399201381
 10
364585.4779236868
 20
-82681.94399201381
 10
364549.4779236868
 20
-82681.94399201381
  0
LINE
  5
121
330
112
100
AcDbEntity
  8
FORMAT_BODER_HATCH
 62
   251
 48
10.0
100
AcDbLine
 10
364532.9779236868
 20
-82791.44399201381
 30
0.0
 11
364568.9779236869
 21
-82791.44399201381
 31
0.0
  0
LINE
  5
122
330
112
100
AcDbEntity
  8
FORMAT_BODER_HATCH
 62
   251
 48
10.0
100
AcDbLine
 10
364571.9779236869
 20
-82791.44399201381
 30
0.0
 11
364607.9779236868
 21
-82791.44399201381
 31
0.0
  0
LINE
  5
123
330
112
100
AcDbEntity
  8
FORMAT_BODER_HATCH
 62
   251
 48
10.0
100
AcDbLine
 10
364532.9779236868
 20
-82782.44399201381
 30
0.0
 11
364568.9779236869
 21
-82782.44399201381
 31
0.0
  0
LINE
  5
124
330
112
100
AcDbEntity
  8
FORMAT_BODER_HATCH
 62
   251
 48
10.0
100
AcDbLine
 10
364571.9779236869
 20
-82782.44399201381
 30
0.0
 11
364607.9779236868
 21
-82782.44399201381
 31
0.0
  0
LINE
  5
125
330
112
100
AcDbEntity
  8
FORMAT_BODER_HATCH
 62
   251
 48
10.0
100
AcDbLine
 10
364532.9779236868
 20
-82773.44399201381
 30
0.0
 11
364568.9779236869
 21
-82773.44399201381
 31
0.0
  0
LINE
  5
126
330
112
100
AcDbEntity
  8
FORMAT_BODER_HATCH
 62
   251
 48
10.0
100
AcDbLine
 10
364571.9779236869
 20
-82773.44399201381
 30
0.0
 11
364607.9779236868
 21
-82773.44399201381
 31
0.0
  0
LINE
  5
127
330
112
100
AcDbEntity
  8
FORMAT_BODER_HATCH
 62
   251
 48
10.0
100
AcDbLine
 10
364532.9779236868
 20
-82764.44399201381
 30
0.0
 11
364568.9779236869
 21
-82764.44399201381
 31
0.0
  0
LINE
  5
128
330
112
100
AcDbEntity
  8
FORMAT_BODER_HATCH
 62
   251
 48
10.0
100
AcDbLine
 10
364532.9779236868
 20
-82755.44399201381
 30
0.0
 11
364568.9779236869
 21
-82755.44399201381
 31
0.0
  0
LINE
  5
129
330
112
100
AcDbEntity
  8
FORMAT_BODER_HATCH
 62
   251
 48
10.0
100
AcDbLine
 10
364571.9779236869
 20
-82764.44399201381
 30
0.0
 11
364607.9779236868
 21
-82764.44399201381
 31
0.0
  0
LINE
  5
12A
330
112
100
AcDbEntity
  8
FORMAT_BODER_HATCH
 62
   251
 48
10.0
100
AcDbLine
 10
364571.9779236869
 20
-82755.44399201381
 30
0.0
 11
364607.9779236868
 21
-82755.44399201381
 31
0.0
  0
LINE
  5
12B
330
112
100
AcDbEntity
  8
FORMAT_BODER_HATCH
 62
   251
 48
10.0
100
AcDbLine
 10
364532.9779236868
 20
-82746.44399201381
 30
0.0
 11
364568.9779236869
 21
-82746.44399201381
 31
0.0
  0
LINE
  5
12C
330
112
100
AcDbEntity
  8
FORMAT_BODER_HATCH
 62
   251
 48
10.0
100
AcDbLine
 10
364571.9779236869
 20
-82746.44399201381
 30
0.0
 11
364607.9779236868
 21
-82746.44399201381
 31
0.0
  0
LINE
  5
12D
330
112
100
AcDbEntity
  8
FORMAT_BODER_HATCH
 62
   251
 48
10.0
100
AcDbLine
 10
364532.9779236868
 20
-82737.44399201381
 30
0.0
 11
364568.9779236869
 21
-82737.44399201381
 31
0.0
  0
LINE
  5
12E
330
112
100
AcDbEntity
  8
FORMAT_BODER_HATCH
 62
   251
 48
10.0
100
AcDbLine
 10
364571.9779236869
 20
-82737.44399201381
 30
0.0
 11
364607.9779236868
 21
-82737.44399201381
 31
0.0
  0
LINE
  5
12F
330
112
100
AcDbEntity
  8
FORMAT_BODER_HATCH
 62
   251
 48
10.0
100
AcDbLine
 10
364532.9779236868
 20
-82728.44399201381
 30
0.0
 11
364568.9779236869
 21
-82728.44399201381
 31
0.0
  0
LINE
  5
130
330
112
100
AcDbEntity
  8
FORMAT_BODER_HATCH
 62
   251
 48
10.0
100
AcDbLine
 10
364571.9779236869
 20
-82728.44399201381
 30
0.0
 11
364607.9779236868
 21
-82728.44399201381
 31
0.0
  0
LWPOLYLINE
  5
131
330
112
100
AcDbEntity
  8
FORMAT_BODER_HATCH
 62
   251
 48
10.0
100
AcDbPolyline
 90
        3
 70
     0
 43
0.0
 10
364621.4779236868
 20
-83010.44399201384
 10
364768.4779236868
 20
-83010.44399201384
 10
364768.4779236868
 20
-82974.44399201384
  0
LWPOLYLINE
  5
132
330
112
100
AcDbEntity
  8
FORMAT_BODER_HATCH
 62
   251
 48
10.0
100
AcDbPolyline
 90
        3
 70
     0
 43
0.0
 10
364621.4779236868
 20
-83008.44399201384
 10
364766.4779236868
 20
-83008.44399201384
 10
364766.4779236868
 20
-82974.44399201384
  0
LWPOLYLINE
  5
133
330
112
100
AcDbEntity
  8
FORMAT_BODER_HATCH
 62
   251
 48
10.0
100
AcDbPolyline
 90
        3
 70
     0
 43
0.0
 10
364621.4779236868
 20
-83005.44399201384
 10
364763.4779236868
 20
-83005.44399201384
 10
364763.4779236868
 20
-82974.44399201384
  0
LWPOLYLINE
  5
134
330
112
100
AcDbEntity
  8
FORMAT_BODER_HATCH
 62
   251
 48
10.0
100
AcDbPolyline
 90
        3
 70
     0
 43
0.0
 10
364621.4779236868
 20
-83007.44399201384
 10
364765.4779236868
 20
-83007.44399201384
 10
364765.4779236868
 20
-82974.44399201384
  0
LINE
  5
135
330
112
100
AcDbEntity
  8
FORMAT_BODER_HATCH
 62
   251
 48
10.0
100
AcDbLine
 10
364568.9779236869
 20
-82791.44399201381
 30
0.0
 11
364571.9779236869
 21
-82791.44399201381
 31
0.0
  0
LWPOLYLINE
  5
136
330
112
100
AcDbEntity
  8
FORMAT_BODER_HATCH
 62
   251
 48
10.0
100
AcDbPolyline
 90
        4
 70
     1
 43
0.0
 10
364568.9779236869
 20
-82791.44399201381
 10
364571.9779236869
 20
-82791.44399201381
 10
364571.9779236869
 20
-82728.44399201381
 10
364568.9779236869
 20
-82728.44399201381
  0
LWPOLYLINE
  5
137
330
112
100
AcDbEntity
  8
FORMAT_BODER_HATCH
 62
   251
 48
10.0
100
AcDbPolyline
 90
        4
 70
     1
 43
0.0
 10
364569.9779236869
 20
-82790.44399201381
 10
364570.9779236869
 20
-82790.44399201381
 10
364570.9779236869
 20
-82729.44399201381
 10
364569.9779236869
 20
-82729.44399201381
  0
LWPOLYLINE
  5
138
330
112
100
AcDbEntity
  8
FORMAT_BODER_HATCH
 62
   251
 48
10.0
100
AcDbPolyline
 90
        6
 70
     1
 43
0.0
 10
364739.977923687
 20
-82831.9439920138
 10
364739.9779236868
 20
-82945.94399201384
 10
364723.8883714481
 20
-82945.94399201384
 10
364723.8883714481
 20
-82969.94399201384
 10
364763.9779236868
 20
-82969.94399201384
 10
364763.9779236868
 20
-82831.9439920138
  0
LWPOLYLINE
  5
139
330
112
100
AcDbEntity
  8
FORMAT_BODER_HATCH
  6
DASHED2
 62
   251
 48
20.0
100
AcDbPolyline
 90
        4
 70
     1
 43
0.0
 10
364740.079591122
 20
-82831.94399201378
 10
364691.8883714481
 20
-82831.94399201381
 10
364691.8883714481
 20
-82827.44399201384
 10
364740.079591122
 20
-82827.44399201378
  0
LWPOLYLINE
  5
13A
330
112
100
AcDbEntity
  8
FORMAT_BODER_HATCH
 62
   251
 48
10.0
100
AcDbPolyline
 90
        3
 70
     0
 43
0.0
 10
364655.9779236869
 20
-82410.44399201384
 10
364715.9779236869
 20
-82410.44399201384
 10
364715.9779236869
 20
-82416.44399201384
  0
LWPOLYLINE
  5
13B
330
112
100
AcDbEntity
  8
FORMAT_BODER_HATCH
 62
   251
 48
10.0
100
AcDbPolyline
 90
        3
 70
     0
 43
0.0
 10
364655.9779236869
 20
-82414.94399201384
 10
364711.4779236869
 20
-82414.94399201384
 10
364711.4779236869
 20
-82416.44399201384
  0
LWPOLYLINE
  5
13C
330
112
100
AcDbEntity
  8
FORMAT_BODER_HATCH
 62
   251
 48
10.0
100
AcDbPolyline
 90
        3
 70
     0
 43
0.0
 10
364655.9779236869
 20
-82412.44399201384
 10
364713.9779236869
 20
-82412.44399201384
 10
364713.9779236869
 20
-82416.44399201384
  0
LWPOLYLINE
  5
13D
330
112
100
AcDbEntity
  8
FORMAT_BODER_HATCH
 62
   251
 48
10.0
100
AcDbPolyline
 90
        3
 70
     0
 43
0.0
 10
364655.9779236869
 20
-82412.94399201384
 10
364713.4779236869
 20
-82412.94399201384
 10
364713.4779236869
 20
-82416.44399201384
  0
LWPOLYLINE
  5
13E
330
112
100
AcDbEntity
  8
FORMAT_BODER_HATCH
  6
DASHED2
 62
   251
 48
20.0
100
AcDbPolyline
 90
        4
 70
     1
 43
0.0
 10
364612.477923687
 20
-82558.94399201384
 10
364648.477923687
 20
-82558.94399201384
 10
364648.477923687
 20
-82563.44399201381
 10
364612.477923687
 20
-82563.44399201384
  0
LWPOLYLINE
  5
13F
330
112
100
AcDbEntity
  8
FORMAT_BODER_HATCH
 62
   251
100
AcDbPolyline
 90
        4
 70
     1
 43
0.0
 10
364759.4779236868
 20
-82420.94399201384
 10
364715.9779236868
 20
-82420.94399201384
 10
364715.9779236868
 20
-82444.94399201384
 10
364759.4779236868
 20
-82444.94399201384
  0
LWPOLYLINE
  5
140
330
112
100
AcDbEntity
  8
FORMAT_BODER_HATCH
 62
   251
100
AcDbPolyline
 90
        4
 70
     1
 43
0.0
 10
364758.4779236869
 20
-82421.94399201384
 10
364716.9779236868
 20
-82421.94399201384
 10
364716.9779236868
 20
-82443.94399201384
 10
364758.4779236869
 20
-82443.94399201384
  0
LWPOLYLINE
  5
141
330
112
100
AcDbEntity
  8
FORMAT_BODER_HATCH
 62
   251
100
AcDbPolyline
 90
        4
 70
     1
 43
0.0
 10
364758.4779236869
 20
-82432.44399201384
 10
364716.9779236868
 20
-82432.44399201384
 10
364716.9779236868
 20
-82433.44399201384
 10
364758.4779236869
 20
-82433.44399201384
  0
INSERT
  5
142
330
112
100
AcDbEntity
  8
FORMAT_BODER_HATCH
 62
   251
100
AcDbBlockReference
  2
WERTUYO
 10
364080.4120627127
 20
-83118.68604910982
 30
0.0
  0
INSERT
  5
14D
330
112
100
AcDbEntity
  8
FORMAT_BODER_HATCH
 62
   251
100
AcDbBlockReference
  2
WERTUYO
 10
364106.90451195
 20
-83118.12407151557
 30
0.0
  0
INSERT
  5
14E
330
112
100
AcDbEntity
  8
FORMAT_BODER_HATCH
 62
   251
100
AcDbBlockReference
  2
WERTUYO
 10
364074.4454562348
 20
-83118.68604910982
 30
0.0
  0
MTEXT
  5
14F
330
112
100
AcDbEntity
  8
FORMAT_BODER_HATCH
 62
   251
100
AcDbMText
 10
364695.5815909767
 20
-82571.48967663755
 30
0.0
 40
2.549168613771349
 41
34.89980532792569
 71
     8
 72
     5
  1
\A1;BEDROOM -03\P7'-9" X 13'-7{\H0.7x;\S1/2;}"
  7
TEXT
1001
ACAD
1000
ACAD_MTEXT_DEFINED_HEIGHT_BEGIN
1070
    46
1040
75.68874848891875
1000
ACAD_MTEXT_DEFINED_HEIGHT_END
  0
MTEXT
  5
151
330
112
100
AcDbEntity
  8
FORMAT_BODER_HATCH
 62
   251
100
AcDbMText
 10
364640.7187182739
 20
-82898.57118872373
 30
0.0
 40
2.549168613771349
 41
34.89980532792569
 71
     8
 72
     5
  1
\A1;BEDROOM -01\P12'-6" X 9'-7{\H0.7x;\S1/2;}"
  7
TEXT
1001
ACAD
1000
ACAD_MTEXT_DEFINED_HEIGHT_BEGIN
1070
    46
1040
75.68874848891875
1000
ACAD_MTEXT_DEFINED_HEIGHT_END
  0
MTEXT
  5
152
330
112
100
AcDbEntity
  8
FORMAT_BODER_HATCH
 62
   251
100
AcDbMText
 10
364715.4637842624
 20
-82894.62076445518
 30
0.0
 40
2.549168613771349
 41
34.89980532792569
 71
     8
 72
     5
  1
\A1;KITCHEN\P6'-0" X 11'-6"
  7
TEXT
1001
ACAD
1000
ACAD_MTEXT_DEFINED_HEIGHT_BEGIN
1070
    46
1040
75.68874848891875
1000
ACAD_MTEXT_DEFINED_HEIGHT_END
  0
MTEXT
  5
153
330
112
100
AcDbEntity
  8
FORMAT_BODER_HATCH
 62
   251
100
AcDbMText
 10
364705.6626867391
 20
-82722.99135262931
 30
0.0
 40
2.549168613771349
 41
34.89980532792569
 71
     8
 72
     5
  1
\A1;DRAWING &\PDINNING AREA \P12'-7{\H0.7x;\S1/2;}" X 17'-10{\H0.7x;\S1/2;}"
  7
TEXT
1001
ACAD
1000
ACAD_MTEXT_DEFINED_HEIGHT_BEGIN
1070
    46
1040
38.58867641271706
1000
ACAD_MTEXT_DEFINED_HEIGHT_END
  0
MTEXT
  5
154
330
112
100
AcDbEntity
  8
FORMAT_BODER_HATCH
 62
   251
100
AcDbMText
 10
364570.7373728394
 20
-82606.88997610027
 30
0.0
 40
2.549168613771349
 41
34.89980532792569
 71
     8
 72
     5
  1
\A1;TOILET-02\P6'-3" X 5'-0"
  7
TEXT
1001
ACAD
1000
ACAD_MTEXT_DEFINED_HEIGHT_BEGIN
1070
    46
1040
75.68874848891875
1000
ACAD_MTEXT_DEFINED_HEIGHT_END
  0
MTEXT
  5
155
330
112
100
AcDbEntity
  8
FORMAT_BODER_HATCH
 62
   251
100
AcDbMText
 10
364571.2086634993
 20
-82720.07310858353
 30
0.0
 40
2.549168613771349
 41
34.89980532792569
 71
     8
 72
     5
  1
\A1;STAIRCASE &\P LIFT LOBBY \P6'-3" X 3'-6"
  7
TEXT
1001
ACAD
1000
ACAD_MTEXT_DEFINED_HEIGHT_BEGIN
1070
    46
1040
75.68874848891875
1000
ACAD_MTEXT_DEFINED_HEIGHT_END
  0
LWPOLYLINE
  5
156
330
112
100
AcDbEntity
  8
FORMAT_BODER_HATCH
  6
CONTINUOUS
 62
   251
 48
10.0
100
AcDbPolyline
 90
        4
 70
     1
 43
0.0
 10
364540.4779236868
 20
-82678.94399201381
 10
364600.4779236868
 20
-82678.94399201384
 10
364600.4779236868
 20
-82630.94399201381
 10
364540.4779236868
 20
-82630.94399201381
  0
LWPOLYLINE
  5
157
330
112
100
AcDbEntity
  8
FORMAT_BODER_HATCH
  6
CONTINUOUS
 62
   251
 48
10.0
100
AcDbPolyline
 90
        4
 70
     1
 43
0.0
 10
364539.4779236868
 20
-82679.94399201381
 10
364601.4779236868
 20
-82679.94399201384
 10
364601.4779236868
 20
-82629.94399201381
 10
364539.4779236868
 20
-82629.94399201381
  0
LINE
  5
158
330
112
100
AcDbEntity
  8
FORMAT_BODER_HATCH
  6
DASHED2
 62
   251
 48
20.0
100
AcDbLine
 10
364583.938130428
 20
-82668.96820219883
 30
0.0
 11
364600.4779236868
 21
-82678.94399201384
 31
0.0
  0
LWPOLYLINE
  5
159
330
112
100
AcDbEntity
  8
FORMAT_BODER_HATCH
 62
   251
100
AcDbPolyline
 90
        4
 70
     1
 43
0.0
 10
364553.3459930675
 20
-82641.66672075604
 10
364591.1197628873
 20
-82641.66672075604
 10
364591.1197628873
 20
-82668.96820219883
 10
364553.3459930675
 20
-82668.96820219883
  0
MTEXT
  5
15A
330
112
100
AcDbEntity
  8
FORMAT_BODER_HATCH
 62
   251
100
AcDbMText
 10
364573.2463487878
 20
-82665.21796294407
 30
0.0
 40
2.549168613771349
 41
34.89980532792569
 71
     8
 72
     5
  1
\A1;\PLIFT\P5'-6" X 4'-6"\P5 PASSENGER LIFT
  7
TEXT
1001
ACAD
1000
ACAD_MTEXT_DEFINED_HEIGHT_BEGIN
1070
    46
1040
75.68874848891875
1000
ACAD_MTEXT_DEFINED_HEIGHT_END
  0
LINE
  5
15B
330
112
100
AcDbEntity
  8
FORMAT_BODER_HATCH
  6
DASHED2
 62
   251
 48
20.0
100
AcDbLine
 10
364540.4779236869
 20
-82630.94399201384
 30
0.0
 11
364558.1314272893
 21
-82641.66672075607
 31
0.0
  0
LINE
  5
15C
330
112
100
AcDbEntity
  8
FORMAT_BODER_HATCH
  6
DASHED2
 62
   251
 48
20.0
100
AcDbLine
 10
364600.4779236868
 20
-82630.94399201384
 30
0.0
 11
364586.6111342041
 21
-82641.66672075607
 31
0.0
  0
LINE
  5
15D
330
112
100
AcDbEntity
  8
FORMAT_BODER_HATCH
  6
DASHED2
 62
   251
 48
20.0
100
AcDbLine
 10
364560.8044310653
 20
-82668.96820219886
 30
0.0
 11
364540.4779236868
 21
-82678.94399201384
 31
0.0
  0
MTEXT
  5
15E
330
112
100
AcDbEntity
  8
FORMAT_BODER_HATCH
 62
   251
100
AcDbMText
 10
364568.6314471965
 20
-82813.22165564747
 30
0.0
 40
3.5
 41
118.5693117885385
 71
     8
 72
     5
  1
\A1;3'-0" WIDE \PSTAIRACSE 
  7
TEXT
1001
ACAD
1000
ACAD_MTEXT_DEFINED_HEIGHT_BEGIN
1070
    46
1040
75.68874848891875
1000
ACAD_MTEXT_DEFINED_HEIGHT_END
  0
MTEXT
  5
15F
330
112
100
AcDbEntity
  8
FORMAT_BODER_HATCH
 62
   251
100
AcDbMText
 10
364694.3652924422
 20
-82991.8411190555
 30
0.0
 40
2.549168613771349
 41
34.89980532792569
 71
     8
 72
     5
  1
\A1;BALCONY 3'-0" WIDE
  7
TEXT
1001
ACAD
1000
ACAD_MTEXT_DEFINED_HEIGHT_BEGIN
1070
    46
1040
75.68874848891875
1000
ACAD_MTEXT_DEFINED_HEIGHT_END
  0
MTEXT
  5
160
330
112
100
AcDbEntity
  8
FORMAT_BODER_HATCH
 62
   251
100
AcDbMText
 10
364686.9944565304
 20
-82435.41173185635
 30
0.0
 40
2.549168613771349
 41
34.89980532792569
 71
     8
 72
     5
  1
\A1;BALCONY \P2'-6" WIDE
  7
TEXT
1001
ACAD
1000
ACAD_MTEXT_DEFINED_HEIGHT_BEGIN
1070
    46
1040
75.68874848891875
1000
ACAD_MTEXT_DEFINED_HEIGHT_END
  0
LINE
  5
161
330
112
100
AcDbEntity
  8
FORMAT_BODER_HATCH
 62
   251
100
AcDbLine
 10
364589.9779236868
 20
-82772.50703238812
 30
0.0
 11
364589.9779236868
 21
-82719.16405137815
 31
0.0
  0
LWPOLYLINE
  5
162
330
112
100
AcDbEntity
  8
FORMAT_BODER_HATCH
 62
   251
100
AcDbPolyline
 90
        4
 70
     0
 43
0.0
 10
364589.9779236868
 20
-82772.50703238812
 10
364584.060186451
 20
-82764.0799659726
 10
364586.6513146124
 20
-82764.09433548135
 10
364589.9779236868
 20
-82772.5070323881
  0
LWPOLYLINE
  5
163
330
112
100
AcDbEntity
  8
FORMAT_BODER_HATCH
 62
   251
100
AcDbPolyline
 90
        4
 70
     0
 43
0.0
 10
364589.9779236868
 20
-82772.50703238812
 10
364595.8956609227
 20
-82764.0799659726
 10
364593.3045327613
 20
-82764.09433548135
 10
364589.9779236868
 20
-82772.5070323881
  0
MTEXT
  5
164
330
112
100
AcDbEntity
  8
FORMAT_BODER_HATCH
 62
   251
100
AcDbMText
 10
364594.1753884088
 20
-82722.19339030475
 30
0.0
 40
3.5
 41
118.5693117885385
 71
     8
 72
     5
  1
\A1;UP
  7
TEXT
1001
ACAD
1000
ACAD_MTEXT_DEFINED_HEIGHT_BEGIN
1070
    46
1040
75.68874848891875
1000
ACAD_MTEXT_DEFINED_HEIGHT_END
  0
LINE
  5
165
330
112
100
AcDbEntity
  8
FORMAT_BODER_HATCH
 62
   251
100
AcDbLine
 10
364550.3006899406
 20
-82772.44399271018
 30
0.0
 11
364550.3006899406
 21
-82719.1010117002
 31
0.0
  0
LWPOLYLINE
  5
166
330
112
100
AcDbEntity
  8
FORMAT_BODER_HATCH
 62
   251
100
AcDbPolyline
 90
        4
 70
     0
 43
0.0
 10
364550.3006899406
 20
-82772.44399271018
 10
364544.3829527047
 20
-82764.01692629469
 10
364546.9740808661
 20
-82764.0312958034
 10
364550.3006899406
 20
-82772.44399271018
  0
LWPOLYLINE
  5
167
330
112
100
AcDbEntity
  8
FORMAT_BODER_HATCH
 62
   251
100
AcDbPolyline
 90
        4
 70
     0
 43
0.0
 10
364550.3006899406
 20
-82772.44399271018
 10
364556.2184271765
 20
-82764.01692629469
 10
364553.627299015
 20
-82764.0312958034
 10
364550.3006899406
 20
-82772.44399271018
  0
MTEXT
  5
168
330
112
100
AcDbEntity
  8
FORMAT_BODER_HATCH
 62
   251
100
AcDbMText
 10
364546.2479313081
 20
-82722.1303506268
 30
0.0
 40
3.5
 41
118.5693117885385
 71
     8
 72
     5
  1
\A1;DN
  7
TEXT
1001
ACAD
1000
ACAD_MTEXT_DEFINED_HEIGHT_BEGIN
1070
    46
1040
75.68874848891875
1000
ACAD_MTEXT_DEFINED_HEIGHT_END
  0
INSERT
  5
169
330
112
100
AcDbEntity
  8
FORMAT_BODER_HATCH
 62
   251
 48
10.0
100
AcDbBlockReference
  2
D3'
 10
364660.1521732968
 20
-82827.44399201384
 30
0.0
 41
-0.9999309507931979
 42
0.9999309507931979
 43
0.9999309507931979
 50
180.0
  0
LWPOLYLINE
  5
1B9
330
112
100
AcDbEntity
  8
FORMAT_BODER_HATCH
  6
DASHED2
 62
   251
 48
20.0
100
AcDbPolyline
 90
        4
 70
     1
 43
0.0
 10
364624.1546590683
 20
-82831.94399201378
 10
364660.1521732968
 20
-82831.94399201378
 10
364660.1521732968
 20
-82827.44399201378
 10
364624.1546590683
 20
-82827.44399201378
  0
INSERT
  5
1BA
330
112
100
AcDbEntity
  8
FORMAT_BODER_HATCH
 62
   251
 48
10.0
100
AcDbBlockReference
  2
D3'
 10
364648.477923687
 20
-82563.44399201384
 30
0.0
 41
0.9999309507931979
 42
0.9999309507931979
 43
0.9999309507931979
  0
LWPOLYLINE
  5
1BB
330
112
100
AcDbEntity
  8
FORMAT_BODER_HATCH
 62
   251
100
AcDbPolyline
 90
        4
 70
     1
 43
0.0
 10
364722.8883714481
 20
-82947.81512691104
 10
364722.8883714481
 20
-82969.94399201384
 10
364692.8883714481
 20
-82969.94399201384
 10
364692.8883714481
 20
-82947.81512691104
  0
LWPOLYLINE
  5
1BC
330
112
100
AcDbEntity
  8
FORMAT_BODER_HATCH
 62
   251
100
AcDbPolyline
 90
        4
 70
     1
 43
0.0
 10
364692.8883714481
 20
-82946.94414307646
 10
364692.8883714481
 20
-82945.86012691102
 10
364722.8883714481
 20
-82945.86012691102
 10
364722.8883714481
 20
-82946.94414307646
  0
INSERT
  5
1BD
330
112
100
AcDbEntity
  8
FORMAT_BODER_HATCH
 62
   251
100
AcDbBlockReference
  2
RANGE-OVEN_-_30_IN_TOP
 10
364763.9779236868
 20
-82898.08736400999
 30
0.0
 50
270.0
  0
LWPOLYLINE
  5
1E0
330
112
100
AcDbEntity
  8
FORMAT_BODER_HATCH
 62
   251
 48
0.2
100
AcDbPolyline
 90
        4
 70
     1
 43
0.0
 10
364687.3883714481
 20
-82870.67565829807
 10
364685.3883714481
 20
-82870.67565829807
 42
0.0194757112857103
 10
364685.3883714481
 20
-82909.67565829807
 10
364687.3883714481
 20
-82909.67565829807
  0
MTEXT
  5
1E1
102
{ACAD_XDICTIONARY
360
96B
102
}
330
112
100
AcDbEntity
  8
FORMAT_BODER_HATCH
 62
   251
100
AcDbMText
 10
364678.5965374863
 20
-82890.73728852262
 30
0.0
 40
3.0
 41
126.7418940492656
 71
     2
 72
     5
  1
{\A1;TV UNIT }
  7
TEXT
 11
3.061616997868383E-16
 21
1.0
 31
0.0
1001
ACAD
1000
ACAD_MTEXT_DEFINED_HEIGHT_BEGIN
1070
    46
1040
21.8537306104265
1000
ACAD_MTEXT_DEFINED_HEIGHT_END
  0
LWPOLYLINE
  5
1E3
330
112
100
AcDbEntity
  8
FORMAT_BODER_HATCH
 62
   251
 48
0.2
100
AcDbPolyline
 90
        4
 70
     1
 43
0.0
 10
364687.3883714481
 20
-82925.05720353805
 10
364675.5805697301
 20
-82925.05720353805
 10
364675.5805697301
 20
-82866.33078048963
 10
364687.3883714481
 20
-82866.33078048963
  0
INSERT
  5
1E4
330
112
100
AcDbEntity
  8
FORMAT_BODER_HATCH
 62
   251
100
AcDbBlockReference
  2
TABLE-30
 10
364736.197787814
 20
-82632.45142786572
 30
0.0
 41
-44.29133858275529
 42
44.29133858275529
 43
44.29133858275529
  0
INSERT
  5
218
330
112
100
AcDbEntity
  8
FORMAT_BODER_HATCH
 62
   251
 48
10.0
100
AcDbBlockReference
  2
D3'
 10
364607.9779236869
 20
-82726.9415599941
 30
0.0
 41
0.9999309507931979
 42
0.9999309507931979
 43
0.9999309507931979
 50
270.0
  0
LWPOLYLINE
  5
219
330
112
100
AcDbEntity
  8
FORMAT_BODER_HATCH
  6
DASHED2
 62
   251
 48
20.0
100
AcDbPolyline
 90
        4
 70
     1
 43
0.0
 10
364612.4779236868
 20
-82726.94150624235
 10
364612.4779236868
 20
-82690.94399201381
 10
364607.9779236868
 20
-82690.94399201381
 10
364607.9779236868
 20
-82726.94150624235
  0
INSERT
  5
21A
330
112
100
AcDbEntity
  8
FORMAT_BODER_HATCH
 62
   251
100
AcDbBlockReference
  2
WTRWF
 10
709748.9233881934
 20
79325.99720855794
 30
-0.0000000000000007
 41
-1.0
  0
LINE
  5
244
330
112
100
AcDbEntity
  8
FORMAT_BODER_HATCH
 62
   251
 48
10.0
100
AcDbLine
 10
364582.561561612
 20
-82951.94399201384
 30
0.0
 11
364582.561561612
 21
-82953.94399201384
 31
0.0
  0
LWPOLYLINE
  5
245
330
112
100
AcDbEntity
  8
FORMAT_BODER_HATCH
  6
DASHED2
 62
   251
 48
20.0
100
AcDbPolyline
 90
        4
 70
     1
 43
0.0
 10
364607.9779185783
 20
-82618.99399201383
 10
364607.9779185783
 20
-82588.99214757112
 10
364612.4779185783
 20
-82588.99214757112
 10
364612.4779185783
 20
-82618.99399201383
  0
INSERT
  5
246
330
112
100
AcDbEntity
  8
FORMAT_BODER_HATCH
 62
   251
 48
10.0
100
AcDbBlockReference
  2
D3'
 10
364612.2708998715
 20
-82618.99351461309
 30
0.0
 41
-0.833333333333308
 42
0.833333333333308
 43
0.8333333333333075
 50
90.0
  0
INSERT
  5
247
330
112
100
AcDbEntity
  8
FORMAT_BODER_HATCH
 62
   251
100
AcDbBlockReference
  2
WTRWF
 10
19412.83893845929
 20
-244895.3790159796
 30
0.0
 41
-1.0
 50
180.0
  0
LWPOLYLINE
  5
248
330
112
100
AcDbEntity
  8
FORMAT_BODER_HATCH
 62
   251
 48
12.0
100
AcDbPolyline
 90
        5
 70
     0
 43
0.0
 39
6.0
 10
364572.1915173417
 20
-82563.44399326443
 10
364572.1896235359
 20
-82567.94399326449
 10
364607.9779237654
 20
-82567.94399305774
 10
364607.977923687
 20
-82563.44399201384
 10
364572.1915173417
 20
-82563.44399326443
  0
LWPOLYLINE
  5
249
330
112
100
AcDbEntity
  8
FORMAT_BODER_HATCH
 62
   251
 48
10.0
100
AcDbPolyline
 90
        9
 70
     0
 43
0.0
 10
364607.977923687
 20
-82618.99399201383
 10
364606.2842008063
 20
-82618.99399201383
 10
364606.2842008063
 20
-82621.7502691331
 10
364534.6716465675
 20
-82621.75027038112
 10
364534.6716465675
 20
-82565.13771489455
 10
364570.1902200714
 20
-82565.12336658817
 10
364570.1902200877
 20
-82569.92964476114
 10
364606.2842008063
 20
-82569.94399307085
 10
364606.2842008063
 20
-82588.99399201383
  0
LINE
  5
24A
330
112
100
AcDbEntity
  8
FORMAT_BODER_HATCH
 62
   251
 48
10.0
100
AcDbLine
 10
364607.977923687
 20
-82588.99214757112
 30
0.0
 11
364606.2842008063
 21
-82588.99214757112
 31
0.0
  0
LWPOLYLINE
  5
24B
330
112
100
AcDbEntity
  8
FORMAT_BODER_HATCH
 62
   251
 48
0.2
100
AcDbPolyline
 90
        4
 70
     1
 43
0.0
 10
364651.4779236869
 20
-82454.79591399818
 10
364649.4779236869
 20
-82454.79591399818
 42
0.0194757112857103
 10
364649.4779236869
 20
-82493.79591399818
 10
364651.4779236869
 20
-82493.79591399818
  0
MTEXT
  5
24C
102
{ACAD_XDICTIONARY
360
96D
102
}
330
112
100
AcDbEntity
  8
FORMAT_BODER_HATCH
 62
   251
100
AcDbMText
 10
364642.4739778436
 20
-82471.55729391359
 30
0.0
 40
3.0
 41
126.7418940492656
 71
     2
 72
     5
  1
{\A1;TV UNIT }
  7
TEXT
 11
3.061616997868383E-16
 21
1.0
 31
0.0
1001
ACAD
1000
ACAD_MTEXT_DEFINED_HEIGHT_BEGIN
1070
    46
1040
21.8537306104265
1000
ACAD_MTEXT_DEFINED_HEIGHT_END
  0
LWPOLYLINE
  5
24E
330
112
100
AcDbEntity
  8
FORMAT_BODER_HATCH
 62
   251
 48
0.2
100
AcDbPolyline
 90
        4
 70
     1
 43
0.0
 10
364651.4779236869
 20
-82503.88208451006
 10
364639.6701219689
 20
-82503.88208451006
 10
364639.670121969
 20
-82444.94399201384
 10
364651.477923687
 20
-82444.94399201384
  0
INSERT
  5
24F
330
112
100
AcDbEntity
  8
FORMAT_BODER_HATCH
 62
   251
 48
10.0
100
AcDbBlockReference
  2
D3'
 10
364651.4779236864
 20
-82603.94399201384
 30
0.0
 41
0.9999309507931979
 42
0.9999309507931979
 43
0.9999309507931979
 50
270.0
  0
INSERT
  5
250
330
112
100
AcDbEntity
  8
FORMAT_BODER_HATCH
 62
   251
100
AcDbBlockReference
  2
TABLE-30
 10
364681.2315912331
 20
-82632.45142786572
 30
0.0
 41
44.29133858275529
 42
44.29133858275529
 43
44.29133858275529
  0
LWPOLYLINE
  5
251
330
112
100
AcDbEntity
  8
FORMAT_BODER_HATCH
 62
   251
 48
0.2
100
AcDbPolyline
 90
        4
 70
     1
 43
0.0
 10
364655.9779236871
 20
-82491.7226999125
 10
364657.9779236871
 20
-82491.7226999125
 42
-0.0220160214534116
 10
364657.977923687
 20
-82526.2226999125
 10
364655.977923687
 20
-82526.2226999125
  0
MLINE
  5
252
330
112
100
AcDbEntity
  8
FORMAT_BODER_HATCH
 62
   251
100
AcDbMline
  2
WINDOW
340
66
 40
1.0
 70
     0
 71
     1
 72
     2
 73
     4
 10
364724.8415710991
 20
-82969.94399201384
 30
0.0
210
0.0
220
0.0
230
1.0
 11
364724.8415710991
 21
-82969.94399201384
 31
0.0
 12
1.0
 22
0.0
 32
0.0
 13
-2.220446049250313E-16
 23
1.0
 33
0.0
 74
     2
 41
0.0
 41
0.0
 75
     0
 74
     2
 41
-1.5
 41
0.0
 75
     0
 74
     2
 41
-3.0
 41
0.0
 75
     0
 74
     2
 41
-4.5
 41
0.0
 75
     0
 11
364754.9779237159
 21
-82969.94399201384
 31
0.0
 12
1.0
 22
0.0
 32
0.0
 13
-2.220446049250313E-16
 23
1.0
 33
0.0
 74
     2
 41
0.0
 41
0.0
 75
     0
 74
     2
 41
-1.5
 41
0.0
 75
     0
 74
     2
 41
-3.0
 41
0.0
 75
     0
 74
     2
 41
-4.5
 41
0.0
 75
     0
  0
CIRCLE
  5
253
330
112
100
AcDbEntity
  8
FORMAT_BODER_HATCH
 62
   251
100
AcDbCircle
 10
364753.0278172558
 20
-82558.03694204384
 30
0.0
 40
7.930512193383038
  0
MTEXT
  5
254
102
{ACAD_XDICTIONARY
360
96F
102
}
330
112
100
AcDbEntity
  8
FORMAT_BODER_HATCH
 62
   251
100
AcDbMText
 10
364739.6186761215
 20
-82436.91472403248
 30
0.0
 40
2.549168613771349
 41
34.89980532792569
 71
     8
 72
     5
  1
{\FCandara;\W1.71429; }{\A1;WARDROBE}\P{\A1;4'-0" X 2'-0"}
  7
TEXT
1001
ACAD
1000
ACAD_MTEXT_DEFINED_HEIGHT_BEGIN
1070
    46
1040
21.85373061042649
1000
ACAD_MTEXT_DEFINED_HEIGHT_END
  0
MTEXT
  5
256
102
{ACAD_XDICTIONARY
360
971
102
}
330
112
100
AcDbEntity
  8
FORMAT_BODER_HATCH
 62
   251
100
AcDbMText
 10
364659.904254037
 20
-82510.97121635012
 30
0.0
 40
3.0
 41
126.7418940492656
 71
     2
 72
     5
  1
{\A1;TV }
  7
TEXT
 11
3.061616997868383E-16
 21
1.0
 31
0.0
1001
ACAD
1000
ACAD_MTEXT_DEFINED_HEIGHT_BEGIN
1070
    46
1040
21.8537306104265
1000
ACAD_MTEXT_DEFINED_HEIGHT_END
  0
LWPOLYLINE
  5
258
330
112
100
AcDbEntity
  8
FORMAT_BODER_HATCH
  6
CONTINUOUS
 62
   251
100
AcDbPolyline
 90
        2
 70
     0
 43
0.0
 10
364555.5363301644
 20
-82954.66812994497
 10
364555.9149471549
 20
-82954.66812994497
  0
CIRCLE
  5
259
330
112
100
AcDbEntity
  8
FORMAT_BODER_HATCH
  6
CONTINUOUS
 62
   251
100
AcDbCircle
 10
364554.8121922342
 20
-82954.66812994497
 30
0.0
 40
0.7241379309748515
  0
LWPOLYLINE
  5
25A
330
112
100
AcDbEntity
  8
FORMAT_BODER_HATCH
  6
CONTINUOUS
 62
   251
100
AcDbPolyline
 90
        2
 70
     0
 43
0.0
 10
364557.7087439569
 20
-82954.66812994497
 10
364557.3301269663
 20
-82954.66812994497
  0
CIRCLE
  5
25B
330
112
100
AcDbEntity
  8
FORMAT_BODER_HATCH
  6
CONTINUOUS
 62
   251
100
AcDbCircle
 10
364558.432881888
 20
-82954.66812994497
 30
0.0
 40
0.7241379309748515
  0
LWPOLYLINE
  5
25C
330
112
100
AcDbEntity
  8
FORMAT_BODER_HATCH
  6
CONTINUOUS
 62
   251
100
AcDbPolyline
 90
        2
 70
     0
 43
0.0
 10
364555.4393140767
 20
-82954.30606097987
 10
364557.8057600446
 20
-82954.30606097987
  0
LWPOLYLINE
  5
25D
330
112
100
AcDbEntity
  8
FORMAT_BODER_HATCH
  6
CONTINUOUS
 62
   251
100
AcDbPolyline
 90
        9
 70
     0
 43
0.0
 10
364557.2590344995
 20
-82955.3922678761
 10
364559.1570198191
 20
-82955.3922678761
 10
364559.1570198191
 20
-82954.66812994497
 10
364559.1570198191
 20
-82953.94399201384
 10
364556.6225370606
 20
-82953.94399201384
 10
364554.0880543031
 20
-82953.94399201384
 10
364554.0880543031
 20
-82954.66812994497
 10
364554.0880543031
 20
-82955.3922678761
 10
364555.9860396218
 20
-82955.3922678761
  0
LWPOLYLINE
  5
25E
330
112
100
AcDbEntity
  8
FORMAT_BODER_HATCH
  6
CONTINUOUS
 62
   251
100
AcDbPolyline
 90
        8
 70
     0
 43
0.0
 10
364557.8057600446
 20
-82955.030198911
 10
364557.4587124474
 20
-82955.030198911
 42
0.3858324810878963
 10
364557.2785441494
 20
-82955.19354531428
 10
364557.0532803871
 20
-82960.68977297304
 42
-0.2703142702328672
 10
364556.1917937351
 20
-82960.68977297304
 10
364555.9665299719
 20
-82955.19354531428
 42
0.3858324810877332
 10
364555.7863616729
 20
-82955.030198911
 10
364555.4393140767
 20
-82955.030198911
  0
CIRCLE
  5
25F
330
112
100
AcDbEntity
  8
FORMAT_BODER_HATCH
 62
   251
 48
0.2
100
AcDbCircle
 10
364605.4198105915
 20
-82990.94216956748
 30
0.0
 40
8.0
  0
CIRCLE
  5
260
330
112
100
AcDbEntity
  8
FORMAT_BODER_HATCH
 62
   251
 48
0.2
100
AcDbCircle
 10
364605.4198105915
 20
-82990.94216956748
 30
0.0
 40
7.0
  0
LWPOLYLINE
  5
261
330
112
100
AcDbEntity
  8
FORMAT_BODER_HATCH
 62
   251
 48
0.2
100
AcDbPolyline
 90
        4
 70
     1
 43
0.0
 10
364613.0158725079
 20
-82999.1953830836
 10
364613.7207469075
 20
-82998.4860509464
 10
364609.456772065
 20
-82994.23645589655
 10
364608.7518976654
 20
-82994.94578803374
  0
INSERT
  5
262
330
112
100
AcDbEntity
  8
FORMAT_BODER_HATCH
 62
   251
 48
10.0
100
AcDbBlockReference
  2
D3'
 10
364612.566056504
 20
-82947.44268446518
 30
0.0
 41
-0.8333333333333075
 42
0.8333333333333075
 43
0.8333333333333075
 50
180.0
  0
LWPOLYLINE
  5
263
330
112
100
AcDbEntity
  8
FORMAT_BODER_HATCH
 62
   251
 48
10.0
100
AcDbPolyline
 90
        5
 70
     0
 43
0.0
 10
364582.561561612
 20
-82953.94399201384
 10
364539.4776136398
 20
-82953.94399201077
 10
364539.4784840311
 20
-82999.4439925771
 10
364614.9779236604
 20
-82999.44399095362
 10
364614.9779236604
 20
-82951.94399201384
  0
LWPOLYLINE
  5
264
330
112
100
AcDbEntity
  8
FORMAT_BODER_HATCH
 62
   251
 48
0.2
100
AcDbPolyline
 90
        4
 70
     1
 43
0.0
 10
364687.3883714481
 20
-82866.33078048963
 10
364663.209373261
 20
-82866.33078048963
 10
364663.209373261
 20
-82831.94399201381
 10
364687.3883714481
 20
-82831.94399201381
  0
LWPOLYLINE
  5
265
330
112
100
AcDbEntity
  8
FORMAT_BODER_HATCH
 62
   251
 48
0.2
100
AcDbPolyline
 90
        4
 70
     1
 43
0.0
 10
364686.3883714481
 20
-82865.33078048963
 10
364664.209373261
 20
-82865.33078048963
 10
364664.209373261
 20
-82832.94399201381
 10
364686.3883714481
 20
-82832.94399201381
  0
LWPOLYLINE
  5
266
330
112
100
AcDbEntity
  8
FORMAT_BODER_HATCH
 62
   251
 48
0.2
100
AcDbPolyline
 90
        4
 70
     1
 43
0.0
 10
364675.8883714481
 20
-82865.33078048963
 10
364674.709373261
 20
-82865.33078048963
 10
364674.709373261
 20
-82832.94399201381
 10
364675.8883714481
 20
-82832.94399201381
  0
INSERT
  5
267
330
112
100
AcDbEntity
  8
FORMAT_BODER_HATCH
 62
   251
100
AcDbBlockReference
  2
WFA
 10
105199.3574949139
 20
-61899.55307818798
 30
0.0
  0
INSERT
  5
26F
330
112
100
AcDbEntity
  8
FORMAT_BODER_HATCH
 62
   251
100
AcDbBlockReference
  2
WFA
 10
105199.3574949139
 20
-61926.03765848879
 30
0.0
  0
MTEXT
  5
270
102
{ACAD_XDICTIONARY
360
973
102
}
330
112
100
AcDbEntity
  8
FORMAT_BODER_HATCH
 62
   251
100
AcDbMText
 10
364678.8151843955
 20
-82849.73749434935
 30
0.0
 40
2.244152906523659
 41
94.80939663632437
 71
     2
 72
     5
  1
{\FCandara;\W1.71429; }{\A1;WARDROBE}\P{\A1;3'-3" X 2'-0"}
  7
TEXT
 11
-0.001690625972439692
 21
-0.9999985708908895
 31
0.0
1001
ACAD
1000
ACAD_MTEXT_DEFINED_HEIGHT_BEGIN
1070
    46
1040
16.34770435592456
1000
ACAD_MTEXT_DEFINED_HEIGHT_END
  0
LWPOLYLINE
  5
272
330
112
100
AcDbEntity
  8
FORMAT_BODER_HATCH
 62
   251
 48
10.0
100
AcDbPolyline
 90
        7
 70
     0
 43
0.0
 10
364562.9779236868
 20
-82551.44399201384
 10
364562.9779236868
 20
-82534.94399201384
 10
364610.5874603552
 20
-82534.94399201384
 10
364610.5874603552
 20
-82558.94399201384
 10
364562.9779236868
 20
-82558.94399201384
 10
364562.9779236868
 20
-82534.94399201381
 10
364562.9779236868
 20
-82534.94399201384
  0
LWPOLYLINE
  5
273
330
112
100
AcDbEntity
  8
FORMAT_BODER_HATCH
 62
   251
 48
10.0
100
AcDbPolyline
 90
        6
 70
     1
 43
0.0
 10
364563.9779236868
 20
-82550.44399201387
 10
364563.9779236868
 20
-82535.94399201384
 10
364609.5874603552
 20
-82535.94399201384
 10
364609.5874603552
 20
-82557.94399201384
 10
364563.9779236868
 20
-82557.94399201384
 10
364563.9779236868
 20
-82550.44399201384
  0
LWPOLYLINE
  5
274
330
112
100
AcDbEntity
  8
FORMAT_BODER_HATCH
 62
   251
 48
10.0
100
AcDbPolyline
 90
        6
 70
     1
 43
0.0
 10
364563.9779236868
 20
-82548.40323505673
 10
364563.9779236868
 20
-82547.4032350567
 10
364610.0452809064
 20
-82547.40323505682
 10
364610.0452809064
 20
-82548.40323505682
 10
364574.9357442381
 20
-82548.40323505682
 10
364574.9357442381
 20
-82548.40323505682
  0
INSERT
  5
275
330
112
100
AcDbEntity
  8
FORMAT_BODER_HATCH
 62
   251
100
AcDbBlockReference
  2
WFA
 10
343651.6414381369
 20
-342023.9341115911
 30
0.0
 41
1.0
 42
1.0
 43
1.0
 50
90.0
  0
INSERT
  5
276
330
112
100
AcDbEntity
  8
FORMAT_BODER_HATCH
 62
   251
100
AcDbBlockReference
  2
WFA
 10
343657.6640407007
 20
-342023.9341115911
 30
0.0
 41
1.0
 42
1.0
 43
1.0
 50
90.0
  0
INSERT
  5
277
330
112
100
AcDbEntity
  8
FORMAT_BODER_HATCH
 62
   251
100
AcDbBlockReference
  2
WFA
 10
343663.6866432644
 20
-342023.9341115911
 30
0.0
 41
1.0
 42
1.0
 43
1.0
 50
90.0
  0
INSERT
  5
278
330
112
100
AcDbEntity
  8
FORMAT_BODER_HATCH
 62
   251
100
AcDbBlockReference
  2
WFA
 10
343669.7092458283
 20
-342023.9341115911
 30
0.0
 41
1.0
 42
1.0
 43
1.0
 50
90.0
  0
MTEXT
  5
279
102
{ACAD_XDICTIONARY
360
975
102
}
330
112
100
AcDbEntity
  8
FORMAT_BODER_HATCH
 62
   251
100
AcDbMText
 10
364577.4465914386
 20
-82551.36921985607
 30
0.0
 40
2.549168613771349
 41
34.89980532792569
 71
     8
 72
     5
  1
{\FCandara;\W1.69048; }{\A1;WARDROBE}\P{\A1;6'-6" X 2'-0"}
  7
TEXT
1001
ACAD
1000
ACAD_MTEXT_DEFINED_HEIGHT_BEGIN
1070
    46
1040
21.85373061042649
1000
ACAD_MTEXT_DEFINED_HEIGHT_END
  0
MTEXT
  5
27B
330
112
100
AcDbEntity
  8
FORMAT_BODER_HATCH
 62
   251
100
AcDbMText
 10
364606.3762114532
 20
-82525.61053900211
 30
0.0
 40
2.549168613771349
 41
34.89980532792569
 71
     8
 72
     5
  1
\A1;BEDROOM -02\P9'-6" X 12'-0"
  7
TEXT
1001
ACAD
1000
ACAD_MTEXT_DEFINED_HEIGHT_BEGIN
1070
    46
1040
75.68874848891875
1000
ACAD_MTEXT_DEFINED_HEIGHT_END
  0
LWPOLYLINE
  5
27C
330
112
100
AcDbEntity
  8
FORMAT_BODER_HATCH
 62
   251
 48
10.0
100
AcDbPolyline
 90
        2
 70
     0
 43
0.0
 10
364558.4779236868
 20
-82558.94399201384
 10
364532.9779236868
 20
-82539.44399201384
  0
LWPOLYLINE
  5
27D
330
112
100
AcDbEntity
  8
FORMAT_BODER_HATCH
 62
   251
 48
10.0
100
AcDbPolyline
 90
        2
 70
     0
 43
0.0
 10
364558.4779236868
 20
-82539.44399201374
 10
364532.8581509187
 20
-82558.93117943776
  0
MTEXT
  5
27E
330
112
100
AcDbEntity
  8
FORMAT_BODER_HATCH
 62
   251
100
AcDbMText
 10
364574.0458060763
 20
-82981.95547413996
 30
0.0
 40
2.549168613771349
 41
34.89980532792569
 71
     8
 72
     5
  1
\A1;TOILET-01\P6'-7{\H0.7x;\S1/2;}" X 4'-1{\H0.7x;\S1/2;}"
  7
TEXT
1001
ACAD
1000
ACAD_MTEXT_DEFINED_HEIGHT_BEGIN
1070
    46
1040
75.68874848891875
1000
ACAD_MTEXT_DEFINED_HEIGHT_END
  0
HATCH
  5
27F
330
112
100
AcDbEntity
  8
FORMAT_BODER_HATCH
 62
   251
 48
12.0
100
AcDbHatch
 10
0.0
 20
0.0
 30
0.0
210
0.0
220
0.0
230
1.0
  2
SOLID
 70
     1
 71
     0
 91
        6
 92
        1
 93
       12
 72
     1
 10
364651.477923392
 20
-82436.69399200841
 11
364655.9779237104
 21
-82436.69399200841
 72
     1
 10
364655.9779237104
 20
-82436.69399200841
 11
364655.9779236869
 21
-82440.44399201384
 72
     1
 10
364655.9779236869
 20
-82440.44399201384
 11
364660.477922342
 21
-82440.44399123784
 72
     1
 10
364660.477922342
 20
-82440.44399123784
 11
364660.4779222714
 21
-82444.94399123784
 72
     1
 10
364660.4779222714
 20
-82444.94399123784
 11
364655.9779236869
 21
-82444.94399201384
 72
     1
 10
364655.9779236869
 20
-82444.94399201384
 11
364655.9779236864
 21
-82567.9439920139
 72
     1
 10
364655.9779236864
 20
-82567.9439920139
 11
364651.4779236864
 21
-82567.9439920139
 72
     1
 10
364651.4779236864
 20
-82567.9439920139
 11
364651.477923687
 21
-82563.44399201381
 72
     1
 10
364651.477923687
 20
-82563.44399201381
 11
364648.477923687
 21
-82563.44399201384
 72
     1
 10
364648.477923687
 20
-82563.44399201384
 11
364648.477923687
 21
-82558.94399201384
 72
     1
 10
364648.477923687
 20
-82558.94399201384
 11
364651.4779236869
 21
-82558.94399201384
 72
     1
 10
364651.4779236869
 20
-82558.94399201384
 11
364651.477923392
 21
-82436.69399200841
 97
        0
 92
        1
 93
       25
 72
     1
 10
364696.4779223184
 20
-82440.44399201384
 11
364711.4779236868
 21
-82440.44399201385
 72
     1
 10
364711.4779236868
 20
-82440.44399201385
 11
364711.4779236868
 21
-82416.44399201384
 72
     1
 10
364711.4779236868
 20
-82416.44399201384
 11
364768.477923687
 21
-82416.44399201384
 72
     1
 10
364768.477923687
 20
-82416.44399201384
 11
364768.4780708271
 21
-82974.44399201384
 72
     1
 10
364768.4780708271
 20
-82974.44399201384
 11
364754.9779237159
 21
-82974.44399208148
 72
     1
 10
364754.9779237159
 20
-82974.44399208148
 11
364754.9779237159
 21
-82969.94399201384
 72
     1
 10
364754.9779237159
 20
-82969.94399201384
 11
364759.4779159009
 21
-82969.94399201384
 72
     1
 10
364759.4779159009
 20
-82969.94399201384
 11
364763.9779236868
 21
-82969.94399201384
 72
     1
 10
364763.9779236868
 20
-82969.94399201384
 11
364763.9779236867
 21
-82831.94399201381
 72
     1
 10
364763.9779236867
 20
-82831.94399201381
 11
364740.079591122
 21
-82831.94399201378
 72
     1
 10
364740.079591122
 20
-82831.94399201378
 11
364740.079591122
 21
-82827.44399201378
 72
     1
 10
364740.079591122
 20
-82827.44399201378
 11
364763.9779134879
 21
-82827.44399201381
 72
     1
 10
364763.9779134879
 20
-82827.44399201381
 11
364763.9779134878
 21
-82612.94399201381
 72
     1
 10
364763.9779134878
 20
-82612.94399201381
 11
364651.477923687
 21
-82612.94399201381
 72
     1
 10
364651.477923687
 20
-82612.94399201381
 11
364651.4779236864
 21
-82603.94399201384
 72
     1
 10
364651.4779236864
 20
-82603.94399201384
 11
364655.9779236864
 21
-82603.94399201384
 72
     1
 10
364655.9779236864
 20
-82603.94399201384
 11
364655.9779236866
 21
-82608.44399201384
 72
     1
 10
364655.9779236866
 20
-82608.44399201384
 11
364763.9779236867
 21
-82608.44399201397
 72
     1
 10
364763.9779236867
 20
-82608.44399201397
 11
364763.9784032581
 21
-82440.4428128141
 72
     1
 10
364763.9784032581
 20
-82440.4428128141
 11
364759.4784032627
 21
-82440.4428128141
 72
     1
 10
364759.4784032627
 20
-82440.4428128141
 11
364759.4779236869
 21
-82420.94399201384
 72
     1
 10
364759.4779236869
 20
-82420.94399201384
 11
364715.9779236868
 21
-82420.94399201384
 72
     1
 10
364715.9779236868
 20
-82420.94399201384
 11
364715.9779236867
 21
-82444.94399201384
 72
     1
 10
364715.9779236867
 20
-82444.94399201384
 11
364696.4779223184
 21
-82444.94399201384
 72
     1
 10
364696.4779223184
 20
-82444.94399201384
 11
364696.4779223184
 21
-82440.44399201384
 97
        0
 92
        1
 93
        6
 72
     1
 10
364646.9779236869
 20
-82410.44399202679
 11
364655.9779236869
 21
-82410.44399201384
 72
     1
 10
364655.9779236869
 20
-82410.44399201384
 11
364655.9779236995
 21
-82418.69399200841
 72
     1
 10
364655.9779236995
 20
-82418.69399200841
 11
364651.4779236814
 21
-82418.69399200841
 72
     1
 10
364651.4779236814
 20
-82418.69399200841
 11
364651.4779236869
 21
-82414.94399201384
 72
     1
 10
364651.4779236869
 20
-82414.94399201384
 11
364646.9779236843
 21
-82414.94399201128
 72
     1
 10
364646.9779236843
 20
-82414.94399201128
 11
364646.9779236869
 21
-82410.44399202679
 97
        0
 92
       17
 93
       12
 72
     1
 10
364691.8883714481
 20
-82827.44399201384
 11
364691.8883714481
 21
-82969.94399201384
 72
     1
 10
364691.8883714481
 20
-82969.94399201384
 11
364724.8415710991
 21
-82969.94399201384
 72
     1
 10
364724.8415710991
 20
-82969.94399201384
 11
364724.8415710991
 21
-82974.44399201384
 72
     1
 10
364724.8415710991
 20
-82974.44399201384
 11
364687.3883714481
 21
-82974.44399201384
 72
     1
 10
364687.3883714481
 20
-82974.44399201384
 11
364687.3883714481
 21
-82951.94399201387
 72
     1
 10
364687.3883714481
 20
-82951.94399201387
 11
364684.4779270589
 21
-82951.94399201384
 72
     1
 10
364684.4779270589
 20
-82951.94399201384
 11
364684.4779270589
 21
-82947.44399201387
 72
     1
 10
364684.4779270589
 20
-82947.44399201387
 11
364687.388371448
 21
-82947.44399201387
 72
     1
 10
364687.388371448
 20
-82947.44399201387
 11
364687.3883714481
 21
-82831.94399201381
 72
     1
 10
364687.3883714481
 20
-82831.94399201381
 11
364660.1521732968
 21
-82831.94399201375
 72
     1
 10
364660.1521732968
 20
-82831.94399201375
 11
364660.1521732968
 21
-82827.44399201375
 72
     1
 10
364660.1521732968
 20
-82827.44399201375
 11
364691.8883714481
 21
-82827.44399201384
 97
        0
 92
       33
 93
        8
 72
     1
 10
364614.066056504
 20
-82947.44268446518
 11
364624.4779270589
 21
-82947.44399201387
 72
     1
 10
364624.4779270589
 20
-82947.44399201387
 11
364624.4779270589
 21
-82951.94399201384
 72
     1
 10
364624.4779270589
 20
-82951.94399201384
 11
364621.4779236868
 21
-82951.94399201387
 72
     1
 10
364621.4779236868
 20
-82951.94399201387
 11
364621.4779236869
 21
-82977.44399201882
 72
     1
 10
364621.4779236869
 20
-82977.44399201882
 11
364616.9779236869
 21
-82977.44399201384
 72
     1
 10
364616.9779236869
 20
-82977.44399201384
 11
364616.9779236869
 21
-82951.94399201384
 72
     1
 10
364616.9779236869
 20
-82951.94399201384
 11
364612.5647312794
 21
-82951.94399201384
 72
     1
 10
364612.5647312794
 20
-82951.94399201384
 11
364612.5673817287
 21
-82947.44399201384
 97
        0
 92
        1
 93
       65
 72
     1
 10
364588.5246398939
 20
-83001.44399137175
 11
364588.5246398939
 21
-83006.19398419894
 72
     1
 10
364588.5246398939
 20
-83006.19398419894
 11
364558.5246398939
 21
-83006.19398419894
 72
     1
 10
364558.5246398939
 20
-83006.19398419894
 11
364558.5246398939
 21
-83001.44399179668
 72
     1
 10
364558.5246398939
 20
-83001.44399179668
 11
364554.0246398215
 21
-83001.44399193443
 72
     1
 10
364554.0246398215
 20
-83001.44399193443
 11
364541.9785676553
 21
-83001.44399193443
 72
     1
 10
364541.9785676553
 20
-83001.44399193443
 11
364541.9785222922
 21
-83001.44399203104
 72
     1
 10
364541.9785222922
 20
-83001.44399203104
 11
364537.4785222922
 21
-83001.44399209478
 72
     1
 10
364537.4785222922
 20
-83001.44399209478
 11
364537.4785079404
 21
-82996.94399205995
 72
     1
 10
364537.4785079404
 20
-82996.94399205995
 11
364532.9780488604
 21
-82996.94399206548
 72
     1
 10
364532.9780488604
 20
-82996.94399206548
 11
364532.9780488345
 21
-82978.94312357577
 72
     1
 10
364532.9780488345
 20
-82978.94312357577
 11
364537.4783070624
 21
-82978.94312357024
 72
     1
 10
364537.4783070624
 20
-82978.94312357024
 11
364537.478048805
 21
-82951.9439920083
 72
     1
 10
364537.478048805
 20
-82951.9439920083
 11
364582.561561612
 21
-82951.94399201384
 72
     1
 10
364582.561561612
 20
-82951.94399201384
 11
364582.561561612
 21
-82947.44399201384
 72
     1
 10
364582.561561612
 20
-82947.44399201384
 11
364537.4779236868
 21
-82947.44399201384
 72
     1
 10
364537.4779236868
 20
-82947.44399201384
 11
364537.4779236868
 21
-82831.94399201384
 72
     1
 10
364537.4779236868
 20
-82831.94399201384
 11
364624.1546590683
 21
-82831.94399201378
 72
     1
 10
364624.1546590683
 20
-82831.94399201378
 11
364624.1546590683
 21
-82827.44399201378
 72
     1
 10
364624.1546590683
 20
-82827.44399201378
 11
364612.4779414858
 21
-82827.44399201381
 72
     1
 10
364612.4779414858
 20
-82827.44399201381
 11
364612.4779236868
 21
-82727.4415599941
 72
     1
 10
364612.4779236868
 20
-82727.4415599941
 11
364607.9779236869
 21
-82727.4415599941
 72
     1
 10
364607.9779236869
 20
-82727.4415599941
 11
364607.9779236868
 21
-82827.44333154491
 72
     1
 10
364607.9779236868
 20
-82827.44333154491
 11
364532.9786116753
 21
-82827.44333154487
 72
     1
 10
364532.9786116753
 20
-82827.44333154487
 11
364532.9779236823
 21
-82686.44399201384
 72
     1
 10
364532.9779236823
 20
-82686.44399201384
 11
364549.4779236868
 21
-82686.44399201381
 72
     1
 10
364549.4779236868
 20
-82686.44399201381
 11
364549.4779236868
 21
-82681.94399201384
 72
     1
 10
364549.4779236868
 20
-82681.94399201384
 11
364537.4779236777
 21
-82681.94399201384
 72
     1
 10
364537.4779236777
 20
-82681.94399201384
 11
364537.4779236843
 21
-82627.94399201384
 72
     1
 10
364537.4779236843
 20
-82627.94399201384
 11
364603.4779206244
 21
-82627.94399201381
 72
     1
 10
364603.4779206244
 20
-82627.94399201381
 11
364603.4779206244
 21
-82681.94397976407
 72
     1
 10
364603.4779206244
 20
-82681.94397976407
 11
364585.4779236868
 21
-82681.94399201381
 72
     1
 10
364585.4779236868
 20
-82681.94399201381
 11
364585.4779236868
 21
-82686.44399201384
 72
     1
 10
364585.4779236868
 20
-82686.44399201384
 11
364607.9779236823
 21
-82686.44399201384
 72
     1
 10
364607.9779236823
 20
-82686.44399201384
 11
364607.9779236869
 21
-82690.94401888968
 72
     1
 10
364607.9779236869
 20
-82690.94401888968
 11
364612.4779236868
 21
-82690.94407264142
 72
     1
 10
364612.4779236868
 20
-82690.94407264142
 11
364612.4779134695
 21
-82618.99353512423
 72
     1
 10
364612.4779134695
 20
-82618.99353512423
 11
364607.977923687
 21
-82618.99444890342
 72
     1
 10
364607.977923687
 20
-82618.99444890342
 11
364607.9779236823
 21
-82623.49399201383
 72
     1
 10
364607.9779236823
 20
-82623.49399201383
 11
364532.9779240334
 21
-82623.44399201384
 72
     1
 10
364532.9779240334
 20
-82623.44399201384
 11
364532.9779236868
 21
-82563.44399201384
 72
     1
 10
364532.9779236868
 20
-82563.44399201384
 11
364536.6680373027
 21
-82563.44399201384
 72
     1
 10
364536.6680373027
 20
-82563.44399201384
 11
364536.6680373027
 21
-82558.93179253244
 72
     1
 10
364536.6680373027
 20
-82558.93179253244
 11
364532.8581509187
 21
-82558.93117943776
 72
     1
 10
364532.8581509187
 20
-82558.93117943776
 11
364532.8743609331
 21
-82539.44399201384
 72
     1
 10
364532.8743609331
 20
-82539.44399201384
 11
364558.4779236868
 21
-82539.44399201374
 72
     1
 10
364558.4779236868
 20
-82539.44399201374
 11
364558.4779236868
 21
-82558.93530222379
 72
     1
 10
364558.4779236868
 20
-82558.93530222379
 11
364554.6680373027
 21
-82558.9346891291
 72
     1
 10
364554.6680373027
 20
-82558.9346891291
 11
364554.6680373027
 21
-82563.44399201384
 72
     1
 10
364554.6680373027
 20
-82563.44399201384
 11
364607.977923687
 21
-82563.44399201384
 72
     1
 10
364607.977923687
 20
-82563.44399201384
 11
364607.9785774614
 21
-82588.99214757112
 72
     1
 10
364607.9785774614
 20
-82588.99214757112
 11
364612.4785774614
 21
-82588.99214757112
 72
     1
 10
364612.4785774614
 20
-82588.99214757112
 11
364612.477923687
 21
-82558.94399201384
 72
     1
 10
364612.477923687
 20
-82558.94399201384
 11
364562.9740628398
 21
-82558.93602575167
 72
     1
 10
364562.9740628398
 20
-82558.93602575167
 11
364562.9779236868
 21
-82534.94399201372
 72
     1
 10
364562.9779236868
 20
-82534.94399201372
 11
364537.428013926
 21
-82534.94399201384
 72
     1
 10
364537.428013926
 20
-82534.94399201384
 11
364537.5278334476
 21
-82414.94399201384
 72
     1
 10
364537.5278334476
 20
-82414.94399201384
 11
364587.0869650373
 21
-82414.94399201384
 72
     1
 10
364587.0869650373
 20
-82414.94399201384
 11
364587.0869650373
 21
-82410.44399196413
 72
     1
 10
364587.0869650373
 20
-82410.44399196413
 11
364528.4779236868
 21
-82410.44399201384
 72
     1
 10
364528.4779236868
 20
-82410.44399201384
 11
364528.4779236868
 21
-83010.44399201384
 72
     1
 10
364528.4779236868
 20
-83010.44399201384
 11
364621.4779236604
 21
-83010.44399201384
 72
     1
 10
364621.4779236604
 20
-83010.44399201384
 11
364621.4779236665
 21
-82996.9439909147
 72
     1
 10
364621.4779236665
 20
-82996.9439909147
 11
364616.9783971464
 21
-82996.94399092795
 72
     1
 10
364616.9783971464
 20
-82996.94399092795
 11
364616.9779236665
 21
-83001.44399088339
 72
     1
 10
364616.9779236665
 20
-83001.44399088339
 11
364588.5246398939
 21
-83001.44399137175
 97
        0
 75
     1
 76
     1
 98
        1
 10
953.8420383727062
 20
5.570126102553331
1001
GRADIENTCOLOR1ACI
1070
     5
1001
GRADIENTCOLOR2ACI
1070
     2
1001
ACAD
1010
0.0
1020
0.0
1030
0.0
  0
LWPOLYLINE
  5
280
330
112
100
AcDbEntity
  8
FORMAT_BODER_HATCH
 62
   251
 48
12.0
100
AcDbPolyline
 90
       41
 70
     0
 43
0.0
 39
6.0
 10
364554.6680373027
 20
-82563.44399201384
 10
364554.6680373027
 20
-82558.9346891291
 10
364558.4779236868
 20
-82558.93530222379
 10
364558.4779236868
 20
-82539.44399201374
 10
364532.8743609331
 20
-82539.44399201384
 10
364532.8581509187
 20
-82558.93117943776
 10
364536.6680373027
 20
-82558.93179253244
 10
364536.6680373027
 20
-82563.44399201384
 10
364532.9779236868
 20
-82563.44399201384
 10
364532.9779240334
 20
-82623.44399201384
 10
364607.9779236823
 20
-82623.49399201383
 10
364607.977923687
 20
-82618.99353512423
 10
364612.4779134695
 20
-82618.99444890342
 10
364612.4779236868
 20
-82690.94404576554
 10
364607.9779236869
 20
-82690.94399201381
 10
364607.9779236823
 20
-82686.44399201384
 10
364585.4779236868
 20
-82686.44399201384
 10
364585.4779236868
 20
-82681.94399201381
 10
364603.4779206244
 20
-82681.94397976407
 10
364603.4779206244
 20
-82627.94399201381
 10
364537.4779236843
 20
-82627.94399201384
 10
364537.4779236777
 20
-82681.94399201384
 10
364549.4779236868
 20
-82681.94399201384
 10
364549.4779236868
 20
-82686.44399201381
 10
364532.9779236823
 20
-82686.44399201384
 10
364532.9786116753
 20
-82827.44333154487
 10
364607.9779236868
 20
-82827.44333154491
 10
364607.9779236869
 20
-82726.9415599941
 10
364612.4779236868
 20
-82726.9415599941
 10
364612.4779414858
 20
-82827.44399201381
 10
364624.1546590683
 20
-82827.44399201378
 10
364624.1546590683
 20
-82831.94399201378
 10
364537.4779236868
 20
-82831.94399201384
 10
364537.4779236868
 20
-82947.44399201384
 10
364582.561561612
 20
-82947.44399201384
 10
364582.561561612
 20
-82951.94399201384
 10
364537.478048805
 20
-82951.9439920083
 10
364537.4785222922
 20
-83001.44399209478
 10
364616.9783971403
 20
-83001.44399088339
 10
364616.9783036557
 20
-83001.44399091824
 10
364616.9783971403
 20
-83001.44399091824
  0
LWPOLYLINE
  5
281
330
112
100
AcDbEntity
  8
FORMAT_BODER_HATCH
 62
   251
 48
12.0
100
AcDbPolyline
 90
       16
 70
     0
 43
0.0
 39
6.0
 10
364621.4779236543
 20
-83001.443990905
 10
364621.4779236604
 20
-83001.443990905
 10
364621.4779236604
 20
-83010.44399201384
 10
364528.4779236868
 20
-83010.44399201384
 10
364528.4779236868
 20
-82410.44399201384
 10
364587.0869650373
 20
-82410.44399196413
 10
364587.0869650373
 20
-82414.94399201384
 10
364537.5278334476
 20
-82414.94399201384
 10
364537.428013926
 20
-82534.94399201384
 10
364562.9779236868
 20
-82534.94399201372
 10
364562.9740628398
 20
-82558.93602575167
 10
364612.477923687
 20
-82558.94399201384
 10
364612.4792312357
 20
-82588.99214757112
 10
364607.977923687
 20
-82588.99214757112
 10
364607.977923687
 20
-82563.44399201384
 10
364554.6680373027
 20
-82563.44399201384
  0
LWPOLYLINE
  5
282
330
112
100
AcDbEntity
  8
FORMAT_BODER_HATCH
 62
   251
 48
12.0
100
AcDbPolyline
 90
        9
 70
     0
 43
0.0
 39
6.0
 10
364612.566056504
 20
-82947.44268446518
 10
364624.4779270589
 20
-82947.44399201387
 10
364624.4779270589
 20
-82951.94399201384
 10
364621.4779236868
 20
-82951.94399201387
 10
364621.4779236869
 20
-82978.94399201965
 10
364616.9779236869
 20
-82978.94399201467
 10
364616.9779236869
 20
-82951.94399201384
 10
364612.5634060547
 20
-82951.94399201384
 10
364612.566056504
 20
-82947.44399201384
  0
LWPOLYLINE
  5
283
330
112
100
AcDbEntity
  8
FORMAT_BODER_HATCH
 62
   251
 48
12.0
100
AcDbPolyline
 90
        6
 70
     1
 43
0.0
 39
6.0
 10
364646.9779236869
 20
-82410.44399202679
 10
364655.9779236869
 20
-82410.44399201384
 10
364655.9779236995
 20
-82418.69399200841
 10
364651.4779236814
 20
-82418.69399200841
 10
364651.4779236869
 20
-82414.94399201384
 10
364646.9779236843
 20
-82414.94399201128
  0
LWPOLYLINE
  5
284
330
112
100
AcDbEntity
  8
FORMAT_BODER_HATCH
 62
   251
 48
12.0
100
AcDbPolyline
 90
        2
 70
     0
 43
0.0
 39
6.0
 10
364763.9779236868
 20
-82944.44281294192
 10
364763.9779236867
 20
-82857.18153016838
  0
LWPOLYLINE
  5
285
330
112
100
AcDbEntity
  8
FORMAT_BODER_HATCH
 62
   251
 48
12.0
100
AcDbPolyline
 90
       27
 70
     0
 43
0.0
 39
6.0
 10
364763.9779236867
 20
-82855.57667449057
 10
364763.9779236867
 20
-82831.94399201381
 10
364740.079591122
 20
-82831.94399201378
 10
364740.079591122
 20
-82827.44399201378
 10
364763.9779134879
 20
-82827.44399201381
 10
364763.9779134878
 20
-82612.94399201381
 10
364651.477923687
 20
-82612.94399201381
 10
364651.4779236864
 20
-82603.94399201384
 10
364655.9779236864
 20
-82603.94399201384
 10
364655.9779236866
 20
-82608.44399201384
 10
364763.9779236867
 20
-82608.44399201397
 10
364763.9784032722
 20
-82440.44281281413
 10
364759.4779236868
 20
-82440.4428128141
 10
364759.4779236869
 20
-82420.94399201384
 10
364715.9779236868
 20
-82420.94399201384
 10
364715.9779236867
 20
-82444.94399201384
 10
364696.4779223184
 20
-82444.94399201384
 10
364696.4779223184
 20
-82440.44399201384
 10
364711.4779236868
 20
-82440.44399201385
 10
364711.4779236868
 20
-82416.44399201384
 10
364768.477923687
 20
-82416.44399201384
 10
364768.4780708271
 20
-82974.44399201384
 10
364754.9779237159
 20
-82974.44399208148
 10
364754.9779237159
 20
-82969.94399201384
 10
364759.4779159009
 20
-82969.94399201384
 10
364763.9779236868
 20
-82969.94399201384
 10
364763.9779236868
 20
-82945.17858837439
  0
LWPOLYLINE
  5
286
330
112
100
AcDbEntity
  8
FORMAT_BODER_HATCH
 62
   251
 48
12.0
100
AcDbPolyline
 90
       12
 70
     1
 43
0.0
 39
6.0
 10
364651.477923392
 20
-82436.69399200841
 10
364655.9779237104
 20
-82436.69399200841
 10
364655.9779236869
 20
-82440.44399201384
 10
364660.477922342
 20
-82440.44399123784
 10
364660.4779222714
 20
-82444.94399123784
 10
364655.9779236869
 20
-82444.94399201384
 10
364655.9779236864
 20
-82567.9439920139
 10
364651.4779236864
 20
-82567.9439920139
 10
364651.477923687
 20
-82563.44399201381
 10
364648.477923687
 20
-82563.44399201384
 10
364648.477923687
 20
-82558.94399201384
 10
364651.4779236869
 20
-82558.94399201384
  0
LWPOLYLINE
  5
287
330
112
100
AcDbEntity
  8
FORMAT_BODER_HATCH
 62
   251
 48
12.0
100
AcDbPolyline
 90
       13
 70
     0
 43
0.0
 39
6.0
 10
364691.8883714481
 20
-82827.44399201384
 10
364691.8883714481
 20
-82969.94399201384
 10
364724.8415710991
 20
-82969.94399201384
 10
364724.8415710991
 20
-82974.44399201384
 10
364687.3883714481
 20
-82974.44399201384
 10
364687.3883714481
 20
-82951.94399201387
 10
364684.4779270589
 20
-82951.94399201384
 10
364684.4779270589
 20
-82947.44399201387
 10
364687.388371448
 20
-82947.44399201387
 10
364687.3883714481
 20
-82831.94399201381
 10
364660.1521732968
 20
-82831.94399201375
 10
364660.1521732968
 20
-82827.44399201375
 10
364691.8883714481
 20
-82827.44399201384
  0
LWPOLYLINE
  5
288
330
112
100
AcDbEntity
  8
FORMAT_BODER_HATCH
  6
DASHED2
 62
   251
 48
20.0
100
AcDbPolyline
 90
        4
 70
     1
 43
0.0
 10
364696.4779223184
 20
-82444.94399201384
 10
364660.4779223184
 20
-82444.94399201384
 10
364660.4779223184
 20
-82440.44399201384
 10
364696.4779223184
 20
-82440.44399201384
  0
LWPOLYLINE
  5
289
330
112
100
AcDbEntity
  8
FORMAT_BODER_HATCH
 62
   251
 48
12.0
100
AcDbPolyline
 90
        4
 70
     0
 43
0.0
 39
6.0
 10
364537.4771019592
 20
-82978.94312357024
 10
364532.9780488345
 20
-82978.94312357577
 10
364532.9780488641
 20
-82996.94399206548
 10
364537.4771019592
 20
-82996.94399205995
  0
INSERT
  5
28A
330
112
100
AcDbEntity
  8
FORMAT_BODER_HATCH
 62
   251
 48
10.0
100
AcDbBlockReference
  2
A$C65C017E6
 10
364742.6313249275
 20
-82874.0168870948
 30
0.0
 41
0.8
 42
0.8
 43
0.8
  0
LWPOLYLINE
  5
29B
330
112
100
AcDbEntity
  8
FORMAT_BODER_HATCH
 62
   251
100
AcDbPolyline
 90
        4
 70
     1
 43
0.0
 10
364555.5066217993
 20
-82440.34399201385
 10
364537.5066217993
 20
-82440.34399201385
 10
364537.5066217993
 20
-82422.34399201385
 10
364555.5066217993
 20
-82422.34399201385
  0
LWPOLYLINE
  5
29C
330
112
100
AcDbEntity
  8
FORMAT_BODER_HATCH
 62
   251
100
AcDbPolyline
 90
        4
 70
     1
 43
0.0
 10
364555.4779236868
 20
-82524.37910162263
 10
364537.4779236868
 20
-82524.37910162263
 10
364537.4779236868
 20
-82506.37910162263
 10
364555.4779236868
 20
-82506.37910162263
  0
LWPOLYLINE
  5
29D
330
112
100
AcDbEntity
  8
FORMAT_BODER_HATCH
 62
   251
 48
12.0
100
AcDbPolyline
 90
        4
 70
     0
 43
0.0
 39
6.0
 10
364588.5246398939
 20
-83001.44399131696
 10
364588.5246398939
 20
-83006.19398419892
 10
364558.5246398939
 20
-83006.19398419892
 10
364558.5246398939
 20
-83001.44399177408
  0
LINE
  5
29E
330
112
100
AcDbEntity
  8
FORMAT_BODER_HATCH
 62
   251
 48
0.2
100
AcDbLine
 10
364591.3253488968
 20
-82999.44401331889
 30
0.0000000406518592
 11
364591.3253489266
 21
-82981.69401331889
 31
0.0000000406518592
  0
LINE
  5
29F
330
112
100
AcDbEntity
  8
FORMAT_BODER_HATCH
 62
   251
 48
0.2
100
AcDbLine
 10
364591.3253489266
 20
-82981.69401331889
 30
0.0000000406518592
 11
364614.9780046761
 21
-82981.69401331889
 31
0.0
  0
LWPOLYLINE
  5
2A0
330
112
100
AcDbEntity
  8
FORMAT_BODER_HATCH
 62
   251
 48
12.0
100
AcDbPolyline
 90
        5
 70
     0
 43
0.0
 10
364616.9783971403
 20
-83001.443990905
 10
364616.9779236665
 20
-83001.443990905
 10
364616.9779236665
 20
-82996.94399091825
 10
364621.4779236604
 20
-82996.94399091825
 10
364621.4779236559
 20
-83001.443990905
  0
LWPOLYLINE
  5
2A1
330
112
100
AcDbEntity
  8
FORMAT_BODER_HATCH
 62
   251
 48
0.2
100
AcDbPolyline
 90
        4
 70
     1
 43
0.0
 10
364555.421646958
 20
-82621.75027020031
 10
364555.4216467742
 20
-82565.13771489455
 10
364534.6716465675
 20
-82565.13771489455
 10
364534.6716467513
 20
-82621.75027020031
  0
CIRCLE
  5
2A2
330
112
100
AcDbEntity
  8
FORMAT_BODER_HATCH
 62
   251
 48
0.2
100
AcDbCircle
 10
364545.0466466709
 20
-82593.44399263784
 30
0.0
 40
8.0
  0
CIRCLE
  5
2A3
330
112
100
AcDbEntity
  8
FORMAT_BODER_HATCH
 62
   251
 48
0.2
100
AcDbCircle
 10
364545.0466466709
 20
-82593.44399263784
 30
0.0
 40
7.0
  0
LWPOLYLINE
  5
2A4
330
112
100
AcDbEntity
  8
FORMAT_BODER_HATCH
 62
   251
 48
0.2
100
AcDbPolyline
 90
        4
 70
     1
 43
0.0
 10
364534.2806022796
 20
-82590.29629853803
 10
364534.603732518
 20
-82589.34994403312
 10
364540.3036375209
 20
-82591.2868545894
 10
364539.9805072825
 20
-82592.23320909431
  0
INSERT
  5
2A5
330
112
100
AcDbEntity
  8
FORMAT_BODER_HATCH
 62
   251
 48
12.0
100
AcDbBlockReference
  2
A$C65647B64
 10
364528.4782453472
 20
-82974.44282332873
 30
0.0
  0
LWPOLYLINE
  5
2C8
330
112
100
AcDbEntity
  8
FORMAT_BODER_HATCH
  6
HIDDEN
 62
   251
100
AcDbPolyline
 90
        4
 70
     1
 43
1.0
 10
364523.3945582617
 20
-82674.33920195271
 10
364614.9988443168
 20
-82674.33920195271
 10
364614.9988443168
 20
-82693.29814612321
 10
364523.3945582617
 20
-82693.79814612321
  0
MTEXT
  5
2CA
330
112
100
AcDbEntity
  8
FORMAT_BODER_HATCH
 62
   251
100
AcDbMText
 10
364549.4779236868
 20
-82686.44399201381
 30
0.0
 40
2.549168613771349
 41
34.89980532792569
 71
     8
 72
     5
  1
\A1;AS/LIFT SPC.
  7
TEXT
1001
ACAD
1000
ACAD_MTEXT_DEFINED_HEIGHT_BEGIN
1070
    46
1040
75.68874848891875
1000
ACAD_MTEXT_DEFINED_HEIGHT_END
  0
INSERT
  5
2CB
330
112
100
AcDbEntity
  8
FORMAT_BODER_HATCH
 62
   251
 48
10.0
100
AcDbBlockReference
  2
D3'
 10
364660.4779223184
 20
-82440.44399201384
 30
0.0
 41
0.9999309507931979
 42
0.9999309507931979
 43
0.9999309507931979
 50
180.0
  0
INSERT
  5
2CC
330
112
100
AcDbEntity
  8
FORMAT_BODER_HATCH
  6
BYBLOCK
 62
   251
100
AcDbBlockReference
  2
RF
 10
234366.6462789122
 20
-13305.42219704219
 30
0.0
 41
0.7212602148737174
 42
0.7212602148737174
 43
0.7212602148737174
  0
INSERT
  5
2DA
330
112
100
AcDbEntity
  8
FORMAT_BODER_HATCH
  6
BYBLOCK
 62
   251
100
AcDbBlockReference
  2
RF
 10
234354.4791795434
 20
-13730.65185217798
 30
0.0
 41
0.7212602148737174
 42
0.7212602148737174
 43
0.7212602148737174
  0
INSERT
  5
2DB
330
112
100
AcDbEntity
  8
FORMAT_BODER_HATCH
 62
   251
100
AcDbBlockReference
  2
RGFGFFJHNGF
 10
364688.4711992841
 20
-79308.68092561826
 30
0.0
 41
-0.2466082338263244
 42
0.2466082338263244
 43
0.2466082338263244
 50
270.0
  0
INSERT
  5
2E6
330
112
100
AcDbEntity
  8
FORMAT_BODER_HATCH
 62
   251
100
AcDbBlockReference
  2
SDFCDFC
 10
364602.9147200821
 20
-82808.58699637666
 30
0.0
 41
0.6299569159480554
 42
0.6299569159480554
 43
0.6299569159480554
 50
270.0
  0
INSERT
  5
2F3
330
112
100
AcDbEntity
  8
FORMAT_BODER_HATCH
 62
   251
100
AcDbBlockReference
  2
YTRYETY
 10
-415017.1540711552
 20
16440.63832673371
 30
-0.0000000000000033
 41
-1.0
 43
-1.0
 50
84.15017993254243
210
0.0
220
0.0
230
-1.0
  0
INSERT
  5
2FF
330
112
100
AcDbEntity
  8
FORMAT_BODER_HATCH
 62
   251
100
AcDbBlockReference
  2
WASTE
 10
364531.3846167836
 20
-82948.15863526564
 30
0.0000000000000033
 41
-0.9999999999999997
 42
0.9999999999999997
 50
104.623058545364
1001
AEC_XDATA_BOUND_SPACE
1000

  0
INSERT
  5
30B
330
112
100
AcDbEntity
  8
FORMAT_BODER_HATCH
 62
   251
100
AcDbBlockReference
  2
R_W_P
 10
-364533.197179525
 20
-82940.36858818262
 30
-0.0000000000000033
 41
-0.9999999999999998
 42
0.9999999999999998
 43
-0.9999999999999998
 50
358.7661657752257
210
0.0
220
0.0
230
-1.0
1001
AEC_XDATA_BOUND_SPACE
1000

  0
INSERT
  5
314
330
112
100
AcDbEntity
  8
FORMAT_BODER_HATCH
 62
   251
100
AcDbBlockReference
  2
R_W_P
 10
-364764.3978297716
 20
-82850.43446983072
 30
-0.0000000000000033
 41
-0.9999999999999998
 42
0.9999999999999998
 43
-0.9999999999999998
 50
358.7661657752257
210
0.0
220
0.0
230
-1.0
1001
AEC_XDATA_BOUND_SPACE
1000

  0
INSERT
  5
315
330
112
100
AcDbEntity
  8
FORMAT_BODER_HATCH
 62
   251
100
AcDbBlockReference
  2
R_W_P
 10
-364765.5931369808
 20
-82438.55277398945
 30
-0.0000000000000033
 41
-0.9999999999999998
 42
0.9999999999999998
 43
-0.9999999999999998
 50
358.7661657752257
210
0.0
220
0.0
230
-1.0
1001
AEC_XDATA_BOUND_SPACE
1000

  0
INSERT
  5
316
330
112
100
AcDbEntity
  8
FORMAT_BODER_HATCH
 62
   251
100
AcDbBlockReference
  2
R_W_P
 10
-364533.965463683
 20
-82438.45608834535
 30
-0.0000000000000033
 41
-0.9999999999999998
 42
0.9999999999999998
 43
-0.9999999999999998
 50
358.7661657752257
210
0.0
220
0.0
230
-1.0
1001
AEC_XDATA_BOUND_SPACE
1000

  0
INSERT
  5
317
330
112
100
AcDbEntity
  8
FORMAT_BODER_HATCH
 62
   251
100
AcDbBlockReference
  2
YTRYETY
 10
-415019.2502049256
 20
16833.82984400263
 30
-0.0000000000000033
 41
-1.0
 43
-1.0
 50
84.15017993254243
210
0.0
220
0.0
230
-1.0
  0
INSERT
  5
318
330
112
100
AcDbEntity
  8
FORMAT_BODER_HATCH
 62
   251
100
AcDbBlockReference
  2
WASTE
 10
364533.4810771117
 20
-82555.18339424246
 30
0.0000000000000033
 41
-0.9999999999999997
 42
0.9999999999999997
 50
104.623058545364
1001
AEC_XDATA_BOUND_SPACE
1000

  0
LWPOLYLINE
  5
319
330
112
100
AcDbEntity
  8
FORMAT_BODER_HATCH
 62
   251
 48
12.0
100
AcDbPolyline
 90
        3
 70
     0
 43
0.0
 39
6.0
 10
364759.4783930545
 20
-82848.4428128049
 10
364759.4783930545
 20
-82857.4428128049
 10
364763.9779236868
 20
-82857.4428128049
  0
LWPOLYLINE
  5
31A
330
112
100
AcDbEntity
  8
FORMAT_BODER_HATCH
  6
BYBLOCK
100
AcDbPolyline
 90
        2
 70
     0
 43
0.0
 10
364761.683755344
 20
-82485.79093948376
 10
364761.683755344
 20
-82537.31876566724
  0
LWPOLYLINE
  5
31B
330
112
100
AcDbEntity
  8
FORMAT_BODER_HATCH
  6
BYBLOCK
100
AcDbPolyline
 90
        2
 70
     0
 43
0.0
 10
364762.1358818954
 20
-82485.79093948376
 10
364762.1358818954
 20
-82537.31876566724
  0
LWPOLYLINE
  5
31C
330
112
100
AcDbEntity
  8
FORMAT_BODER_HATCH
  6
BYBLOCK
100
AcDbPolyline
 90
        2
 70
     0
 43
0.0
 10
364763.4982454723
 20
-82485.79093948376
 10
364763.4982454723
 20
-82537.31876566724
  0
LWPOLYLINE
  5
31D
330
112
100
AcDbEntity
  8
FORMAT_BODER_HATCH
  6
BYBLOCK
100
AcDbPolyline
 90
        2
 70
     0
 43
0.0
 10
364685.8124928393
 20
-82485.79093948376
 10
364685.8124928393
 20
-82537.31876566724
  0
LWPOLYLINE
  5
31E
330
112
100
AcDbEntity
  8
FORMAT_BODER_HATCH
  6
BYBLOCK
100
AcDbPolyline
 90
        2
 70
     0
 43
0.0
 10
364687.6269829676
 20
-82485.79093948376
 10
364687.6269829676
 20
-82537.31876566724
  0
LWPOLYLINE
  5
31F
330
112
100
AcDbEntity
  8
FORMAT_BODER_HATCH
  6
BYBLOCK
100
AcDbPolyline
 90
        2
 70
     0
 43
0.0
 10
364686.2646193916
 20
-82485.79093948376
 10
364686.2646193916
 20
-82537.31876566724
  0
LWPOLYLINE
  5
320
330
112
100
AcDbEntity
  8
FORMAT_BODER_HATCH
  6
BYBLOCK
100
AcDbPolyline
 90
        2
 70
     0
 43
0.0
 10
364700.6777329326
 20
-82478.5872977711
 10
364700.6777329326
 20
-82544.5224073799
  0
LWPOLYLINE
  5
321
330
112
100
AcDbEntity
  8
FORMAT_BODER_HATCH
  6
BYBLOCK
100
AcDbPolyline
 90
        2
 70
     0
 43
0.0
 10
364699.8016613979
 20
-82478.5872977711
 10
364699.8016613979
 20
-82544.5224073799
  0
LINE
  5
322
330
112
100
AcDbEntity
  8
FORMAT_BODER_HATCH
  6
BYBLOCK
100
AcDbLine
 10
364740.2129565191
 20
-82478.5872977711
 30
0.0
 11
364740.2129565191
 21
-82530.96115151231
 31
0.0
  0
LINE
  5
323
330
112
100
AcDbEntity
  8
FORMAT_BODER_HATCH
  6
BYBLOCK
100
AcDbLine
 10
364686.9410760228
 20
-82541.86783773822
 30
0.0
 11
364686.9410760228
 21
-82481.24186741278
 31
0.0
  0
LINE
  5
324
330
112
100
AcDbEntity
  8
FORMAT_BODER_HATCH
  6
BYBLOCK
100
AcDbLine
 10
364688.1066611831
 20
-82478.5872977711
 30
0.0
 11
364688.1066611831
 21
-82544.5224073799
 31
0.0
  0
LINE
  5
325
330
112
100
AcDbEntity
  8
FORMAT_BODER_HATCH
  6
BYBLOCK
100
AcDbLine
 10
364762.8123385266
 20
-82541.86783773822
 30
0.0
 11
364762.8123385266
 21
-82481.24186741278
 31
0.0
  0
ARC
  5
326
330
112
100
AcDbEntity
  8
FORMAT_BODER_HATCH
  6
BYBLOCK
100
AcDbCircle
 10
364723.3469925963
 20
-82485.97263725285
 30
0.0
 40
24.0597391914971
100
AcDbArc
 50
354.1512528299147
 51
13.06737195602742
  0
ARC
  5
327
330
112
100
AcDbEntity
  8
FORMAT_BODER_HATCH
  6
BYBLOCK
100
AcDbCircle
 10
364850.3786312632
 20
-82496.54780757052
 30
0.0
 40
90.88009011172528
100
AcDbArc
 50
169.8502693154703
 51
190.1497306845297
  0
ARC
  5
328
330
112
100
AcDbEntity
  8
FORMAT_BODER_HATCH
  6
BYBLOCK
100
AcDbCircle
 10
364521.0755350469
 20
-82490.38838878024
 30
0.0
 40
225.923236986236
100
AcDbArc
 50
357.9340834906812
 51
2.500239668948015
  0
LWPOLYLINE
  5
329
330
112
100
AcDbEntity
  8
FORMAT_BODER_HATCH
  6
BYBLOCK
100
AcDbPolyline
 90
        3
 70
     0
 43
0.0
 10
364761.7733589609
 20
-82544.5224073799
 10
364761.7733589609
 20
-82541.86783773822
 10
364763.9779236868
 20
-82541.86783773822
  0
LWPOLYLINE
  5
32A
330
112
100
AcDbEntity
  8
FORMAT_BODER_HATCH
  6
BYBLOCK
100
AcDbPolyline
 90
        3
 70
     0
 43
0.0
 10
364685.9020964571
 20
-82544.5224073799
 10
364685.9020964571
 20
-82541.86783773822
 10
364688.1066611831
 20
-82541.86783773822
  0
ARC
  5
32B
330
112
100
AcDbEntity
  8
FORMAT_BODER_HATCH
  6
BYBLOCK
100
AcDbCircle
 10
364710.7767102292
 20
-82537.82624869418
 30
0.0
 40
15.25452888333852
100
AcDbArc
 50
333.9623278599969
 51
30.01737304175245
  0
LINE
  5
32C
330
112
100
AcDbEntity
  8
FORMAT_BODER_HATCH
  6
BYBLOCK
100
AcDbLine
 10
364740.2129565191
 20
-82530.96115151231
 30
0.0
 11
364724.4829901878
 21
-82544.5224073799
 31
0.0
  0
ARC
  5
32D
330
112
100
AcDbEntity
  8
FORMAT_BODER_HATCH
  6
BYBLOCK
100
AcDbCircle
 10
364778.7151194236
 20
-82521.57452554718
 30
0.0
 40
20.42528975520247
100
AcDbArc
 50
150.5975120922469
 51
171.1793057341883
  0
ARC
  5
32E
330
112
100
AcDbEntity
  8
FORMAT_BODER_HATCH
  6
BYBLOCK
100
AcDbCircle
 10
364754.8964373705
 20
-82510.05155900304
 30
0.0
 40
5.241546760276681
100
AcDbArc
 50
260.7217232958719
 51
325.7354236679695
  0
ARC
  5
32F
330
112
100
AcDbEntity
  8
FORMAT_BODER_HATCH
  6
BYBLOCK
100
AcDbCircle
 10
364225.6860124844
 20
-82539.25971220524
 30
0.0
 40
521.3127599483022
100
AcDbArc
 50
1.817161218609685
 51
2.996665852356145
  0
ARC
  5
330
330
112
100
AcDbEntity
  8
FORMAT_BODER_HATCH
  6
BYBLOCK
100
AcDbCircle
 10
364844.836237821
 20
-82527.06189757955
 30
0.0
 40
85.33769666956896
100
AcDbArc
 50
169.5249660774676
 51
190.4750339225323
  0
ARC
  5
331
330
112
100
AcDbEntity
  8
FORMAT_BODER_HATCH
  6
BYBLOCK
100
AcDbCircle
 10
364762.5779749968
 20
-82529.86741550543
 30
0.0
 40
8.775598779056915
100
AcDbArc
 50
130.2521925173548
 51
169.2575563509303
  0
ARC
  5
332
330
112
100
AcDbEntity
  8
FORMAT_BODER_HATCH
  6
BYBLOCK
100
AcDbCircle
 10
364756.2257608299
 20
-82522.36445931156
 30
0.0
 40
1.055218911603481
100
AcDbArc
 50
310.2521925173548
 51
90.49364470263083
  0
ARC
  5
333
330
112
100
AcDbEntity
  8
FORMAT_BODER_HATCH
  6
BYBLOCK
100
AcDbCircle
 10
364746.2434043551
 20
-82523.47487561681
 30
0.0
 40
0.5238628932036851
100
AcDbArc
 50
107.5153131098519
 51
204.744659801554
  0
ARC
  5
334
330
112
100
AcDbEntity
  8
FORMAT_BODER_HATCH
  6
BYBLOCK
100
AcDbCircle
 10
364754.0707486945
 20
-82520.16611214352
 30
0.0
 40
9.021565989300015
100
AcDbArc
 50
203.0209260954274
 51
261.7616206014279
  0
ARC
  5
335
330
112
100
AcDbEntity
  8
FORMAT_BODER_HATCH
  6
BYBLOCK
100
AcDbCircle
 10
364679.6602939602
 20
-82530.46293686886
 30
0.0
 40
67.33851045081299
100
AcDbArc
 50
1.418959673199666
 51
4.199843666702951
  0
ARC
  5
336
330
112
100
AcDbEntity
  8
FORMAT_BODER_HATCH
  6
BYBLOCK
100
AcDbCircle
 10
364745.0919708817
 20
-82519.36856414375
 30
0.0
 40
3.741140320562588
100
AcDbArc
 50
285.4045852417005
 51
5.592460115457522
  0
ARC
  5
337
330
112
100
AcDbEntity
  8
FORMAT_BODER_HATCH
  6
BYBLOCK
100
AcDbCircle
 10
364756.1637342146
 20
-82515.16540444826
 30
0.0
 40
6.144103155822339
100
AcDbArc
 50
209.3033945730765
 51
270.4936447026308
  0
ARC
  5
338
330
112
100
AcDbEntity
  8
FORMAT_BODER_HATCH
  6
BYBLOCK
100
AcDbCircle
 10
364750.0374533993
 20
-82519.1314402362
 30
0.0
 40
1.22877742232281
100
AcDbArc
 50
51.29454248331409
 51
174.0461692683741
  0
ARC
  5
339
330
112
100
AcDbEntity
  8
FORMAT_BODER_HATCH
  6
BYBLOCK
100
AcDbCircle
 10
364720.6074884695
 20
-82526.78795177393
 30
0.0
 40
30.56934476195656
100
AcDbArc
 50
328.9025029548068
 51
339.13973925094
  0
ARC
  5
33A
330
112
100
AcDbEntity
  8
FORMAT_BODER_HATCH
  6
BYBLOCK
100
AcDbCircle
 10
364753.8522311228
 20
-82562.24182480664
 30
0.0
 40
20.89673707035097
100
AcDbArc
 50
70.22910394896545
 51
109.7708960510346
  0
ARC
  5
33B
330
112
100
AcDbEntity
  8
FORMAT_BODER_HATCH
  6
BYBLOCK
100
AcDbCircle
 10
364225.6860124844
 20
-82533.4317864049
 30
0.0
 40
521.3127599483022
100
AcDbArc
 50
0.040345927425659
 51
0.0472286356962455
  0
ARC
  5
33C
330
112
100
AcDbEntity
  8
FORMAT_BODER_HATCH
  6
BYBLOCK
100
AcDbCircle
 10
364545.4708694594
 20
-82533.26888854054
 30
0.0
 40
201.5279024963626
100
AcDbArc
 50
357.3527278321961
 51
2.187400758734549
  0
ARC
  5
33D
330
112
100
AcDbEntity
  8
FORMAT_BODER_HATCH
  6
BYBLOCK
100
AcDbCircle
 10
364723.3469925963
 20
-82537.13706789815
 30
0.0
 40
24.0597391914971
100
AcDbArc
 50
346.9326280439726
 51
5.848747170085277
  0
LWPOLYLINE
  5
33E
330
112
100
AcDbEntity
  8
FORMAT_BODER_HATCH
  6
BYBLOCK
100
AcDbPolyline
 90
        2
 70
     0
 43
0.0
 10
364763.9779236868
 20
-82537.31876566724
 10
364761.683755344
 20
-82537.31876566724
  0
LWPOLYLINE
  5
33F
330
112
100
AcDbEntity
  8
FORMAT_BODER_HATCH
  6
BYBLOCK
100
AcDbPolyline
 90
        2
 70
     0
 43
0.0
 10
364688.1066611831
 20
-82537.31876566724
 10
364685.8124928393
 20
-82537.31876566724
  0
CIRCLE
  5
340
330
112
100
AcDbEntity
  8
FORMAT_BODER_HATCH
  6
BYBLOCK
100
AcDbCircle
 10
364686.8603498752
 20
-82543.00797040664
 30
0.0
 40
0.8213620001911635
  0
CIRCLE
  5
341
330
112
100
AcDbEntity
  8
FORMAT_BODER_HATCH
  6
BYBLOCK
100
AcDbCircle
 10
364762.731612379
 20
-82543.00797040664
 30
0.0
 40
0.8213620001911635
  0
ARC
  5
342
330
112
100
AcDbEntity
  8
FORMAT_BODER_HATCH
  6
BYBLOCK
100
AcDbCircle
 10
364733.0380655781
 20
-82510.69012049583
 30
0.0
 40
21.50334296055688
100
AcDbArc
 50
245.1024039644912
 51
289.4913155705115
  0
ARC
  5
343
330
112
100
AcDbEntity
  8
FORMAT_BODER_HATCH
  6
BYBLOCK
100
AcDbCircle
 10
364752.7141687435
 20
-82483.46966521066
 30
0.0
 40
29.25199720225677
100
AcDbArc
 50
257.3054010039098
 51
286.292918347216
  0
ARC
  5
344
330
112
100
AcDbEntity
  8
FORMAT_BODER_HATCH
  6
BYBLOCK
100
AcDbCircle
 10
364225.6860124844
 20
-82484.84999294483
 30
0.0
 40
521.3127599483022
100
AcDbArc
 50
357.0033341476438
 51
358.1828387813903
  0
ARC
  5
345
330
112
100
AcDbEntity
  8
FORMAT_BODER_HATCH
  6
BYBLOCK
100
AcDbCircle
 10
364754.8964373705
 20
-82514.05814614703
 30
0.0
 40
5.241546760276681
100
AcDbArc
 50
34.26457633203044
 51
99.2782767041281
  0
ARC
  5
346
330
112
100
AcDbEntity
  8
FORMAT_BODER_HATCH
  6
BYBLOCK
100
AcDbCircle
 10
364778.7151194236
 20
-82502.53517960382
 30
0.0
 40
20.42528975520247
100
AcDbArc
 50
188.8206942658117
 51
209.4024879077531
  0
ARC
  5
347
330
112
100
AcDbEntity
  8
FORMAT_BODER_HATCH
  6
BYBLOCK
100
AcDbCircle
 10
364752.7141687435
 20
-82540.64003994034
 30
0.0
 40
29.25199720225677
100
AcDbArc
 50
73.70708165278405
 51
102.6945989960902
  0
ARC
  5
348
330
112
100
AcDbEntity
  8
FORMAT_BODER_HATCH
  6
BYBLOCK
100
AcDbCircle
 10
364750.0374533993
 20
-82504.9782649148
 30
0.0
 40
1.22877742232281
100
AcDbArc
 50
185.9538307316258
 51
308.7054575166859
  0
ARC
  5
349
330
112
100
AcDbEntity
  8
FORMAT_BODER_HATCH
  6
BYBLOCK
100
AcDbCircle
 10
364756.1637342146
 20
-82508.94430070181
 30
0.0
 40
6.144103155822339
100
AcDbArc
 50
89.50635529736918
 51
150.6966054269234
  0
ARC
  5
34A
330
112
100
AcDbEntity
  8
FORMAT_BODER_HATCH
  6
BYBLOCK
100
AcDbCircle
 10
364745.0919708817
 20
-82504.74114100725
 30
0.0
 40
3.741140320562588
100
AcDbArc
 50
354.4075398845425
 51
74.5954147582995
  0
ARC
  5
34B
330
112
100
AcDbEntity
  8
FORMAT_BODER_HATCH
  6
BYBLOCK
100
AcDbCircle
 10
364679.6602939602
 20
-82493.64676828214
 30
0.0
 40
67.33851045081299
100
AcDbArc
 50
355.800156333297
 51
358.5810403268003
  0
ARC
  5
34C
330
112
100
AcDbEntity
  8
FORMAT_BODER_HATCH
  6
BYBLOCK
100
AcDbCircle
 10
364755.431508836
 20
-82503.96093427943
 30
0.0
 40
10.2936902064391
100
AcDbArc
 50
104.9382031305051
 51
159.8534400068328
  0
ARC
  5
34D
330
112
100
AcDbEntity
  8
FORMAT_BODER_HATCH
  6
BYBLOCK
100
AcDbCircle
 10
364746.2434043551
 20
-82500.63482953326
 30
0.0
 40
0.5238628932036851
100
AcDbArc
 50
155.2553401984459
 51
252.4846868901481
  0
ARC
  5
34E
330
112
100
AcDbEntity
  8
FORMAT_BODER_HATCH
  6
BYBLOCK
100
AcDbCircle
 10
364756.2257608299
 20
-82501.74524583944
 30
0.0
 40
1.055218911603481
100
AcDbArc
 50
269.5063552973692
 51
49.74780748264514
  0
ARC
  5
34F
330
112
100
AcDbEntity
  8
FORMAT_BODER_HATCH
  6
BYBLOCK
100
AcDbCircle
 10
364751.7059726237
 20
-82495.99710822271
 30
0.0
 40
2.253345527519222
100
AcDbArc
 50
3.029651777674502
 51
61.59095055689559
  0
ARC
  5
350
330
112
100
AcDbEntity
  8
FORMAT_BODER_HATCH
  6
BYBLOCK
100
AcDbCircle
 10
364762.5779749968
 20
-82494.24228964557
 30
0.0
 40
8.775598779056915
100
AcDbArc
 50
190.7424436490696
 51
229.7478074826452
  0
ARC
  5
351
330
112
100
AcDbEntity
  8
FORMAT_BODER_HATCH
  6
BYBLOCK
100
AcDbCircle
 10
364225.6860124844
 20
-82489.6779187461
 30
0.0
 40
521.3127599483022
100
AcDbArc
 50
359.9527713643038
 51
359.9596540725744
  0
LWPOLYLINE
  5
352
330
112
100
AcDbEntity
  8
FORMAT_BODER_HATCH
  6
BYBLOCK
100
AcDbPolyline
 90
        2
 70
     0
 43
0.0
 10
364688.1066611831
 20
-82487.64716968869
 10
364740.2129565191
 20
-82487.64716968869
  0
LWPOLYLINE
  5
353
330
112
100
AcDbEntity
  8
FORMAT_BODER_HATCH
  6
BYBLOCK
100
AcDbPolyline
 90
        2
 70
     0
 43
0.0
 10
364688.1066611831
 20
-82488.42150358667
 10
364740.2129565191
 20
-82488.42150358667
  0
LWPOLYLINE
  5
354
330
112
100
AcDbEntity
  8
FORMAT_BODER_HATCH
  6
BYBLOCK
100
AcDbPolyline
 90
        2
 70
     0
 43
0.0
 10
364688.1066611831
 20
-82485.79093948376
 10
364685.8124928393
 20
-82485.79093948376
  0
LWPOLYLINE
  5
355
330
112
100
AcDbEntity
  8
FORMAT_BODER_HATCH
  6
BYBLOCK
100
AcDbPolyline
 90
        3
 70
     0
 43
0.0
 10
364685.9020964571
 20
-82478.5872977711
 10
364685.9020964571
 20
-82481.24186741278
 10
364688.1066611831
 20
-82481.24186741278
  0
LWPOLYLINE
  5
356
330
112
100
AcDbEntity
  8
FORMAT_BODER_HATCH
  6
BYBLOCK
100
AcDbPolyline
 90
        4
 70
     0
 43
0.0
 10
364685.9020964571
 20
-82478.5872977711
 10
364763.9779236868
 20
-82478.5872977711
 10
364763.9779236868
 20
-82544.52240737989
 10
364685.9020964571
 20
-82544.52240738083
  0
CIRCLE
  5
357
330
112
100
AcDbEntity
  8
FORMAT_BODER_HATCH
  6
BYBLOCK
100
AcDbCircle
 10
364686.8603498752
 20
-82480.10173474342
 30
0.0
 40
0.8213620001911635
  0
LWPOLYLINE
  5
358
330
112
100
AcDbEntity
  8
FORMAT_BODER_HATCH
  6
BYBLOCK
100
AcDbPolyline
 90
        2
 70
     0
 43
0.0
 10
364763.9779236868
 20
-82485.79093948376
 10
364761.683755344
 20
-82485.79093948376
  0
LWPOLYLINE
  5
359
330
112
100
AcDbEntity
  8
FORMAT_BODER_HATCH
  6
BYBLOCK
100
AcDbPolyline
 90
        3
 70
     0
 43
0.0
 10
364761.7733589609
 20
-82478.5872977711
 10
364761.7733589609
 20
-82481.24186741278
 10
364763.9779236868
 20
-82481.24186741278
  0
ARC
  5
35A
330
112
100
AcDbEntity
  8
FORMAT_BODER_HATCH
  6
BYBLOCK
100
AcDbCircle
 10
364753.8522311228
 20
-82460.86788034436
 30
0.0
 40
20.89673707035097
100
AcDbArc
 50
250.2291039489654
 51
289.7708960510345
  0
CIRCLE
  5
35B
330
112
100
AcDbEntity
  8
FORMAT_BODER_HATCH
  6
BYBLOCK
100
AcDbCircle
 10
364762.731612379
 20
-82480.10173474342
 30
0.0
 40
0.8213620001911635
  0
ARC
  5
35C
330
112
100
AcDbEntity
  8
FORMAT_BODER_HATCH
  6
BYBLOCK
100
AcDbCircle
 10
364720.6074884695
 20
-82496.32175337613
 30
0.0
 40
30.56934476195656
100
AcDbArc
 50
20.86026074905998
 51
31.09749704519319
  0
LWPOLYLINE
  5
35D
330
112
100
AcDbEntity
  8
FORMAT_BODER_HATCH
  6
BYBLOCK
100
AcDbPolyline
 90
        2
 70
     0
 43
0.0
 10
364539.7720920296
 20
-82499.17545990997
 10
364539.7720920296
 20
-82447.64763372649
  0
LWPOLYLINE
  5
35E
330
112
100
AcDbEntity
  8
FORMAT_BODER_HATCH
  6
BYBLOCK
100
AcDbPolyline
 90
        2
 70
     0
 43
0.0
 10
364539.3199654782
 20
-82499.17545990997
 10
364539.3199654782
 20
-82447.64763372649
  0
LWPOLYLINE
  5
35F
330
112
100
AcDbEntity
  8
FORMAT_BODER_HATCH
  6
BYBLOCK
100
AcDbPolyline
 90
        2
 70
     0
 43
0.0
 10
364537.9576019013
 20
-82499.17545990997
 10
364537.9576019013
 20
-82447.64763372649
  0
LWPOLYLINE
  5
360
330
112
100
AcDbEntity
  8
FORMAT_BODER_HATCH
  6
BYBLOCK
100
AcDbPolyline
 90
        2
 70
     0
 43
0.0
 10
364615.6433545343
 20
-82499.17545990997
 10
364615.6433545343
 20
-82447.64763372649
  0
LWPOLYLINE
  5
361
330
112
100
AcDbEntity
  8
FORMAT_BODER_HATCH
  6
BYBLOCK
100
AcDbPolyline
 90
        2
 70
     0
 43
0.0
 10
364613.828864406
 20
-82499.17545990997
 10
364613.828864406
 20
-82447.64763372649
  0
LWPOLYLINE
  5
362
330
112
100
AcDbEntity
  8
FORMAT_BODER_HATCH
  6
BYBLOCK
100
AcDbPolyline
 90
        2
 70
     0
 43
0.0
 10
364615.191227982
 20
-82499.17545990997
 10
364615.191227982
 20
-82447.64763372649
  0
LWPOLYLINE
  5
363
330
112
100
AcDbEntity
  8
FORMAT_BODER_HATCH
  6
BYBLOCK
100
AcDbPolyline
 90
        2
 70
     0
 43
0.0
 10
364600.778114441
 20
-82506.37910162263
 10
364600.778114441
 20
-82440.44399201382
  0
LWPOLYLINE
  5
364
330
112
100
AcDbEntity
  8
FORMAT_BODER_HATCH
  6
BYBLOCK
100
AcDbPolyline
 90
        2
 70
     0
 43
0.0
 10
364601.6541859757
 20
-82506.37910162263
 10
364601.6541859757
 20
-82440.44399201382
  0
LINE
  5
365
330
112
100
AcDbEntity
  8
FORMAT_BODER_HATCH
  6
BYBLOCK
100
AcDbLine
 10
364561.2428908545
 20
-82506.37910162263
 30
0.0
 11
364561.2428908545
 21
-82454.00524788142
 31
0.0
  0
LINE
  5
366
330
112
100
AcDbEntity
  8
FORMAT_BODER_HATCH
  6
BYBLOCK
100
AcDbLine
 10
364614.5147713508
 20
-82443.09856165551
 30
0.0
 11
364614.5147713508
 21
-82503.72453198094
 31
0.0
  0
LINE
  5
367
330
112
100
AcDbEntity
  8
FORMAT_BODER_HATCH
  6
BYBLOCK
100
AcDbLine
 10
364613.3491861906
 20
-82506.37910162263
 30
0.0
 11
364613.3491861906
 21
-82440.44399201382
 31
0.0
  0
LINE
  5
368
330
112
100
AcDbEntity
  8
FORMAT_BODER_HATCH
  6
BYBLOCK
100
AcDbLine
 10
364538.643508847
 20
-82443.09856165551
 30
0.0
 11
364538.643508847
 21
-82503.72453198094
 31
0.0
  0
ARC
  5
369
330
112
100
AcDbEntity
  8
FORMAT_BODER_HATCH
  6
BYBLOCK
100
AcDbCircle
 10
364578.1088547774
 20
-82498.99376214088
 30
0.0
 40
24.0597391914971
100
AcDbArc
 50
174.1512528299147
 51
193.0673719560273
  0
ARC
  5
36A
330
112
100
AcDbEntity
  8
FORMAT_BODER_HATCH
  6
BYBLOCK
100
AcDbCircle
 10
364451.0772161105
 20
-82488.41859182321
 30
0.0
 40
90.88009011172528
100
AcDbArc
 50
349.8502693154703
 51
10.14973068452971
  0
ARC
  5
36B
330
112
100
AcDbEntity
  8
FORMAT_BODER_HATCH
  6
BYBLOCK
100
AcDbCircle
 10
364780.3803123268
 20
-82494.57801061349
 30
0.0
 40
225.923236986236
100
AcDbArc
 50
177.9340834906812
 51
182.500239668948
  0
LWPOLYLINE
  5
36C
330
112
100
AcDbEntity
  8
FORMAT_BODER_HATCH
  6
BYBLOCK
100
AcDbPolyline
 90
        3
 70
     0
 43
0.0
 10
364539.6824884128
 20
-82440.44399201382
 10
364539.6824884128
 20
-82443.09856165551
 10
364537.4779236868
 20
-82443.09856165551
  0
LWPOLYLINE
  5
36D
330
112
100
AcDbEntity
  8
FORMAT_BODER_HATCH
  6
BYBLOCK
100
AcDbPolyline
 90
        3
 70
     0
 43
0.0
 10
364615.5537509166
 20
-82440.44399201382
 10
364615.5537509166
 20
-82443.09856165551
 10
364613.3491861906
 20
-82443.09856165551
  0
ARC
  5
36E
330
112
100
AcDbEntity
  8
FORMAT_BODER_HATCH
  6
BYBLOCK
100
AcDbCircle
 10
364590.6791371444
 20
-82447.14015069955
 30
0.0
 40
15.25452888333852
100
AcDbArc
 50
153.962327859997
 51
210.0173730417524
  0
LINE
  5
36F
330
112
100
AcDbEntity
  8
FORMAT_BODER_HATCH
  6
BYBLOCK
100
AcDbLine
 10
364561.2428908545
 20
-82454.00524788142
 30
0.0
 11
364576.9728571858
 21
-82440.44399201382
 31
0.0
  0
ARC
  5
370
330
112
100
AcDbEntity
  8
FORMAT_BODER_HATCH
  6
BYBLOCK
100
AcDbCircle
 10
364522.7407279501
 20
-82463.39187384654
 30
0.0
 40
20.42528975520247
100
AcDbArc
 50
330.5975120922469
 51
351.1793057341882
  0
ARC
  5
371
330
112
100
AcDbEntity
  8
FORMAT_BODER_HATCH
  6
BYBLOCK
100
AcDbCircle
 10
364546.5594100032
 20
-82474.91484039069
 30
0.0
 40
5.241546760276681
100
AcDbArc
 50
80.72172329587191
 51
145.7354236679696
  0
ARC
  5
372
330
112
100
AcDbEntity
  8
FORMAT_BODER_HATCH
  6
BYBLOCK
100
AcDbCircle
 10
365075.7698348893
 20
-82445.70668718849
 30
0.0
 40
521.3127599483022
100
AcDbArc
 50
181.8171612186096
 51
182.9966658523561
  0
ARC
  5
373
330
112
100
AcDbEntity
  8
FORMAT_BODER_HATCH
  6
BYBLOCK
100
AcDbCircle
 10
364456.6196095526
 20
-82457.90450181418
 30
0.0
 40
85.33769666956896
100
AcDbArc
 50
349.5249660774676
 51
10.47503392253241
  0
ARC
  5
374
330
112
100
AcDbEntity
  8
FORMAT_BODER_HATCH
  6
BYBLOCK
100
AcDbCircle
 10
364538.8778723769
 20
-82455.0989838883
 30
0.0
 40
8.775598779056915
100
AcDbArc
 50
310.2521925173548
 51
349.2575563509303
  0
ARC
  5
375
330
112
100
AcDbEntity
  8
FORMAT_BODER_HATCH
  6
BYBLOCK
100
AcDbCircle
 10
364545.2300865438
 20
-82462.60194008217
 30
0.0
 40
1.055218911603481
100
AcDbArc
 50
130.2521925173548
 51
270.4936447026308
  0
ARC
  5
376
330
112
100
AcDbEntity
  8
FORMAT_BODER_HATCH
  6
BYBLOCK
100
AcDbCircle
 10
364555.2124430185
 20
-82461.49152377692
 30
0.0
 40
0.5238628932036851
100
AcDbArc
 50
287.5153131098519
 51
24.74465980155408
  0
ARC
  5
377
330
112
100
AcDbEntity
  8
FORMAT_BODER_HATCH
  6
BYBLOCK
100
AcDbCircle
 10
364547.3850986792
 20
-82464.80028725021
 30
0.0
 40
9.021565989300015
100
AcDbArc
 50
23.02092609542746
 51
81.76162060142791
  0
ARC
  5
378
330
112
100
AcDbEntity
  8
FORMAT_BODER_HATCH
  6
BYBLOCK
100
AcDbCircle
 10
364621.7955534134
 20
-82454.50346252487
 30
0.0
 40
67.33851045081299
100
AcDbArc
 50
181.4189596731996
 51
184.1998436667029
  0
ARC
  5
379
330
112
100
AcDbEntity
  8
FORMAT_BODER_HATCH
  6
BYBLOCK
100
AcDbCircle
 10
364556.363876492
 20
-82465.59783524998
 30
0.0
 40
3.741140320562588
100
AcDbArc
 50
105.4045852417005
 51
185.5924601154575
  0
ARC
  5
37A
330
112
100
AcDbEntity
  8
FORMAT_BODER_HATCH
  6
BYBLOCK
100
AcDbCircle
 10
364545.292113159
 20
-82469.80099494547
 30
0.0
 40
6.144103155822339
100
AcDbArc
 50
29.30339457307657
 51
90.49364470263083
  0
ARC
  5
37B
330
112
100
AcDbEntity
  8
FORMAT_BODER_HATCH
  6
BYBLOCK
100
AcDbCircle
 10
364551.4183939744
 20
-82465.83495915752
 30
0.0
 40
1.22877742232281
100
AcDbArc
 50
231.294542483314
 51
354.0461692683741
  0
ARC
  5
37C
330
112
100
AcDbEntity
  8
FORMAT_BODER_HATCH
  6
BYBLOCK
100
AcDbCircle
 10
364580.8483589042
 20
-82458.1784476198
 30
0.0
 40
30.56934476195656
100
AcDbArc
 50
148.9025029548068
 51
159.13973925094
  0
ARC
  5
37D
330
112
100
AcDbEntity
  8
FORMAT_BODER_HATCH
  6
BYBLOCK
100
AcDbCircle
 10
364547.6036162509
 20
-82422.72457458709
 30
0.0
 40
20.89673707035097
100
AcDbArc
 50
250.2291039489654
 51
289.7708960510345
  0
ARC
  5
37E
330
112
100
AcDbEntity
  8
FORMAT_BODER_HATCH
  6
BYBLOCK
100
AcDbCircle
 10
365075.7698348893
 20
-82451.53461298883
 30
0.0
 40
521.3127599483022
100
AcDbArc
 50
180.0403459274256
 51
180.0472286356962
  0
ARC
  5
37F
330
112
100
AcDbEntity
  8
FORMAT_BODER_HATCH
  6
BYBLOCK
100
AcDbCircle
 10
364755.9849779142
 20
-82451.69751085319
 30
0.0
 40
201.5279024963626
100
AcDbArc
 50
177.3527278321961
 51
182.1874007587345
  0
ARC
  5
380
330
112
100
AcDbEntity
  8
FORMAT_BODER_HATCH
  6
BYBLOCK
100
AcDbCircle
 10
364578.1088547774
 20
-82447.82933149558
 30
0.0
 40
24.0597391914971
100
AcDbArc
 50
166.9326280439726
 51
185.8487471700852
  0
LWPOLYLINE
  5
381
330
112
100
AcDbEntity
  8
FORMAT_BODER_HATCH
  6
BYBLOCK
100
AcDbPolyline
 90
        2
 70
     0
 43
0.0
 10
364537.4779236868
 20
-82447.64763372649
 10
364539.7720920296
 20
-82447.64763372649
  0
LWPOLYLINE
  5
382
330
112
100
AcDbEntity
  8
FORMAT_BODER_HATCH
  6
BYBLOCK
100
AcDbPolyline
 90
        2
 70
     0
 43
0.0
 10
364613.3491861906
 20
-82447.64763372649
 10
364615.6433545343
 20
-82447.64763372649
  0
CIRCLE
  5
383
330
112
100
AcDbEntity
  8
FORMAT_BODER_HATCH
  6
BYBLOCK
100
AcDbCircle
 10
364614.5954974985
 20
-82441.95842898708
 30
0.0
 40
0.8213620001911635
  0
CIRCLE
  5
384
330
112
100
AcDbEntity
  8
FORMAT_BODER_HATCH
  6
BYBLOCK
100
AcDbCircle
 10
364538.7242349947
 20
-82441.95842898708
 30
0.0
 40
0.8213620001911635
  0
ARC
  5
385
330
112
100
AcDbEntity
  8
FORMAT_BODER_HATCH
  6
BYBLOCK
100
AcDbCircle
 10
364568.4177817955
 20
-82474.2762788979
 30
0.0
 40
21.50334296055688
100
AcDbArc
 50
65.10240396449126
 51
109.4913155705115
  0
ARC
  5
386
330
112
100
AcDbEntity
  8
FORMAT_BODER_HATCH
  6
BYBLOCK
100
AcDbCircle
 10
364548.7416786302
 20
-82501.49673418306
 30
0.0
 40
29.25199720225677
100
AcDbArc
 50
77.30540100390978
 51
106.2929183472159
  0
ARC
  5
387
330
112
100
AcDbEntity
  8
FORMAT_BODER_HATCH
  6
BYBLOCK
100
AcDbCircle
 10
365075.7698348893
 20
-82500.1164064489
 30
0.0
 40
521.3127599483022
100
AcDbArc
 50
177.0033341476438
 51
178.1828387813903
  0
ARC
  5
388
330
112
100
AcDbEntity
  8
FORMAT_BODER_HATCH
  6
BYBLOCK
100
AcDbCircle
 10
364546.5594100032
 20
-82470.9082532467
 30
0.0
 40
5.241546760276681
100
AcDbArc
 50
214.2645763320304
 51
279.2782767041281
  0
ARC
  5
389
330
112
100
AcDbEntity
  8
FORMAT_BODER_HATCH
  6
BYBLOCK
100
AcDbCircle
 10
364522.7407279501
 20
-82482.43121978991
 30
0.0
 40
20.42528975520247
100
AcDbArc
 50
8.820694265811724
 51
29.40248790775315
  0
ARC
  5
38A
330
112
100
AcDbEntity
  8
FORMAT_BODER_HATCH
  6
BYBLOCK
100
AcDbCircle
 10
364548.7416786302
 20
-82444.3263594534
 30
0.0
 40
29.25199720225677
100
AcDbArc
 50
253.707081652784
 51
282.6945989960902
  0
ARC
  5
38B
330
112
100
AcDbEntity
  8
FORMAT_BODER_HATCH
  6
BYBLOCK
100
AcDbCircle
 10
364551.4183939744
 20
-82479.98813447893
 30
0.0
 40
1.22877742232281
100
AcDbArc
 50
5.953830731625902
 51
128.7054575166859
  0
ARC
  5
38C
330
112
100
AcDbEntity
  8
FORMAT_BODER_HATCH
  6
BYBLOCK
100
AcDbCircle
 10
364545.292113159
 20
-82476.02209869192
 30
0.0
 40
6.144103155822339
100
AcDbArc
 50
269.5063552973692
 51
330.6966054269234
  0
ARC
  5
38D
330
112
100
AcDbEntity
  8
FORMAT_BODER_HATCH
  6
BYBLOCK
100
AcDbCircle
 10
364556.363876492
 20
-82480.22525838648
 30
0.0
 40
3.741140320562588
100
AcDbArc
 50
174.4075398845425
 51
254.5954147582995
  0
ARC
  5
38E
330
112
100
AcDbEntity
  8
FORMAT_BODER_HATCH
  6
BYBLOCK
100
AcDbCircle
 10
364621.7955534134
 20
-82491.31963111159
 30
0.0
 40
67.33851045081299
100
AcDbArc
 50
175.8001563332971
 51
178.5810403268003
  0
ARC
  5
38F
330
112
100
AcDbEntity
  8
FORMAT_BODER_HATCH
  6
BYBLOCK
100
AcDbCircle
 10
364546.0243385376
 20
-82481.0054651143
 30
0.0
 40
10.2936902064391
100
AcDbArc
 50
284.9382031305051
 51
339.8534400068328
  0
ARC
  5
390
330
112
100
AcDbEntity
  8
FORMAT_BODER_HATCH
  6
BYBLOCK
100
AcDbCircle
 10
364555.2124430185
 20
-82484.33156986047
 30
0.0
 40
0.5238628932036851
100
AcDbArc
 50
335.2553401984459
 51
72.48468689014808
  0
ARC
  5
391
330
112
100
AcDbEntity
  8
FORMAT_BODER_HATCH
  6
BYBLOCK
100
AcDbCircle
 10
364545.2300865438
 20
-82483.22115355429
 30
0.0
 40
1.055218911603481
100
AcDbArc
 50
89.50635529736918
 51
229.7478074826452
  0
ARC
  5
392
330
112
100
AcDbEntity
  8
FORMAT_BODER_HATCH
  6
BYBLOCK
100
AcDbCircle
 10
364549.74987475
 20
-82488.96929117102
 30
0.0
 40
2.253345527519222
100
AcDbArc
 50
183.0296517776744
 51
241.5909505568956
  0
ARC
  5
393
330
112
100
AcDbEntity
  8
FORMAT_BODER_HATCH
  6
BYBLOCK
100
AcDbCircle
 10
364538.8778723769
 20
-82490.72410974816
 30
0.0
 40
8.775598779056915
100
AcDbArc
 50
10.7424436490697
 51
49.74780748264514
  0
ARC
  5
394
330
112
100
AcDbEntity
  8
FORMAT_BODER_HATCH
  6
BYBLOCK
100
AcDbCircle
 10
365075.7698348893
 20
-82495.28848064762
 30
0.0
 40
521.3127599483022
100
AcDbArc
 50
179.9527713643037
 51
179.9596540725743
  0
LWPOLYLINE
  5
395
330
112
100
AcDbEntity
  8
FORMAT_BODER_HATCH
  6
BYBLOCK
100
AcDbPolyline
 90
        2
 70
     0
 43
0.0
 10
364613.3491861906
 20
-82497.31922970504
 10
364561.2428908545
 20
-82497.31922970504
  0
LWPOLYLINE
  5
396
330
112
100
AcDbEntity
  8
FORMAT_BODER_HATCH
  6
BYBLOCK
100
AcDbPolyline
 90
        2
 70
     0
 43
0.0
 10
364613.3491861906
 20
-82496.54489580706
 10
364561.2428908545
 20
-82496.54489580706
  0
LWPOLYLINE
  5
397
330
112
100
AcDbEntity
  8
FORMAT_BODER_HATCH
  6
BYBLOCK
100
AcDbPolyline
 90
        2
 70
     0
 43
0.0
 10
364613.3491861906
 20
-82499.17545990997
 10
364615.6433545343
 20
-82499.17545990997
  0
LWPOLYLINE
  5
398
330
112
100
AcDbEntity
  8
FORMAT_BODER_HATCH
  6
BYBLOCK
100
AcDbPolyline
 90
        3
 70
     0
 43
0.0
 10
364615.5537509166
 20
-82506.37910162263
 10
364615.5537509166
 20
-82503.72453198094
 10
364613.3491861906
 20
-82503.72453198094
  0
LWPOLYLINE
  5
399
330
112
100
AcDbEntity
  8
FORMAT_BODER_HATCH
  6
BYBLOCK
100
AcDbPolyline
 90
        4
 70
     0
 43
0.0
 10
364615.5537509166
 20
-82506.37910162263
 10
364537.4779236868
 20
-82506.37910162263
 10
364537.4779236868
 20
-82440.44399201384
 10
364615.5537509166
 20
-82440.4439920129
  0
CIRCLE
  5
39A
330
112
100
AcDbEntity
  8
FORMAT_BODER_HATCH
  6
BYBLOCK
100
AcDbCircle
 10
364614.5954974985
 20
-82504.8646646503
 30
0.0
 40
0.8213620001911635
  0
LWPOLYLINE
  5
39B
330
112
100
AcDbEntity
  8
FORMAT_BODER_HATCH
  6
BYBLOCK
100
AcDbPolyline
 90
        2
 70
     0
 43
0.0
 10
364537.4779236868
 20
-82499.17545990997
 10
364539.7720920296
 20
-82499.17545990997
  0
LWPOLYLINE
  5
39C
330
112
100
AcDbEntity
  8
FORMAT_BODER_HATCH
  6
BYBLOCK
100
AcDbPolyline
 90
        3
 70
     0
 43
0.0
 10
364539.6824884128
 20
-82506.37910162263
 10
364539.6824884128
 20
-82503.72453198094
 10
364537.4779236868
 20
-82503.72453198094
  0
ARC
  5
39D
330
112
100
AcDbEntity
  8
FORMAT_BODER_HATCH
  6
BYBLOCK
100
AcDbCircle
 10
364547.6036162509
 20
-82524.09851904937
 30
0.0
 40
20.89673707035097
100
AcDbArc
 50
70.22910394896545
 51
109.7708960510346
  0
CIRCLE
  5
39E
330
112
100
AcDbEntity
  8
FORMAT_BODER_HATCH
  6
BYBLOCK
100
AcDbCircle
 10
364538.7242349947
 20
-82504.8646646503
 30
0.0
 40
0.8213620001911635
  0
ARC
  5
39F
330
112
100
AcDbEntity
  8
FORMAT_BODER_HATCH
  6
BYBLOCK
100
AcDbCircle
 10
364580.8483589042
 20
-82488.6446460176
 30
0.0
 40
30.56934476195656
100
AcDbArc
 50
200.8602607490599
 51
211.0974970451931
  0
LINE
  5
3A0
330
112
100
AcDbEntity
  8
FORMAT_BODER_HATCH
  6
BYBLOCK
100
AcDbLine
 10
364691.9763175229
 20
-82625.66740887328
 30
0.0
 11
364697.8318507788
 21
-82625.66740887328
 31
0.0
  0
LINE
  5
3A1
330
112
100
AcDbEntity
  8
FORMAT_BODER_HATCH
  6
BYBLOCK
100
AcDbLine
 10
364706.863258967
 20
-82625.66740887328
 30
0.0
 11
364715.9763175229
 21
-82625.66740887327
 31
0.0
  0
LINE
  5
3A2
330
112
100
AcDbEntity
  8
FORMAT_BODER_HATCH
  6
BYBLOCK
100
AcDbLine
 10
364690.5809686863
 20
-82638.86496089076
 30
0.0
 11
364691.9763175229
 21
-82638.86496089076
 31
0.0
  0
ARC
  5
3A3
330
112
100
AcDbEntity
  8
FORMAT_BODER_HATCH
  6
BYBLOCK
100
AcDbCircle
 10
364694.2088756625
 20
-82640.26030972894
 30
0.0
 40
2.232558139375568
100
AcDbArc
 50
180.0
 51
270.0
  0
ARC
  5
3A4
330
112
100
AcDbEntity
  8
FORMAT_BODER_HATCH
  6
BYBLOCK
100
AcDbCircle
 10
364690.5809686863
 20
-82636.63240275272
 30
0.0
 40
2.232558139375568
100
AcDbArc
 50
180.0
 51
270.0
  0
LINE
  5
3A5
330
112
100
AcDbEntity
  8
FORMAT_BODER_HATCH
  6
BYBLOCK
100
AcDbLine
 10
364694.2088756625
 20
-82642.49286786698
 30
0.0
 11
364713.7437593833
 21
-82642.49286786697
 31
0.0
  0
ARC
  5
3A6
330
112
100
AcDbEntity
  8
FORMAT_BODER_HATCH
  6
BYBLOCK
100
AcDbCircle
 10
364717.3716663596
 20
-82636.6324027527
 30
0.0
 40
2.232558139375568
100
AcDbArc
 50
270.0
 51
0.0
  0
LINE
  5
3A7
330
112
100
AcDbEntity
  8
FORMAT_BODER_HATCH
  6
BYBLOCK
100
AcDbLine
 10
364715.9763175229
 20
-82640.26030972892
 30
0.0
 11
364715.9763175229
 21
-82638.86496089074
 31
0.0
  0
LINE
  5
3A8
330
112
100
AcDbEntity
  8
FORMAT_BODER_HATCH
  6
BYBLOCK
100
AcDbLine
 10
364717.3716663596
 20
-82638.86496089074
 30
0.0
 11
364715.9763175229
 21
-82638.86496089074
 31
0.0
  0
ARC
  5
3A9
330
112
100
AcDbEntity
  8
FORMAT_BODER_HATCH
  6
BYBLOCK
100
AcDbCircle
 10
364713.7437593833
 20
-82640.26030972892
 30
0.0
 40
2.232558139375568
100
AcDbArc
 50
270.0
 51
0.0
  0
LINE
  5
3AA
330
112
100
AcDbEntity
  8
FORMAT_BODER_HATCH
  6
BYBLOCK
100
AcDbLine
 10
364688.3484105467
 20
-82617.70755575145
 30
0.0
 11
364719.6042244976
 21
-82617.70755575143
 31
0.0
  0
LINE
  5
3AB
330
112
100
AcDbEntity
  8
FORMAT_BODER_HATCH
  6
BYBLOCK
100
AcDbLine
 10
364697.7887832769
 20
-82628.79416943701
 30
0.0
 11
364707.1938353316
 21
-82629.19251369919
 31
0.0
  0
ARC
  5
3AC
330
112
100
AcDbEntity
  8
FORMAT_BODER_HATCH
  6
BYBLOCK
100
AcDbCircle
 10
364705.5575762742
 20
-82594.29428629004
 30
0.0
 40
28.84878961030735
100
AcDbArc
 50
255.9598063969026
 51
274.4010181846041
  0
LINE
  5
3AD
330
112
100
AcDbEntity
  8
FORMAT_BODER_HATCH
  6
BYBLOCK
100
AcDbLine
 10
364715.9763175229
 20
-82622.0395018955
 30
0.0
 11
364691.9763175229
 21
-82622.03950189552
 31
0.0
  0
ARC
  5
3AE
330
112
100
AcDbEntity
  8
FORMAT_BODER_HATCH
  6
BYBLOCK
100
AcDbCircle
 10
364714.4307358431
 20
-82627.45971615141
 30
0.0
 40
16.69536914176218
100
AcDbArc
 50
161.9302614785739
 51
184.5845160799532
  0
ARC
  5
3AF
330
112
100
AcDbEntity
  8
FORMAT_BODER_HATCH
  6
BYBLOCK
100
AcDbCircle
 10
364714.1989207462
 20
-82626.7575398581
 30
0.0
 40
7.416220013493307
100
AcDbArc
 50
150.0765314480589
 51
199.167496342157
  0
LINE
  5
3B0
330
112
100
AcDbEntity
  8
FORMAT_BODER_HATCH
  6
BYBLOCK
100
AcDbLine
 10
364688.3484105467
 20
-82636.63240275272
 30
0.0
 11
364688.3484105467
 21
-82617.70755575145
 31
0.0
  0
LINE
  5
3B1
330
112
100
AcDbEntity
  8
FORMAT_BODER_HATCH
  6
BYBLOCK
100
AcDbLine
 10
364691.9763175229
 20
-82622.03950189552
 30
0.0
 11
364691.9763175229
 21
-82640.26030972894
 31
0.0
  0
LINE
  5
3B2
330
112
100
AcDbEntity
  8
FORMAT_BODER_HATCH
  6
BYBLOCK
100
AcDbLine
 10
364715.9763175229
 20
-82638.86496089074
 30
0.0
 11
364715.9763175229
 21
-82622.0395018955
 31
0.0
  0
LINE
  5
3B3
330
112
100
AcDbEntity
  8
FORMAT_BODER_HATCH
  6
BYBLOCK
100
AcDbLine
 10
364719.6042244976
 20
-82617.70755575143
 30
0.0
 11
364719.6042244976
 21
-82636.6324027527
 31
0.0
  0
LINE
  5
3B4
330
112
100
AcDbEntity
  8
FORMAT_BODER_HATCH
100
AcDbLine
 10
364732.8445903534
 20
-82673.33290324602
 30
0.0
 11
364757.7112570202
 21
-82673.33290324602
 31
0.0
  0
LINE
  5
3B5
330
112
100
AcDbEntity
  8
FORMAT_BODER_HATCH
100
AcDbLine
 10
364753.4445903535
 20
-82698.22179213807
 30
0.0
 11
364753.4445903535
 21
-82697.59466583157
 31
0.0
  0
LINE
  5
3B6
330
112
100
AcDbEntity
  8
FORMAT_BODER_HATCH
100
AcDbLine
 10
364746.4009548122
 20
-82693.56177158575
 30
0.0
 11
364749.2819243764
 21
-82699.81591731161
 31
0.0
  0
LINE
  5
3B7
330
112
100
AcDbEntity
  8
FORMAT_BODER_HATCH
100
AcDbLine
 10
364751.9963639079
 20
-82689.88286233525
 30
0.0
 11
364746.4009548122
 21
-82693.56177158575
 31
0.0
  0
ARC
  5
3B8
330
112
100
AcDbEntity
  8
FORMAT_BODER_HATCH
100
AcDbCircle
 10
364761.1384753654
 20
-82688.29668579271
 30
0.0
 40
9.27869376175632
100
AcDbArc
 50
189.8429573911888
 51
237.6699272018347
  0
LINE
  5
3B9
330
112
100
AcDbEntity
  8
FORMAT_BODER_HATCH
100
AcDbLine
 10
364749.2819243764
 20
-82699.81591731161
 30
0.0
 11
364756.1762677263
 21
-82696.13700806111
 31
0.0
  0
LINE
  5
3BA
330
112
100
AcDbEntity
  8
FORMAT_BODER_HATCH
100
AcDbLine
 10
364753.4445903535
 20
-82693.48304206174
 30
0.0
 11
364753.4445903535
 21
-82661.11215331749
 31
0.0
  0
LINE
  5
3BB
330
112
100
AcDbEntity
  8
FORMAT_BODER_HATCH
100
AcDbLine
 10
364753.4445903535
 20
-82660.17123045912
 30
0.0
 11
364753.4445903535
 21
-82654.65574537206
 31
0.0
  0
LINE
  5
3BC
330
112
100
AcDbEntity
  8
FORMAT_BODER_HATCH
100
AcDbLine
 10
364749.4038613832
 20
-82646.81708041849
 30
0.0
 11
364755.3435583451
 21
-82652.75677738048
 31
0.0
  0
LINE
  5
3BD
330
112
100
AcDbEntity
  8
FORMAT_BODER_HATCH
100
AcDbLine
 10
364743.4641644212
 20
-82652.75677738048
 30
0.0
 11
364749.4038613832
 21
-82646.81708041849
 31
0.0
  0
LINE
  5
3BE
330
112
100
AcDbEntity
  8
FORMAT_BODER_HATCH
100
AcDbLine
 10
364747.0094878863
 20
-82656.30210084564
 30
0.0
 11
364743.4641644212
 21
-82652.75677738048
 31
0.0
  0
ARC
  5
3BF
330
112
100
AcDbEntity
  8
FORMAT_BODER_HATCH
100
AcDbCircle
 10
364757.0897580705
 20
-82651.6411927146
 30
0.0
 40
9.276248789697744
100
AcDbArc
 50
198.0785059804298
 51
251.9214940195701
  0
ARC
  5
3C0
330
112
100
AcDbEntity
  8
FORMAT_BODER_HATCH
100
AcDbCircle
 10
364732.5089947949
 20
-82644.69703125727
 30
0.0
 40
18.5726126338077
100
AcDbArc
 50
301.930110321396
 51
328.0698896763068
  0
LINE
  5
3C1
330
112
100
AcDbEntity
  8
FORMAT_BODER_HATCH
100
AcDbLine
 10
364755.3435583451
 20
-82652.75677738048
 30
0.0
 11
364750.2227349665
 21
-82657.8776007591
 31
0.0
  0
LINE
  5
3C2
330
112
100
AcDbEntity
  8
FORMAT_BODER_HATCH
100
AcDbLine
 10
364753.4445903535
 20
-82650.85780938886
 30
0.0
 11
364753.4445903535
 21
-82648.44401435863
 31
0.0
  0
LINE
  5
3C3
330
112
100
AcDbEntity
  8
FORMAT_BODER_HATCH
100
AcDbLine
 10
364746.7007088709
 20
-82666.85395823474
 30
0.0
 11
364742.3317601994
 21
-82660.45949362373
 31
0.0
  0
LINE
  5
3C4
330
112
100
AcDbEntity
  8
FORMAT_BODER_HATCH
100
AcDbLine
 10
364754.2111541234
 20
-82660.45949362373
 30
0.0
 11
364746.7007088709
 21
-82666.85395823474
 31
0.0
  0
LINE
  5
3C5
330
112
100
AcDbEntity
  8
FORMAT_BODER_HATCH
100
AcDbLine
 10
364734.7112570201
 20
-82698.22179213807
 30
0.0
 11
364736.1112570202
 21
-82698.22179213807
 31
0.0
  0
ARC
  5
3C6
330
112
100
AcDbEntity
  8
FORMAT_BODER_HATCH
100
AcDbCircle
 10
364734.7112570201
 20
-82696.3551254714
 30
0.0
 40
1.866666666671216
100
AcDbArc
 50
180.0
 51
270.0
  0
LINE
  5
3C7
330
112
100
AcDbEntity
  8
FORMAT_BODER_HATCH
100
AcDbLine
 10
364732.8445903534
 20
-82650.3106810253
 30
0.0
 11
364732.8445903534
 21
-82696.3551254714
 31
0.0
  0
ARC
  5
3C8
330
112
100
AcDbEntity
  8
FORMAT_BODER_HATCH
100
AcDbCircle
 10
364734.7112570201
 20
-82650.3106810253
 30
0.0
 40
1.866666666672277
100
AcDbArc
 50
90.0
 51
180.0
  0
LINE
  5
3C9
330
112
100
AcDbEntity
  8
FORMAT_BODER_HATCH
100
AcDbLine
 10
364736.1112570202
 20
-82648.44401435863
 30
0.0
 11
364734.7112570201
 21
-82648.44401435863
 31
0.0
  0
LINE
  5
3CA
330
112
100
AcDbEntity
  8
FORMAT_BODER_HATCH
100
AcDbLine
 10
364738.9112570202
 20
-82702.88845880475
 30
0.0
 11
364762.9779236868
 21
-82702.88845880475
 31
0.0
  0
LINE
  5
3CB
330
112
100
AcDbEntity
  8
FORMAT_BODER_HATCH
100
AcDbLine
 10
364748.5475912943
 20
-82698.22179213807
 30
0.0
 11
364736.1112570202
 21
-82698.22179213807
 31
0.0
  0
LINE
  5
3CC
330
112
100
AcDbEntity
  8
FORMAT_BODER_HATCH
100
AcDbLine
 10
364757.7112570202
 20
-82698.22179213807
 30
0.0
 11
364752.2693441633
 21
-82698.22179213807
 31
0.0
  0
ARC
  5
3CD
330
112
100
AcDbEntity
  8
FORMAT_BODER_HATCH
100
AcDbCircle
 10
364738.9112570202
 20
-82700.08845880473
 30
0.0
 40
2.800000000007779
100
AcDbArc
 50
180.0
 51
270.0
  0
LINE
  5
3CE
330
112
100
AcDbEntity
  8
FORMAT_BODER_HATCH
100
AcDbLine
 10
364736.1112570202
 20
-82698.22179213807
 30
0.0
 11
364736.1112570202
 21
-82700.08845880473
 31
0.0
  0
LINE
  5
3CF
330
112
100
AcDbEntity
  8
FORMAT_BODER_HATCH
100
AcDbLine
 10
364736.1112570202
 20
-82648.44401435863
 30
0.0
 11
364747.776927443
 21
-82648.44401435863
 31
0.0
  0
LINE
  5
3D0
330
112
100
AcDbEntity
  8
FORMAT_BODER_HATCH
100
AcDbLine
 10
364762.9779236868
 20
-82643.77734769194
 30
0.0
 11
364738.9112570202
 21
-82643.77734769194
 31
0.0
  0
LINE
  5
3D1
330
112
100
AcDbEntity
  8
FORMAT_BODER_HATCH
100
AcDbLine
 10
364751.0307953233
 20
-82648.44401435863
 30
0.0
 11
364757.7112570202
 21
-82648.44401435863
 31
0.0
  0
LINE
  5
3D2
330
112
100
AcDbEntity
  8
FORMAT_BODER_HATCH
100
AcDbLine
 10
364736.1112570202
 20
-82646.57734769196
 30
0.0
 11
364736.1112570202
 21
-82648.44401435863
 31
0.0
  0
ARC
  5
3D3
330
112
100
AcDbEntity
  8
FORMAT_BODER_HATCH
100
AcDbCircle
 10
364738.9112570202
 20
-82646.57734769196
 30
0.0
 40
2.800000000007779
100
AcDbArc
 50
90.0
 51
180.0
  0
LINE
  5
3D4
330
112
100
AcDbEntity
  8
FORMAT_BODER_HATCH
100
AcDbLine
 10
364757.7112570202
 20
-82648.44401435863
 30
0.0
 11
364757.7112570202
 21
-82698.22179213807
 31
0.0
  0
LINE
  5
3D5
330
112
100
AcDbEntity
  8
FORMAT_BODER_HATCH
100
AcDbLine
 10
364762.9779236868
 20
-82702.88845880475
 30
0.0
 11
364762.9779236868
 21
-82643.77734769194
 31
0.0
  0
LINE
  5
3D6
330
112
100
AcDbEntity
  8
FORMAT_BODER_HATCH
  6
BYBLOCK
100
AcDbLine
 10
364695.4020671829
 20
-82693.31786238533
 30
0.0
 11
364696.3064611231
 21
-82693.31786238533
 31
0.0
  0
LINE
  5
3D7
330
112
100
AcDbEntity
  8
FORMAT_BODER_HATCH
  6
BYBLOCK
100
AcDbLine
 10
364695.0403096083
 20
-82692.95610480887
 30
0.0
 11
364695.4020671829
 21
-82693.31786238533
 31
0.0
  0
LINE
  5
3D8
330
112
100
AcDbEntity
  8
FORMAT_BODER_HATCH
  6
BYBLOCK
100
AcDbLine
 10
364695.0403096083
 20
-82692.05171086956
 30
0.0
 11
364695.0403096083
 21
-82692.95610480887
 31
0.0
  0
LINE
  5
3D9
330
112
100
AcDbEntity
  8
FORMAT_BODER_HATCH
  6
BYBLOCK
100
AcDbLine
 10
364696.3064611231
 20
-82692.05171086956
 30
0.0
 11
364695.0403096083
 21
-82692.05171086956
 31
0.0
  0
LINE
  5
3DA
330
112
100
AcDbEntity
  8
FORMAT_BODER_HATCH
  6
BYBLOCK
100
AcDbLine
 10
364696.3064611231
 20
-82693.31786238533
 30
0.0
 11
364696.3064611231
 21
-82692.05171086956
 31
0.0
  0
LINE
  5
3DB
330
112
100
AcDbEntity
  8
FORMAT_BODER_HATCH
  6
BYBLOCK
100
AcDbLine
 10
364695.0403096083
 20
-82658.11068056655
 30
0.0
 11
364696.3064611231
 21
-82658.11068056655
 31
0.0
  0
LINE
  5
3DC
330
112
100
AcDbEntity
  8
FORMAT_BODER_HATCH
  6
BYBLOCK
100
AcDbLine
 10
364695.0403096083
 20
-82657.20628662725
 30
0.0
 11
364695.0403096083
 21
-82658.11068056655
 31
0.0
  0
LINE
  5
3DD
330
112
100
AcDbEntity
  8
FORMAT_BODER_HATCH
  6
BYBLOCK
100
AcDbLine
 10
364695.4020671829
 20
-82656.84452905264
 30
0.0
 11
364695.0403096083
 21
-82657.20628662725
 31
0.0
  0
LINE
  5
3DE
330
112
100
AcDbEntity
  8
FORMAT_BODER_HATCH
  6
BYBLOCK
100
AcDbLine
 10
364696.3064611231
 20
-82656.84452905264
 30
0.0
 11
364695.4020671829
 21
-82656.84452905264
 31
0.0
  0
LINE
  5
3DF
330
112
100
AcDbEntity
  8
FORMAT_BODER_HATCH
  6
BYBLOCK
100
AcDbLine
 10
364696.3064611231
 20
-82658.11068056655
 30
0.0
 11
364696.3064611231
 21
-82656.84452905264
 31
0.0
  0
LINE
  5
3E0
330
112
100
AcDbEntity
  8
FORMAT_BODER_HATCH
  6
BYBLOCK
100
AcDbLine
 10
364713.6565823344
 20
-82658.11068056655
 30
0.0
 11
364714.9227338511
 21
-82658.11068056655
 31
0.0
  0
LINE
  5
3E1
330
112
100
AcDbEntity
  8
FORMAT_BODER_HATCH
  6
BYBLOCK
100
AcDbLine
 10
364713.6565823344
 20
-82656.84452905264
 30
0.0
 11
364713.6565823344
 21
-82658.11068056655
 31
0.0
  0
LINE
  5
3E2
330
112
100
AcDbEntity
  8
FORMAT_BODER_HATCH
  6
BYBLOCK
100
AcDbLine
 10
364714.5609762746
 20
-82656.84452905264
 30
0.0
 11
364713.6565823344
 21
-82656.84452905264
 31
0.0
  0
LINE
  5
3E3
330
112
100
AcDbEntity
  8
FORMAT_BODER_HATCH
  6
BYBLOCK
100
AcDbLine
 10
364714.9227338511
 20
-82657.20628662725
 30
0.0
 11
364714.5609762746
 21
-82656.84452905264
 31
0.0
  0
LINE
  5
3E4
330
112
100
AcDbEntity
  8
FORMAT_BODER_HATCH
  6
BYBLOCK
100
AcDbLine
 10
364714.9227338511
 20
-82658.11068056655
 30
0.0
 11
364714.9227338511
 21
-82657.20628662725
 31
0.0
  0
LINE
  5
3E5
330
112
100
AcDbEntity
  8
FORMAT_BODER_HATCH
  6
BYBLOCK
100
AcDbLine
 10
364714.5609762746
 20
-82693.31786238533
 30
0.0
 11
364714.9227338511
 21
-82692.95610480887
 31
0.0
  0
LINE
  5
3E6
330
112
100
AcDbEntity
  8
FORMAT_BODER_HATCH
  6
BYBLOCK
100
AcDbLine
 10
364713.6565823344
 20
-82693.31786238533
 30
0.0
 11
364714.5609762746
 21
-82693.31786238533
 31
0.0
  0
LINE
  5
3E7
330
112
100
AcDbEntity
  8
FORMAT_BODER_HATCH
  6
BYBLOCK
100
AcDbLine
 10
364713.6565823344
 20
-82692.05171086956
 30
0.0
 11
364713.6565823344
 21
-82693.31786238533
 31
0.0
  0
LINE
  5
3E8
330
112
100
AcDbEntity
  8
FORMAT_BODER_HATCH
  6
BYBLOCK
100
AcDbLine
 10
364714.9227338511
 20
-82692.05171086956
 30
0.0
 11
364713.6565823344
 21
-82692.05171086956
 31
0.0
  0
LINE
  5
3E9
330
112
100
AcDbEntity
  8
FORMAT_BODER_HATCH
  6
BYBLOCK
100
AcDbLine
 10
364714.9227338511
 20
-82692.95610480887
 30
0.0
 11
364714.9227338511
 21
-82692.05171086956
 31
0.0
  0
LINE
  5
3EA
330
112
100
AcDbEntity
  8
FORMAT_BODER_HATCH
  6
DASHED
 48
3.0
100
AcDbLine
 10
364696.3064611231
 20
-82656.84452905264
 30
0.0
 11
364713.6565823344
 21
-82656.84452905264
 31
0.0
  0
LINE
  5
3EB
330
112
100
AcDbEntity
  8
FORMAT_BODER_HATCH
  6
DASHED
 48
3.0
100
AcDbLine
 10
364696.3064611231
 20
-82657.20674306658
 30
0.0
 11
364713.6565823344
 21
-82657.20674306658
 31
0.0
  0
LINE
  5
3EC
330
112
100
AcDbEntity
  8
FORMAT_BODER_HATCH
  6
DASHED
 48
3.0
100
AcDbLine
 10
364695.4025236222
 20
-82692.05171086956
 30
0.0
 11
364695.4025236222
 21
-82658.11068056658
 31
0.0
  0
LINE
  5
3ED
330
112
100
AcDbEntity
  8
FORMAT_BODER_HATCH
  6
DASHED
 48
3.0
100
AcDbLine
 10
364695.0403096083
 20
-82692.05171086956
 30
0.0
 11
364695.0403096083
 21
-82658.11068056658
 31
0.0
  0
LINE
  5
3EE
330
112
100
AcDbEntity
  8
FORMAT_BODER_HATCH
  6
DASHED
 48
3.0
100
AcDbLine
 10
364714.9227338511
 20
-82692.05171086956
 30
0.0
 11
364714.9227338511
 21
-82658.11068056655
 31
0.0
  0
LINE
  5
3EF
330
112
100
AcDbEntity
  8
FORMAT_BODER_HATCH
  6
DASHED
 48
3.0
100
AcDbLine
 10
364714.5605198353
 20
-82692.05171086956
 30
0.0
 11
364714.5605198353
 21
-82658.11068056655
 31
0.0
  0
LINE
  5
3F0
330
112
100
AcDbEntity
  8
FORMAT_BODER_HATCH
  6
DASHED
 48
3.0
100
AcDbLine
 10
364696.3064611231
 20
-82693.31786238533
 30
0.0
 11
364713.6565823344
 21
-82693.31786238533
 31
0.0
  0
LINE
  5
3F1
330
112
100
AcDbEntity
  8
FORMAT_BODER_HATCH
  6
DASHED
 48
3.0
100
AcDbLine
 10
364696.3064611231
 20
-82692.95564836953
 30
0.0
 11
364713.6565823344
 21
-82692.95564836953
 31
0.0
  0
LWPOLYLINE
  5
3F2
330
112
100
AcDbEntity
  8
FORMAT_BODER_HATCH
  6
BYBLOCK
100
AcDbPolyline
 90
        5
 70
     0
 43
0.0
 10
364716.7315217287
 20
-82655.03574117218
 10
364716.7315217287
 20
-82695.12665026393
 10
364693.2315217287
 20
-82695.12665026393
 10
364693.2315217287
 20
-82655.03574117218
 10
364716.7315217287
 20
-82655.03574117218
  0
CIRCLE
  5
3F3
330
112
100
AcDbEntity
  8
FORMAT_BODER_HATCH
 48
20.0
100
AcDbCircle
 10
364704.1092297139
 20
-82766.03079611022
 30
0.0
 40
24.0
  0
LWPOLYLINE
  5
3F4
330
112
100
AcDbEntity
  8
FORMAT_BODER_HATCH
 48
20.0
100
AcDbPolyline
 90
        4
 70
     0
 43
0.0
 10
364726.3094346377
 20
-82756.9120845049
 10
364738.7498294645
 20
-82756.84563367785
 10
364738.8459757557
 20
-82774.84537689519
 10
364726.405580929
 20
-82774.91182772233
  0
LWPOLYLINE
  5
3F5
330
112
100
AcDbEntity
  8
FORMAT_BODER_HATCH
 48
20.0
100
AcDbPolyline
 90
        4
 70
     0
 43
0.0
 10
364726.6935922308
 20
-82757.91004677897
 10
364737.7551851908
 20
-82757.85096087283
 10
364737.8406485607
 20
-82773.85073262156
 10
364726.7790556008
 20
-82773.9098185277
  0
LWPOLYLINE
  5
3F6
330
112
100
AcDbEntity
  8
FORMAT_BODER_HATCH
 48
20.0
100
AcDbPolyline
 90
        4
 70
     0
 43
0.0
 10
364681.8128784989
 20
-82757.14976449808
 10
364669.3724836721
 20
-82757.21621532511
 10
364669.4686299633
 20
-82775.21595854248
 10
364681.90902479
 20
-82775.14950771542
  0
LWPOLYLINE
  5
3F7
330
112
100
AcDbEntity
  8
FORMAT_BODER_HATCH
 48
20.0
100
AcDbPolyline
 90
        4
 70
     0
 43
0.0
 10
364681.4394038269
 20
-82758.15177369272
 10
364670.377810867
 20
-82758.21085959888
 10
364670.4632742369
 20
-82774.21063134761
 10
364681.5248671969
 20
-82774.15154544148
  0
LWPOLYLINE
  5
3F8
330
112
100
AcDbEntity
  8
FORMAT_BODER_HATCH
 48
20.0
100
AcDbPolyline
 90
        4
 70
     0
 43
0.0
 10
364694.9905181086
 20
-82743.83059118639
 10
364694.9240672816
 20
-82731.39019635966
 10
364712.9238104988
 20
-82731.29405006842
 10
364712.9902613259
 20
-82743.73444489518
  0
LWPOLYLINE
  5
3F9
330
112
100
AcDbEntity
  8
FORMAT_BODER_HATCH
 48
20.0
100
AcDbPolyline
 90
        4
 70
     0
 43
0.0
 10
364695.9884803826
 20
-82743.4464335932
 10
364695.9293944765
 20
-82732.38484063323
 10
364711.9291662252
 20
-82732.29937726329
 10
364711.9882521313
 20
-82743.36097022326
  0
LWPOLYLINE
  5
3FA
330
112
100
AcDbEntity
  8
FORMAT_BODER_HATCH
 48
20.0
100
AcDbPolyline
 90
        4
 70
     0
 43
0.0
 10
364695.2281981017
 20
-82788.32714732521
 10
364695.2946489289
 20
-82800.767542152
 10
364713.2943921462
 20
-82800.67139586085
 10
364713.2279413191
 20
-82788.23100103406
  0
LWPOLYLINE
  5
3FB
330
112
100
AcDbEntity
  8
FORMAT_BODER_HATCH
 48
20.0
100
AcDbPolyline
 90
        4
 70
     0
 43
0.0
 10
364696.2302072964
 20
-82788.70062199715
 10
364696.2892932025
 20
-82799.76221495698
 10
364712.2890649513
 20
-82799.67675158705
 10
364712.229979045
 20
-82788.61515862722
  0
LWPOLYLINE
  5
3FC
330
112
100
AcDbEntity
  8
FORMAT_BODER_HATCH
  6
BYBLOCK
100
AcDbPolyline
 90
        2
 70
     0
 43
0.0
 10
364539.7720920296
 20
-82919.4194656647
 10
364539.7720920296
 20
-82861.89163948123
  0
LWPOLYLINE
  5
3FD
330
112
100
AcDbEntity
  8
FORMAT_BODER_HATCH
  6
BYBLOCK
100
AcDbPolyline
 90
        2
 70
     0
 43
0.0
 10
364539.3199654782
 20
-82919.4194656647
 10
364539.3199654782
 20
-82861.89163948123
  0
LWPOLYLINE
  5
3FE
330
112
100
AcDbEntity
  8
FORMAT_BODER_HATCH
  6
BYBLOCK
100
AcDbPolyline
 90
        2
 70
     0
 43
0.0
 10
364537.9576019013
 20
-82919.4194656647
 10
364537.9576019013
 20
-82861.89163948123
  0
LWPOLYLINE
  5
3FF
330
112
100
AcDbEntity
  8
FORMAT_BODER_HATCH
  6
BYBLOCK
100
AcDbPolyline
 90
        2
 70
     0
 43
0.0
 10
364615.6433545343
 20
-82919.4194656647
 10
364615.6433545343
 20
-82861.89163948123
  0
LWPOLYLINE
  5
400
330
112
100
AcDbEntity
  8
FORMAT_BODER_HATCH
  6
BYBLOCK
100
AcDbPolyline
 90
        2
 70
     0
 43
0.0
 10
364613.828864406
 20
-82919.4194656647
 10
364613.828864406
 20
-82861.89163948123
  0
LWPOLYLINE
  5
401
330
112
100
AcDbEntity
  8
FORMAT_BODER_HATCH
  6
BYBLOCK
100
AcDbPolyline
 90
        2
 70
     0
 43
0.0
 10
364615.191227982
 20
-82919.4194656647
 10
364615.191227982
 20
-82861.89163948123
  0
LWPOLYLINE
  5
402
330
112
100
AcDbEntity
  8
FORMAT_BODER_HATCH
  6
BYBLOCK
100
AcDbPolyline
 90
        2
 70
     0
 43
0.0
 10
364600.778114441
 20
-82926.62310737737
 10
364600.778114441
 20
-82854.68799776856
  0
LWPOLYLINE
  5
403
330
112
100
AcDbEntity
  8
FORMAT_BODER_HATCH
  6
BYBLOCK
100
AcDbPolyline
 90
        2
 70
     0
 43
0.0
 10
364601.6541859757
 20
-82926.62310737737
 10
364601.6541859757
 20
-82854.68799776856
  0
LINE
  5
404
330
112
100
AcDbEntity
  8
FORMAT_BODER_HATCH
  6
BYBLOCK
100
AcDbLine
 10
364561.2428908545
 20
-82926.62310737737
 30
0.0
 11
364561.2428908545
 21
-82868.24925363615
 31
0.0
  0
LINE
  5
405
330
112
100
AcDbEntity
  8
FORMAT_BODER_HATCH
  6
BYBLOCK
100
AcDbLine
 10
364614.5147713508
 20
-82857.34256741025
 30
0.0
 11
364614.5147713508
 21
-82923.96853773568
 31
0.0
  0
LINE
  5
406
330
112
100
AcDbEntity
  8
FORMAT_BODER_HATCH
  6
BYBLOCK
100
AcDbLine
 10
364613.3491861906
 20
-82926.62310737737
 30
0.0
 11
364613.3491861906
 21
-82854.68799776856
 31
0.0
  0
LINE
  5
407
330
112
100
AcDbEntity
  8
FORMAT_BODER_HATCH
  6
BYBLOCK
100
AcDbLine
 10
364538.643508847
 20
-82857.34256741025
 30
0.0
 11
364538.643508847
 21
-82923.96853773568
 31
0.0
  0
ARC
  5
408
330
112
100
AcDbEntity
  8
FORMAT_BODER_HATCH
  6
BYBLOCK
100
AcDbCircle
 10
364578.1088547774
 20
-82919.23776789561
 30
0.0
 40
24.0597391914971
100
AcDbArc
 50
174.1512528299134
 51
193.0673719564613
  0
ARC
  5
409
330
112
100
AcDbEntity
  8
FORMAT_BODER_HATCH
  6
BYBLOCK
100
AcDbCircle
 10
364451.0772161105
 20
-82908.66259757795
 30
0.0
 40
90.88009011172528
100
AcDbArc
 50
349.8502693151754
 51
10.14973068482461
  0
ARC
  5
40A
330
112
100
AcDbEntity
  8
FORMAT_BODER_HATCH
  6
BYBLOCK
100
AcDbCircle
 10
364780.3803123268
 20
-82914.82201636823
 30
0.0
 40
225.923236986236
100
AcDbArc
 50
177.934083490621
 51
182.5002396688746
  0
LWPOLYLINE
  5
40B
330
112
100
AcDbEntity
  8
FORMAT_BODER_HATCH
  6
BYBLOCK
100
AcDbPolyline
 90
        3
 70
     0
 43
0.0
 10
364539.6824884128
 20
-82854.68799776856
 10
364539.6824884128
 20
-82857.34256741025
 10
364537.4779236868
 20
-82857.34256741025
  0
LWPOLYLINE
  5
40C
330
112
100
AcDbEntity
  8
FORMAT_BODER_HATCH
  6
BYBLOCK
100
AcDbPolyline
 90
        3
 70
     0
 43
0.0
 10
364615.5537509166
 20
-82854.68799776856
 10
364615.5537509166
 20
-82857.34256741025
 10
364613.3491861906
 20
-82857.34256741025
  0
ARC
  5
40D
330
112
100
AcDbEntity
  8
FORMAT_BODER_HATCH
  6
BYBLOCK
100
AcDbCircle
 10
364590.6791371444
 20
-82861.38415645428
 30
0.0
 40
15.25452888333852
100
AcDbArc
 50
153.9623278607485
 51
210.0173730417497
  0
LINE
  5
40E
330
112
100
AcDbEntity
  8
FORMAT_BODER_HATCH
  6
BYBLOCK
100
AcDbLine
 10
364561.2428908545
 20
-82868.24925363615
 30
0.0
 11
364576.9728571858
 21
-82854.68799776856
 31
0.0
  0
ARC
  5
40F
330
112
100
AcDbEntity
  8
FORMAT_BODER_HATCH
  6
BYBLOCK
100
AcDbCircle
 10
364522.7407279501
 20
-82877.63587960128
 30
0.0
 40
20.42528975520247
100
AcDbArc
 50
330.5975120945181
 51
351.1793057339336
  0
ARC
  5
410
330
112
100
AcDbEntity
  8
FORMAT_BODER_HATCH
  6
BYBLOCK
100
AcDbCircle
 10
364546.5594100032
 20
-82889.15884614542
 30
0.0
 40
5.241546760276681
100
AcDbArc
 50
80.72172329750538
 51
145.7354236682134
  0
ARC
  5
411
330
112
100
AcDbEntity
  8
FORMAT_BODER_HATCH
  6
BYBLOCK
100
AcDbCircle
 10
365075.7698348893
 20
-82859.95069294322
 30
0.0
 40
521.3127599483022
100
AcDbArc
 50
181.8171612186621
 51
182.9966658523567
  0
ARC
  5
412
330
112
100
AcDbEntity
  8
FORMAT_BODER_HATCH
  6
BYBLOCK
100
AcDbCircle
 10
364456.6196095526
 20
-82872.14850756891
 30
0.0
 40
85.33769666956896
100
AcDbArc
 50
349.5249660779845
 51
10.47503392201542
  0
ARC
  5
413
330
112
100
AcDbEntity
  8
FORMAT_BODER_HATCH
  6
BYBLOCK
100
AcDbCircle
 10
364538.8778723769
 20
-82869.34298964303
 30
0.0
 40
8.775598779056915
100
AcDbArc
 50
310.2521925186355
 51
349.2575563509304
  0
ARC
  5
414
330
112
100
AcDbEntity
  8
FORMAT_BODER_HATCH
  6
BYBLOCK
100
AcDbCircle
 10
364545.2300865438
 20
-82876.8459458369
 30
0.0
 40
1.055218911603481
100
AcDbArc
 50
130.2521925186356
 51
270.4936447009667
  0
ARC
  5
415
330
112
100
AcDbEntity
  8
FORMAT_BODER_HATCH
  6
BYBLOCK
100
AcDbCircle
 10
364555.2124430185
 20
-82875.73552953165
 30
0.0
 40
0.5238628932036851
100
AcDbArc
 50
287.5153131077701
 51
24.74465980149868
  0
ARC
  5
416
330
112
100
AcDbEntity
  8
FORMAT_BODER_HATCH
  6
BYBLOCK
100
AcDbCircle
 10
364547.3850986792
 20
-82879.04429300495
 30
0.0
 40
9.021565989300015
100
AcDbArc
 50
23.02092609466262
 51
81.76162059824786
  0
ARC
  5
417
330
112
100
AcDbEntity
  8
FORMAT_BODER_HATCH
  6
BYBLOCK
100
AcDbCircle
 10
364621.7955534134
 20
-82868.7474682796
 30
0.0
 40
67.33851045081299
100
AcDbArc
 50
181.4189596731995
 51
184.1998436667025
  0
ARC
  5
418
330
112
100
AcDbEntity
  8
FORMAT_BODER_HATCH
  6
BYBLOCK
100
AcDbCircle
 10
364556.363876492
 20
-82879.84184100472
 30
0.0
 40
3.741140320562588
100
AcDbArc
 50
105.4045852394406
 51
185.5924601152952
  0
ARC
  5
419
330
112
100
AcDbEntity
  8
FORMAT_BODER_HATCH
  6
BYBLOCK
100
AcDbCircle
 10
364545.292113159
 20
-82884.04500070021
 30
0.0
 40
6.144103155822339
100
AcDbArc
 50
29.30339457308084
 51
90.4936447009667
  0
ARC
  5
41A
330
112
100
AcDbEntity
  8
FORMAT_BODER_HATCH
  6
BYBLOCK
100
AcDbCircle
 10
364551.4183939744
 20
-82880.07896491226
 30
0.0
 40
1.22877742232281
100
AcDbArc
 50
231.294542479156
 51
354.0461692683751
  0
ARC
  5
41B
330
112
100
AcDbEntity
  8
FORMAT_BODER_HATCH
  6
BYBLOCK
100
AcDbCircle
 10
364580.8483589042
 20
-82872.42245337453
 30
0.0
 40
30.56934476195656
100
AcDbArc
 50
148.9025029548023
 51
159.1397392509373
  0
ARC
  5
41C
330
112
100
AcDbEntity
  8
FORMAT_BODER_HATCH
  6
BYBLOCK
100
AcDbCircle
 10
364547.6036162509
 20
-82836.96858034183
 30
0.0
 40
20.89673707035097
100
AcDbArc
 50
250.2291039489732
 51
289.7708960510268
  0
ARC
  5
41D
330
112
100
AcDbEntity
  8
FORMAT_BODER_HATCH
  6
BYBLOCK
100
AcDbCircle
 10
365075.7698348893
 20
-82865.77861874357
 30
0.0
 40
521.3127599483022
100
AcDbArc
 50
180.0403459274268
 51
180.0472286356948
  0
ARC
  5
41E
330
112
100
AcDbEntity
  8
FORMAT_BODER_HATCH
  6
BYBLOCK
100
AcDbCircle
 10
364755.9849779142
 20
-82865.94151660793
 30
0.0
 40
201.5279024963626
100
AcDbArc
 50
177.3527278321964
 51
182.1874007587984
  0
ARC
  5
41F
330
112
100
AcDbEntity
  8
FORMAT_BODER_HATCH
  6
BYBLOCK
100
AcDbCircle
 10
364578.1088547774
 20
-82862.07333725032
 30
0.0
 40
24.0597391914971
100
AcDbArc
 50
166.9326280435386
 51
185.8487471700865
  0
LWPOLYLINE
  5
420
330
112
100
AcDbEntity
  8
FORMAT_BODER_HATCH
  6
BYBLOCK
100
AcDbPolyline
 90
        2
 70
     0
 43
0.0
 10
364537.4779236868
 20
-82861.89163948123
 10
364539.7720920296
 20
-82861.89163948123
  0
LWPOLYLINE
  5
421
330
112
100
AcDbEntity
  8
FORMAT_BODER_HATCH
  6
BYBLOCK
100
AcDbPolyline
 90
        2
 70
     0
 43
0.0
 10
364613.3491861906
 20
-82861.89163948123
 10
364615.6433545343
 20
-82861.89163948123
  0
CIRCLE
  5
422
330
112
100
AcDbEntity
  8
FORMAT_BODER_HATCH
  6
BYBLOCK
100
AcDbCircle
 10
364614.5954974985
 20
-82856.20243474182
 30
0.0
 40
0.8213620001911635
  0
CIRCLE
  5
423
330
112
100
AcDbEntity
  8
FORMAT_BODER_HATCH
  6
BYBLOCK
100
AcDbCircle
 10
364538.7242349947
 20
-82856.20243474182
 30
0.0
 40
0.8213620001911635
  0
ARC
  5
424
330
112
100
AcDbEntity
  8
FORMAT_BODER_HATCH
  6
BYBLOCK
100
AcDbCircle
 10
364568.4177817955
 20
-82888.52028465264
 30
0.0
 40
21.50334296055688
100
AcDbArc
 50
65.10240396449751
 51
109.4913155710735
  0
ARC
  5
425
330
112
100
AcDbEntity
  8
FORMAT_BODER_HATCH
  6
BYBLOCK
100
AcDbCircle
 10
364548.7416786302
 20
-82915.7407399378
 30
0.0
 40
29.25199720225677
100
AcDbArc
 50
77.30540100372198
 51
106.2929183488114
  0
ARC
  5
426
330
112
100
AcDbEntity
  8
FORMAT_BODER_HATCH
  6
BYBLOCK
100
AcDbCircle
 10
365075.7698348893
 20
-82920.36041220363
 30
0.0
 40
521.3127599483022
100
AcDbArc
 50
177.0033341476432
 51
178.1828387813378
  0
ARC
  5
427
330
112
100
AcDbEntity
  8
FORMAT_BODER_HATCH
  6
BYBLOCK
100
AcDbCircle
 10
364546.5594100032
 20
-82891.15225900144
 30
0.0
 40
5.241546760276681
100
AcDbArc
 50
214.2645763317865
 51
279.2782767024946
  0
ARC
  5
428
330
112
100
AcDbEntity
  8
FORMAT_BODER_HATCH
  6
BYBLOCK
100
AcDbCircle
 10
364522.7407279501
 20
-82902.67522554465
 30
0.0
 40
20.42528975520247
100
AcDbArc
 50
8.820694266066372
 51
29.40248790548188
  0
ARC
  5
429
330
112
100
AcDbEntity
  8
FORMAT_BODER_HATCH
  6
BYBLOCK
100
AcDbCircle
 10
364548.7416786302
 20
-82864.57036520813
 30
0.0
 40
29.25199720225677
100
AcDbArc
 50
253.7070816511886
 51
282.694598996278
  0
ARC
  5
42A
330
112
100
AcDbEntity
  8
FORMAT_BODER_HATCH
  6
BYBLOCK
100
AcDbCircle
 10
364551.4183939744
 20
-82900.23214023367
 30
0.0
 40
1.22877742232281
100
AcDbArc
 50
5.953830731624777
 51
128.7054575208439
  0
ARC
  5
42B
330
112
100
AcDbEntity
  8
FORMAT_BODER_HATCH
  6
BYBLOCK
100
AcDbCircle
 10
364545.292113159
 20
-82896.26610444665
 30
0.0
 40
6.144103155822339
100
AcDbArc
 50
269.5063552990333
 51
330.6966054269191
  0
ARC
  5
42C
330
112
100
AcDbEntity
  8
FORMAT_BODER_HATCH
  6
BYBLOCK
100
AcDbCircle
 10
364556.363876492
 20
-82900.46926414121
 30
0.0
 40
3.741140320562588
100
AcDbArc
 50
174.4075398847047
 51
254.5954147605593
  0
ARC
  5
42D
330
112
100
AcDbEntity
  8
FORMAT_BODER_HATCH
  6
BYBLOCK
100
AcDbCircle
 10
364621.7955534134
 20
-82911.56363686633
 30
0.0
 40
67.33851045081299
100
AcDbArc
 50
175.8001563332974
 51
178.5810403268005
  0
ARC
  5
42E
330
112
100
AcDbEntity
  8
FORMAT_BODER_HATCH
  6
BYBLOCK
100
AcDbCircle
 10
364546.0243385376
 20
-82901.24947086904
 30
0.0
 40
10.2936902064391
100
AcDbArc
 50
284.9382031325413
 51
339.8534400054745
  0
ARC
  5
42F
330
112
100
AcDbEntity
  8
FORMAT_BODER_HATCH
  6
BYBLOCK
100
AcDbCircle
 10
364555.2124430185
 20
-82904.5755756152
 30
0.0
 40
0.5238628932036851
100
AcDbArc
 50
335.2553401985014
 51
72.48468689222999
  0
ARC
  5
430
330
112
100
AcDbEntity
  8
FORMAT_BODER_HATCH
  6
BYBLOCK
100
AcDbCircle
 10
364545.2300865438
 20
-82903.46515930902
 30
0.0
 40
1.055218911603481
100
AcDbArc
 50
89.50635529903332
 51
229.7478074813644
  0
ARC
  5
431
330
112
100
AcDbEntity
  8
FORMAT_BODER_HATCH
  6
BYBLOCK
100
AcDbCircle
 10
364549.74987475
 20
-82909.21329692575
 30
0.0
 40
2.253345527519222
100
AcDbArc
 50
183.0296517776748
 51
241.5909505583714
  0
ARC
  5
432
330
112
100
AcDbEntity
  8
FORMAT_BODER_HATCH
  6
BYBLOCK
100
AcDbCircle
 10
364538.8778723769
 20
-82910.9681155029
 30
0.0
 40
8.775598779056915
100
AcDbArc
 50
10.7424436490697
 51
49.7478074813644
  0
ARC
  5
433
330
112
100
AcDbEntity
  8
FORMAT_BODER_HATCH
  6
BYBLOCK
100
AcDbCircle
 10
365075.7698348893
 20
-82915.53248640236
 30
0.0
 40
521.3127599483022
100
AcDbArc
 50
179.9527713643051
 51
179.9596540725732
  0
LWPOLYLINE
  5
434
330
112
100
AcDbEntity
  8
FORMAT_BODER_HATCH
  6
BYBLOCK
100
AcDbPolyline
 90
        2
 70
     0
 43
0.0
 10
364613.3491861906
 20
-82917.56323545978
 10
364561.2428908545
 20
-82917.56323545978
  0
LWPOLYLINE
  5
435
330
112
100
AcDbEntity
  8
FORMAT_BODER_HATCH
  6
BYBLOCK
100
AcDbPolyline
 90
        2
 70
     0
 43
0.0
 10
364613.3491861906
 20
-82916.7889015618
 10
364561.2428908545
 20
-82916.7889015618
  0
LWPOLYLINE
  5
436
330
112
100
AcDbEntity
  8
FORMAT_BODER_HATCH
  6
BYBLOCK
100
AcDbPolyline
 90
        2
 70
     0
 43
0.0
 10
364613.3491861906
 20
-82919.4194656647
 10
364615.6433545343
 20
-82919.4194656647
  0
LWPOLYLINE
  5
437
330
112
100
AcDbEntity
  8
FORMAT_BODER_HATCH
  6
BYBLOCK
100
AcDbPolyline
 90
        3
 70
     0
 43
0.0
 10
364615.5537509166
 20
-82926.62310737737
 10
364615.5537509166
 20
-82923.96853773568
 10
364613.3491861906
 20
-82923.96853773568
  0
LWPOLYLINE
  5
438
330
112
100
AcDbEntity
  8
FORMAT_BODER_HATCH
  6
BYBLOCK
100
AcDbPolyline
 90
        4
 70
     0
 43
0.0
 10
364615.5537509166
 20
-82926.62310737737
 10
364537.4779236868
 20
-82926.62310737737
 10
364537.4779236868
 20
-82854.68799776857
 10
364615.5537509166
 20
-82854.68799776763
  0
CIRCLE
  5
439
330
112
100
AcDbEntity
  8
FORMAT_BODER_HATCH
  6
BYBLOCK
100
AcDbCircle
 10
364614.5954974985
 20
-82925.10867040504
 30
0.0
 40
0.8213620001911635
  0
LWPOLYLINE
  5
43A
330
112
100
AcDbEntity
  8
FORMAT_BODER_HATCH
  6
BYBLOCK
100
AcDbPolyline
 90
        2
 70
     0
 43
0.0
 10
364537.4779236868
 20
-82919.4194656647
 10
364539.7720920296
 20
-82919.4194656647
  0
LWPOLYLINE
  5
43B
330
112
100
AcDbEntity
  8
FORMAT_BODER_HATCH
  6
BYBLOCK
100
AcDbPolyline
 90
        3
 70
     0
 43
0.0
 10
364539.6824884128
 20
-82926.62310737737
 10
364539.6824884128
 20
-82923.96853773568
 10
364537.4779236868
 20
-82923.96853773568
  0
ARC
  5
43C
330
112
100
AcDbEntity
  8
FORMAT_BODER_HATCH
  6
BYBLOCK
100
AcDbCircle
 10
364547.6036162509
 20
-82944.3425248041
 30
0.0
 40
20.89673707035097
100
AcDbArc
 50
70.22910394897318
 51
109.7708960510268
  0
CIRCLE
  5
43D
330
112
100
AcDbEntity
  8
FORMAT_BODER_HATCH
  6
BYBLOCK
100
AcDbCircle
 10
364538.7242349947
 20
-82925.10867040504
 30
0.0
 40
0.8213620001911635
  0
ARC
  5
43E
330
112
100
AcDbEntity
  8
FORMAT_BODER_HATCH
  6
BYBLOCK
100
AcDbCircle
 10
364580.8483589042
 20
-82908.88865177233
 30
0.0
 40
30.56934476195656
100
AcDbArc
 50
200.8602607490626
 51
211.0974970451977
  0
LWPOLYLINE
  5
43F
330
112
100
AcDbEntity
  8
FORMAT_BODER_HATCH
  6
BYBLOCK
100
AcDbPolyline
 90
        2
 70
     0
 43
0.0
 10
364542.3906293364
 20
-82944.65555257343
 10
364542.3906293364
 20
-82927.17177517425
  0
LWPOLYLINE
  5
440
330
112
100
AcDbEntity
  8
FORMAT_BODER_HATCH
  6
BYBLOCK
100
AcDbPolyline
 90
        2
 70
     0
 43
0.0
 10
364543.2742673497
 20
-82944.65555257343
 10
364543.2742673497
 20
-82927.17177517425
  0
LWPOLYLINE
  5
441
330
112
100
AcDbEntity
  8
FORMAT_BODER_HATCH
  6
BYBLOCK
100
AcDbPolyline
 90
        2
 70
     0
 43
0.0
 10
364554.961701086
 20
-82935.59568065491
 10
364537.4779236868
 20
-82935.59568065491
  0
LWPOLYLINE
  5
442
330
112
100
AcDbEntity
  8
FORMAT_BODER_HATCH
  6
BYBLOCK
100
AcDbPolyline
 90
        2
 70
     0
 43
0.0
 10
364554.961701086
 20
-82934.82134675693
 10
364537.4779236868
 20
-82934.82134675693
  0
LINE
  5
443
330
112
100
AcDbEntity
  8
FORMAT_BODER_HATCH
  6
BYBLOCK
100
AcDbLine
 10
364554.961701086
 20
-82944.65555257343
 30
0.0
 11
364537.4779236868
 21
-82944.65555257343
 31
0.0
  0
LINE
  5
444
330
112
100
AcDbEntity
  8
FORMAT_BODER_HATCH
100
AcDbLine
 10
364554.961701086
 20
-82944.65555257343
 30
0.0
 11
364554.961701086
 21
-82927.17177517425
 31
0.0
  0
LINE
  5
445
330
112
100
AcDbEntity
  8
FORMAT_BODER_HATCH
  6
BYBLOCK
100
AcDbLine
 10
364537.4779236868
 20
-82927.17177517425
 30
0.0
 11
364554.961701086
 21
-82927.17177517425
 31
0.0
  0
LINE
  5
446
330
112
100
AcDbEntity
  8
FORMAT_BODER_HATCH
100
AcDbLine
 10
364537.4779236868
 20
-82944.65555257343
 30
0.0
 11
364537.4779236868
 21
-82927.17177517425
 31
0.0
  0
LWPOLYLINE
  5
447
330
112
100
AcDbEntity
  8
FORMAT_BODER_HATCH
  6
BYBLOCK
100
AcDbPolyline
 90
        8
 70
     1
 43
0.0
 10
364714.1247651162
 20
-82588.81253372619
 10
364719.7557348724
 20
-82574.28152222297
 42
-0.4142135623730706
 10
364721.0158587007
 20
-82573.72526961402
 10
364727.978635046
 20
-82576.4234426209
 42
-0.414213562373095
 10
364728.5348876553
 20
-82577.68356645049
 10
364722.9039178998
 20
-82592.21457795321
 42
-0.4142135623731317
 10
364721.6437940712
 20
-82592.77083056243
 10
364714.6810177261
 20
-82590.07265755435
 42
-0.4142135623730813
  0
ARC
  5
448
330
112
100
AcDbEntity
  8
FORMAT_BODER_HATCH
  6
BYBLOCK
100
AcDbCircle
 10
364711.9505453274
 20
-82580.23673268332
 30
0.0
 40
25.45252212584882
100
AcDbArc
 50
315.1340676340197
 51
0.3900846703192137
  0
ARC
  5
449
330
112
100
AcDbEntity
  8
FORMAT_BODER_HATCH
  6
BYBLOCK
100
AcDbCircle
 10
364723.599613262
 20
-82629.31713999301
 30
0.0
 40
51.15120113441475
100
AcDbArc
 50
58.1727268798079
 51
74.34499299126759
  0
LINE
  5
44A
330
112
100
AcDbEntity
  8
FORMAT_BODER_HATCH
  6
BYBLOCK
100
AcDbLine
 10
364750.5747187696
 20
-82585.85694033746
 30
0.0
 11
364737.4024775715
 21
-82580.06344658622
 31
0.0
  0
ARC
  5
44B
330
112
100
AcDbEntity
  8
FORMAT_BODER_HATCH
  6
BYBLOCK
100
AcDbCircle
 10
364754.418664294
 20
-82586.7270871167
 30
0.0
 40
3.246647013038468
100
AcDbArc
 50
9.835760112490313
 51
67.76207689874279
  0
LWPOLYLINE
  5
44C
330
112
100
AcDbEntity
  8
FORMAT_BODER_HATCH
  6
BYBLOCK
100
AcDbPolyline
 90
        8
 70
     1
 43
0.0
 10
364712.8646412875
 20
-82589.36878633537
 10
364719.1994822629
 20
-82573.02139839456
 42
-0.414213562373107
 10
364720.4596060919
 20
-82572.46514578513
 10
364729.2387588749
 20
-82575.86719001146
 42
-0.414213562373095
 10
364729.7950114843
 20
-82577.12731384102
 10
364723.4601705089
 20
-82593.47470178184
 42
-0.414213562373095
 10
364722.2000466805
 20
-82594.03095439197
 10
364713.4208938971
 20
-82590.62891016377
 42
-0.414213562373095
  0
ARC
  5
44D
330
112
100
AcDbEntity
  8
FORMAT_BODER_HATCH
  6
BYBLOCK
100
AcDbCircle
 10
364729.2530373136
 20
-82599.99531885379
 30
0.0
 40
1.947988207823081
100
AcDbArc
 50
67.76207689874279
 51
247.7620768987428
  0
ARC
  5
44E
330
112
100
AcDbEntity
  8
FORMAT_BODER_HATCH
  6
BYBLOCK
100
AcDbCircle
 10
364730.0725971849
 20
-82600.33040800759
 30
0.0
 40
2.139771291817776
100
AcDbArc
 50
92.20524509368478
 51
223.3189088315739
  0
ARC
  5
44F
330
112
100
AcDbEntity
  8
FORMAT_BODER_HATCH
  6
BYBLOCK
100
AcDbCircle
 10
364749.3460205211
 20
-82588.86210567277
 30
0.0
 40
3.246647013038468
100
AcDbArc
 50
347.3659378281667
 51
67.76220694766579
  0
ARC
  5
450
330
112
100
AcDbEntity
  8
FORMAT_BODER_HATCH
  6
BYBLOCK
100
AcDbCircle
 10
364749.8517661818
 20
-82602.61648573565
 30
0.0
 40
3.246647013038468
100
AcDbArc
 50
318.2163244507909
 51
337.7620767148007
  0
LINE
  5
451
330
112
100
AcDbEntity
  8
FORMAT_BODER_HATCH
  6
BYBLOCK
100
AcDbLine
 10
364755.2681705347
 20
-82597.94778358114
 30
0.0
 11
364752.8569285479
 21
-82603.84519073836
 31
0.0
  0
ARC
  5
452
330
112
100
AcDbEntity
  8
FORMAT_BODER_HATCH
  6
BYBLOCK
100
AcDbCircle
 10
364738.981544786
 20
-82591.33877398973
 30
0.0
 40
13.60172372301142
100
AcDbArc
 50
308.4256401377148
 51
337.9571009184186
  0
ARC
  5
453
330
112
100
AcDbEntity
  8
FORMAT_BODER_HATCH
  6
BYBLOCK
100
AcDbCircle
 10
364739.0165876864
 20
-82591.25306618716
 30
0.0
 40
13.60172372301142
100
AcDbArc
 50
337.56705311895
 51
7.09851366647033
  0
ARC
  5
454
330
112
100
AcDbEntity
  8
FORMAT_BODER_HATCH
  6
BYBLOCK
100
AcDbCircle
 10
364744.6769415129
 20
-82600.28172266399
 30
0.0
 40
3.246647013038468
100
AcDbArc
 50
247.7619471929395
 51
328.1582151388891
  0
ARC
  5
455
330
112
100
AcDbEntity
  8
FORMAT_BODER_HATCH
  6
BYBLOCK
100
AcDbCircle
 10
364746.8006932817
 20
-82605.35909378593
 30
0.0
 40
3.246647013038468
100
AcDbArc
 50
247.7620768987428
 51
305.6883925758004
  0
ARC
  5
456
330
112
100
AcDbEntity
  8
FORMAT_BODER_HATCH
  6
BYBLOCK
100
AcDbCircle
 10
364735.833081756
 20
-82590.0895204691
 30
0.0
 40
22.04686966689355
100
AcDbArc
 50
305.6883925758004
 51
318.2163244507909
  0
ARC
  5
457
330
112
100
AcDbEntity
  8
FORMAT_BODER_HATCH
  6
BYBLOCK
100
AcDbCircle
 10
364735.8947772576
 20
-82589.93862582887
 30
0.0
 40
22.04686966689355
100
AcDbArc
 50
357.3078295764815
 51
9.835760112490313
  0
LINE
  5
458
330
112
100
AcDbEntity
  8
FORMAT_BODER_HATCH
  6
BYBLOCK
100
AcDbLine
 10
364755.2681705347
 20
-82597.94778358114
 30
0.0
 11
364757.9173138571
 21
-82590.97416619657
 31
0.0
  0
LINE
  5
459
330
112
100
AcDbEntity
  8
FORMAT_BODER_HATCH
  6
BYBLOCK
100
AcDbLine
 10
364743.4482296402
 20
-82603.2868824289
 30
0.0
 11
364729.9902601115
 21
-82598.19222135775
 31
0.0
  0
ARC
  5
45A
330
112
100
AcDbEntity
  8
FORMAT_BODER_HATCH
  6
BYBLOCK
100
AcDbCircle
 10
364754.6488410783
 20
-82553.37704797529
 30
0.0
 40
51.15120113441475
100
AcDbArc
 50
241.1791602944099
 51
257.3514266019218
  0
ARC
  5
45B
330
112
100
AcDbEntity
  8
FORMAT_BODER_HATCH
  6
BYBLOCK
100
AcDbCircle
 10
364710.0863116189
 20
-82674.87543021259
 30
0.0
 40
75.36508830833652
100
AcDbArc
 50
62.07219771149396
 51
75.84556555422472
  0
LINE
  5
45C
330
112
100
AcDbEntity
  8
FORMAT_BODER_HATCH
  6
BYBLOCK
100
AcDbLine
 10
364745.5719882791
 20
-82608.36425615143
 30
0.0
 11
364728.5158143124
 21
-82601.7984162737
 31
0.0
  0
LINE
  5
45D
330
112
100
AcDbEntity
  8
FORMAT_BODER_HATCH
  6
BYBLOCK
100
AcDbLine
 10
364755.6473692963
 20
-82583.72192475144
 30
0.0
 11
364738.8769235711
 21
-82576.45725174551
 31
0.0
  0
ARC
  5
45E
330
112
100
AcDbEntity
  8
FORMAT_BODER_HATCH
  6
BYBLOCK
100
AcDbCircle
 10
364776.9250071046
 20
-82511.40158423643
 30
0.0
 40
75.36508830833652
100
AcDbArc
 50
239.6785881265265
 51
253.4519561207416
  0
ARC
  5
45F
330
112
100
AcDbEntity
  8
FORMAT_BODER_HATCH
  6
BYBLOCK
100
AcDbCircle
 10
364738.1397005699
 20
-82578.26034916544
 30
0.0
 40
1.947988207823081
100
AcDbArc
 50
67.76207689874279
 51
247.7620768987428
  0
ARC
  5
460
330
112
100
AcDbEntity
  8
FORMAT_BODER_HATCH
  6
BYBLOCK
100
AcDbCircle
 10
364738.959260441
 20
-82578.5954383183
 30
0.0
 40
2.139771291817776
100
AcDbArc
 50
92.20524509368478
 51
223.3189088315739
  0
ENDBLK
  5
461
330
112
100
AcDbEntity
  8
0
 48
12.0
100
AcDbBlockEnd
  0
BLOCK
  5
4BA
330
4B7
100
AcDbEntity
  8
0
100
AcDbBlockBegin
  2
KT
 70
     0
 10
0.0
 20
0.0
 30
0.0
  3
KT
  1

  0
LINE
  5
4BB
330
4B7
100
AcDbEntity
  8
E-POWER
100
AcDbLine
 10
4.621253788347531
 20
4.05733102132217
 30
0.0
 11
0.0
 21
-4.05733102132217
 31
0.0
1001
ACDBBLOCKREPETAG
1070
     1
1071
        1
1005
4BB
  0
LINE
  5
4BD
330
4B7
100
AcDbEntity
  8
E-POWER
100
AcDbLine
 10
0.0
 20
3.889087296526011
 30
0.0
 11
0.1682437247961603
 21
4.057331021322171
 31
0.0
1001
ACAD
1010
0.0
1020
0.0
1030
0.0
1001
ACDBBLOCKREPETAG
1070
     1
1071
        2
1005
0
  0
LINE
  5
4BE
330
4B7
100
AcDbEntity
  8
E-POWER
100
AcDbLine
 10
0.0
 20
3.712310601229374
 30
0.0
 11
0.3450204200927969
 21
4.057331021322171
 31
0.0
1001
ACAD
1010
0.0
1020
0.0
1030
0.0
1001
ACDBBLOCKREPETAG
1070
     1
1071
        3
1005
4BE
  0
LINE
  5
4BF
330
4B7
100
AcDbEntity
  8
E-POWER
100
AcDbLine
 10
0.0
 20
3.535533905932737
 30
0.0
 11
0.5217971153894336
 21
4.05733102132217
 31
0.0
1001
ACAD
1010
0.0
1020
0.0
1030
0.0
1001
ACDBBLOCKREPETAG
1070
     1
1071
        4
1005
4BF
  0
LINE
  5
4C0
330
4B7
100
AcDbEntity
  8
E-POWER
100
AcDbLine
 10
0.0
 20
3.3587572106361
 30
0.0
 11
0.6985738106860704
 21
4.057331021322171
 31
0.0
1001
ACAD
1010
0.0
1020
0.0
1030
0.0
1001
ACDBBLOCKREPETAG
1070
     1
1071
        5
1005
4C0
  0
LINE
  5
4C1
330
4B7
100
AcDbEntity
  8
E-POWER
100
AcDbLine
 10
-0.0000000000000002
 20
3.181980515339464
 30
0.0
 11
0.8753505059827078
 21
4.057331021322171
 31
0.0
1001
ACAD
1010
0.0
1020
0.0
1030
0.0
1001
ACDBBLOCKREPETAG
1070
     1
1071
        6
1005
4C1
  0
LINE
  5
4C2
330
4B7
100
AcDbEntity
  8
E-POWER
100
AcDbLine
 10
-0.0000000000000002
 20
3.005203820042826
 30
0.0
 11
1.052127201279345
 21
4.057331021322171
 31
0.0
1001
ACAD
1010
0.0
1020
0.0
1030
0.0
1001
ACDBBLOCKREPETAG
1070
     1
1071
        7
1005
4C2
  0
LINE
  5
4C3
330
4B7
100
AcDbEntity
  8
E-POWER
100
AcDbLine
 10
0.0
 20
2.82842712474619
 30
0.0
 11
1.228903896575981
 21
4.057331021322171
 31
0.0
1001
ACAD
1010
0.0
1020
0.0
1030
0.0
1001
ACDBBLOCKREPETAG
1070
     1
1071
        8
1005
4C3
  0
LINE
  5
4C4
330
4B7
100
AcDbEntity
  8
E-POWER
100
AcDbLine
 10
0.0000000000000002
 20
2.651650429449553
 30
0.0
 11
1.405680591872618
 21
4.05733102132217
 31
0.0
1001
ACAD
1010
0.0
1020
0.0
1030
0.0
1001
ACDBBLOCKREPETAG
1070
     1
1071
        9
1005
4C4
  0
LINE
  5
4C5
330
4B7
100
AcDbEntity
  8
E-POWER
100
AcDbLine
 10
0.0000000000000002
 20
2.474873734152916
 30
0.0
 11
1.582457287169255
 21
4.05733102132217
 31
0.0
1001
ACAD
1010
0.0
1020
0.0
1030
0.0
1001
ACDBBLOCKREPETAG
1070
     1
1071
       10
1005
4C5
  0
LINE
  5
4C6
330
4B7
100
AcDbEntity
  8
E-POWER
100
AcDbLine
 10
0.0
 20
2.298097038856279
 30
0.0
 11
1.759233982465891
 21
4.05733102132217
 31
0.0
1001
ACAD
1010
0.0
1020
0.0
1030
0.0
1001
ACDBBLOCKREPETAG
1070
     1
1071
       11
1005
4C6
  0
LINE
  5
4C7
330
4B7
100
AcDbEntity
  8
E-POWER
100
AcDbLine
 10
0.0000000000000002
 20
2.121320343559643
 30
0.0
 11
1.936010677762529
 21
4.05733102132217
 31
0.0
1001
ACAD
1010
0.0
1020
0.0
1030
0.0
1001
ACDBBLOCKREPETAG
1070
     1
1071
       12
1005
4C7
  0
LINE
  5
4C8
330
4B7
100
AcDbEntity
  8
E-POWER
100
AcDbLine
 10
0.0000000000000002
 20
1.944543648263006
 30
0.0
 11
2.112787373059165
 21
4.05733102132217
 31
0.0
1001
ACAD
1010
0.0
1020
0.0
1030
0.0
1001
ACDBBLOCKREPETAG
1070
     1
1071
       13
1005
4C8
  0
LINE
  5
4C9
330
4B7
100
AcDbEntity
  8
E-POWER
100
AcDbLine
 10
0.0000000000000001
 20
1.767766952966369
 30
0.0
 11
2.289564068355802
 21
4.05733102132217
 31
0.0
1001
ACAD
1010
0.0
1020
0.0
1030
0.0
1001
ACDBBLOCKREPETAG
1070
     1
1071
       14
1005
4C9
  0
LINE
  5
4CA
330
4B7
100
AcDbEntity
  8
E-POWER
100
AcDbLine
 10
0.0000000000000002
 20
1.590990257669732
 30
0.0
 11
2.466340763652439
 21
4.05733102132217
 31
0.0
1001
ACAD
1010
0.0
1020
0.0
1030
0.0
1001
ACDBBLOCKREPETAG
1070
     1
1071
       15
1005
4CA
  0
LINE
  5
4CB
330
4B7
100
AcDbEntity
  8
E-POWER
100
AcDbLine
 10
0.0000000000000002
 20
1.414213562373095
 30
0.0
 11
2.643117458949076
 21
4.05733102132217
 31
0.0
1001
ACAD
1010
0.0
1020
0.0
1030
0.0
1001
ACDBBLOCKREPETAG
1070
     1
1071
       16
1005
4CB
  0
LINE
  5
4CC
330
4B7
100
AcDbEntity
  8
E-POWER
100
AcDbLine
 10
0.0000000000000002
 20
1.237436867076458
 30
0.0
 11
2.819894154245713
 21
4.05733102132217
 31
0.0
1001
ACAD
1010
0.0
1020
0.0
1030
0.0
1001
ACDBBLOCKREPETAG
1070
     1
1071
       17
1005
4CC
  0
LINE
  5
4CD
330
4B7
100
AcDbEntity
  8
E-POWER
100
AcDbLine
 10
0.0000000000000003
 20
1.060660171779821
 30
0.0
 11
2.99667084954235
 21
4.05733102132217
 31
0.0
1001
ACAD
1010
0.0
1020
0.0
1030
0.0
1001
ACDBBLOCKREPETAG
1070
     1
1071
       18
1005
4CD
  0
LINE
  5
4CE
330
4B7
100
AcDbEntity
  8
E-POWER
100
AcDbLine
 10
0.0000000000000003
 20
0.8838834764831847
 30
0.0
 11
3.173447544838986
 21
4.05733102132217
 31
0.0
1001
ACAD
1010
0.0
1020
0.0
1030
0.0
1001
ACDBBLOCKREPETAG
1070
     1
1071
       19
1005
4CE
  0
LINE
  5
4CF
330
4B7
100
AcDbEntity
  8
E-POWER
100
AcDbLine
 10
0.0000000000000004
 20
0.7071067811865479
 30
0.0
 11
3.350224240135623
 21
4.05733102132217
 31
0.0
1001
ACAD
1010
0.0
1020
0.0
1030
0.0
1001
ACDBBLOCKREPETAG
1070
     1
1071
       20
1005
4CF
  0
LINE
  5
4D0
330
4B7
100
AcDbEntity
  8
E-POWER
100
AcDbLine
 10
0.0000000000000004
 20
0.5303300858899109
 30
0.0
 11
3.52700093543226
 21
4.05733102132217
 31
0.0
1001
ACAD
1010
0.0
1020
0.0
1030
0.0
1001
ACDBBLOCKREPETAG
1070
     1
1071
       21
1005
4D0
  0
LINE
  5
4D1
330
4B7
100
AcDbEntity
  8
E-POWER
100
AcDbLine
 10
0.0000000000000003
 20
0.3535533905932741
 30
0.0
 11
3.703777630728897
 21
4.05733102132217
 31
0.0
1001
ACAD
1010
0.0
1020
0.0
1030
0.0
1001
ACDBBLOCKREPETAG
1070
     1
1071
       22
1005
4D1
  0
LINE
  5
4D2
330
4B7
100
AcDbEntity
  8
E-POWER
100
AcDbLine
 10
0.0000000000000005
 20
0.1767766952966374
 30
0.0
 11
3.880554326025534
 21
4.05733102132217
 31
0.0
1001
ACAD
1010
0.0
1020
0.0
1030
0.0
1001
ACDBBLOCKREPETAG
1070
     1
1071
       23
1005
4D2
  0
LINE
  5
4D3
330
4B7
100
AcDbEntity
  8
E-POWER
100
AcDbLine
 10
0.0000000000000004
 20
0.0000000000000004
 30
0.0
 11
4.057331021322171
 21
4.05733102132217
 31
0.0
1001
ACAD
1010
0.0
1020
0.0
1030
0.0
1001
ACDBBLOCKREPETAG
1070
     1
1071
       24
1005
4D3
  0
LINE
  5
4D4
330
4B7
100
AcDbEntity
  8
E-POWER
100
AcDbLine
 10
0.0000000000000002
 20
-0.1767766952966367
 30
0.0
 11
4.234107716618808
 21
4.05733102132217
 31
0.0
1001
ACAD
1010
0.0
1020
0.0
1030
0.0
1001
ACDBBLOCKREPETAG
1070
     1
1071
       25
1005
4D4
  0
LINE
  5
4D5
330
4B7
100
AcDbEntity
  8
E-POWER
100
AcDbLine
 10
-0.0000000000000001
 20
-0.3535533905932738
 30
0.0
 11
4.410884411915444
 21
4.05733102132217
 31
0.0
1001
ACAD
1010
0.0
1020
0.0
1030
0.0
1001
ACDBBLOCKREPETAG
1070
     1
1071
       26
1005
4D5
  0
LINE
  5
4D6
330
4B7
100
AcDbEntity
  8
E-POWER
100
AcDbLine
 10
0.0000000000000001
 20
-0.5303300858899105
 30
0.0
 11
4.587661107212082
 21
4.05733102132217
 31
0.0
1001
ACAD
1010
0.0
1020
0.0
1030
0.0
1001
ACDBBLOCKREPETAG
1070
     1
1071
       27
1005
4D6
  0
LINE
  5
4D7
330
4B7
100
AcDbEntity
  8
E-POWER
100
AcDbLine
 10
-0.0000000000000002
 20
-0.7071067811865477
 30
0.0
 11
4.431842869351918
 21
3.724736088165369
 31
0.0
1001
ACAD
1010
0.0
1020
0.0
1030
0.0
1001
ACDBBLOCKREPETAG
1070
     1
1071
       28
1005
4D7
  0
LINE
  5
4D8
330
4B7
100
AcDbEntity
  8
E-POWER
100
AcDbLine
 10
-0.0000000000000004
 20
-0.8838834764831848
 30
0.0
 11
4.197993884817592
 21
3.314110408334407
 31
0.0
1001
ACAD
1010
0.0
1020
0.0
1030
0.0
1001
ACDBBLOCKREPETAG
1070
     1
1071
       29
1005
4D8
  0
LINE
  5
4D9
330
4B7
100
AcDbEntity
  8
E-POWER
100
AcDbLine
 10
-0.0000000000000008
 20
-1.060660171779822
 30
0.0
 11
3.964144900283268
 21
2.903484728503446
 31
0.0
1001
ACAD
1010
0.0
1020
0.0
1030
0.0
1001
ACDBBLOCKREPETAG
1070
     1
1071
       30
1005
4D9
  0
LINE
  5
4DA
330
4B7
100
AcDbEntity
  8
E-POWER
100
AcDbLine
 10
-0.0000000000000011
 20
-1.237436867076459
 30
0.0
 11
3.730295915748941
 21
2.492859048672483
 31
0.0
1001
ACAD
1010
0.0
1020
0.0
1030
0.0
1001
ACDBBLOCKREPETAG
1070
     1
1071
       31
1005
4DA
  0
LINE
  5
4DB
330
4B7
100
AcDbEntity
  8
E-POWER
100
AcDbLine
 10
-0.0000000000000013
 20
-1.414213562373096
 30
0.0
 11
3.496446931214617
 21
2.082233368841522
 31
0.0
1001
ACAD
1010
0.0
1020
0.0
1030
0.0
1001
ACDBBLOCKREPETAG
1070
     1
1071
       32
1005
4DB
  0
LINE
  5
4DC
330
4B7
100
AcDbEntity
  8
E-POWER
100
AcDbLine
 10
-0.0000000000000012
 20
-1.590990257669733
 30
0.0
 11
3.262597946680292
 21
1.671607689010559
 31
0.0
1001
ACAD
1010
0.0
1020
0.0
1030
0.0
1001
ACDBBLOCKREPETAG
1070
     1
1071
       33
1005
4DC
  0
LINE
  5
4DD
330
4B7
100
AcDbEntity
  8
E-POWER
100
AcDbLine
 10
-0.0000000000000014
 20
-1.76776695296637
 30
0.0
 11
3.028748962145967
 21
1.260982009179597
 31
0.0
1001
ACAD
1010
0.0
1020
0.0
1030
0.0
1001
ACDBBLOCKREPETAG
1070
     1
1071
       34
1005
4DD
  0
LINE
  5
4DE
330
4B7
100
AcDbEntity
  8
E-POWER
100
AcDbLine
 10
-0.0000000000000018
 20
-1.944543648263007
 30
0.0
 11
2.794899977611641
 21
0.8503563293486356
 31
0.0
1001
ACAD
1010
0.0
1020
0.0
1030
0.0
1001
ACDBBLOCKREPETAG
1070
     1
1071
       35
1005
4DE
  0
LINE
  5
4DF
330
4B7
100
AcDbEntity
  8
E-POWER
100
AcDbLine
 10
-0.000000000000002
 20
-2.121320343559645
 30
0.0
 11
2.561050993077316
 21
0.4397306495176732
 31
0.0
1001
ACAD
1010
0.0
1020
0.0
1030
0.0
1001
ACDBBLOCKREPETAG
1070
     1
1071
       36
1005
4DF
  0
LINE
  5
4E0
330
4B7
100
AcDbEntity
  8
E-POWER
100
AcDbLine
 10
-0.0000000000000022
 20
-2.298097038856282
 30
0.0
 11
2.327202008542991
 21
0.0291049696867107
 31
0.0
1001
ACAD
1010
0.0
1020
0.0
1030
0.0
1001
ACDBBLOCKREPETAG
1070
     1
1071
       37
1005
4E0
  0
LINE
  5
4E1
330
4B7
100
AcDbEntity
  8
E-POWER
100
AcDbLine
 10
-0.0000000000000027
 20
-2.474873734152919
 30
0.0
 11
2.093353024008666
 21
-0.3815207101442507
 31
0.0
1001
ACAD
1010
0.0
1020
0.0
1030
0.0
1001
ACDBBLOCKREPETAG
1070
     1
1071
       38
1005
4E1
  0
LINE
  5
4E2
330
4B7
100
AcDbEntity
  8
E-POWER
100
AcDbLine
 10
-0.0000000000000024
 20
-2.651650429449555
 30
0.0
 11
1.859504039474341
 21
-0.7921463899752127
 31
0.0
1001
ACAD
1010
0.0
1020
0.0
1030
0.0
1001
ACDBBLOCKREPETAG
1070
     1
1071
       39
1005
4E2
  0
LINE
  5
4E3
330
4B7
100
AcDbEntity
  8
E-POWER
100
AcDbLine
 10
-0.0000000000000027
 20
-2.828427124746193
 30
0.0
 11
1.625655054940015
 21
-1.202772069806175
 31
0.0
1001
ACAD
1010
0.0
1020
0.0
1030
0.0
1001
ACDBBLOCKREPETAG
1070
     1
1071
       40
1005
4E3
  0
LINE
  5
4E4
330
4B7
100
AcDbEntity
  8
E-POWER
100
AcDbLine
 10
-0.0000000000000031
 20
-3.00520382004283
 30
0.0
 11
1.39180607040569
 21
-1.613397749637137
 31
0.0
1001
ACAD
1010
0.0
1020
0.0
1030
0.0
1001
ACDBBLOCKREPETAG
1070
     1
1071
       41
1005
4E4
  0
LINE
  5
4E5
330
4B7
100
AcDbEntity
  8
E-POWER
100
AcDbLine
 10
-0.0000000000000029
 20
-3.181980515339466
 30
0.0
 11
1.157957085871365
 21
-2.024023429468099
 31
0.0
1001
ACAD
1010
0.0
1020
0.0
1030
0.0
1001
ACDBBLOCKREPETAG
1070
     1
1071
       42
1005
4E5
  0
LINE
  5
4E6
330
4B7
100
AcDbEntity
  8
E-POWER
100
AcDbLine
 10
-0.0000000000000036
 20
-3.358757210636104
 30
0.0
 11
0.9241081013370396
 21
-2.434649109299061
 31
0.0
1001
ACAD
1010
0.0
1020
0.0
1030
0.0
1001
ACDBBLOCKREPETAG
1070
     1
1071
       43
1005
4E6
  0
LINE
  5
4E7
330
4B7
100
AcDbEntity
  8
E-POWER
100
AcDbLine
 10
-0.0000000000000033
 20
-3.53553390593274
 30
0.0
 11
0.6902591168027141
 21
-2.845274789130023
 31
0.0
1001
ACAD
1010
0.0
1020
0.0
1030
0.0
1001
ACDBBLOCKREPETAG
1070
     1
1071
       44
1005
4E7
  0
LINE
  5
4E8
330
4B7
100
AcDbEntity
  8
E-POWER
100
AcDbLine
 10
-0.0000000000000033
 20
-3.712310601229378
 30
0.0
 11
0.4564101322683891
 21
-3.255900468960985
 31
0.0
1001
ACAD
1010
0.0
1020
0.0
1030
0.0
1001
ACDBBLOCKREPETAG
1070
     1
1071
       45
1005
4E8
  0
LINE
  5
4E9
330
4B7
100
AcDbEntity
  8
E-POWER
100
AcDbLine
 10
-0.0000000000000038
 20
-3.889087296526015
 30
0.0
 11
0.2225611477340632
 21
-3.666526148791948
 31
0.0
1001
ACAD
1010
0.0
1020
0.0
1030
0.0
1001
ACDBBLOCKREPETAG
1070
     1
1071
       46
1005
4E9
  0
LINE
  5
4EA
330
4B7
100
AcDbEntity
  8
E-POWER
100
AcDbLine
 10
0.0
 20
4.05733102132217
 30
0.0
 11
4.621253788347531
 21
4.05733102132217
 31
0.0
1001
ACDBBLOCKREPETAG
1070
     1
1071
        0
1005
0
  0
LINE
  5
4EB
330
4B7
100
AcDbEntity
  8
E-POWER
 62
   255
100
AcDbLine
 10
4.621253788347531
 20
4.05733102132217
 30
0.0
 11
4.621253788347531
 21
-4.05733102132217
 31
0.0
1001
ACDBBLOCKREPETAG
1070
     1
1071
       47
1005
4EB
  0
LINE
  5
4EC
330
4B7
100
AcDbEntity
  8
E-POWER
100
AcDbLine
 10
4.621253788347531
 20
-4.05733102132217
 30
0.0
 11
0.0
 21
-4.05733102132217
 31
0.0
1001
ACDBBLOCKREPETAG
1070
     1
1071
       48
1005
4EC
  0
LINE
  5
4ED
330
4B7
100
AcDbEntity
  8
E-POWER
100
AcDbLine
 10
0.0
 20
-4.05733102132217
 30
0.0
 11
0.0
 21
4.05733102132217
 31
0.0
1001
ACDBBLOCKREPETAG
1070
     1
1071
       49
1005
4ED
  0
ENDBLK
  5
4EE
330
4B7
100
AcDbEntity
  8
0
100
AcDbBlockEnd
  0
BLOCK
  5
46D
330
46B
100
AcDbEntity
  8
0
 48
0.1
100
AcDbBlockBegin
  2
SUSPENDED_LIGHTS
 70
     0
 10
0.0
 20
0.0
 30
0.0
  3
SUSPENDED_LIGHTS
  1

  0
LWPOLYLINE
  5
46E
330
46B
100
AcDbEntity
  8
_ELEVATION__09
  6
BYBLOCK
 48
20.0
100
AcDbPolyline
 90
        2
 70
     0
 43
0.0
 10
1395.176116847578
 20
-27023.07602481868
 10
1395.176116847578
 20
-27035.07602481868
  0
LWPOLYLINE
  5
46F
330
46B
100
AcDbEntity
  8
_ELEVATION__09
  6
BYBLOCK
 48
20.0
100
AcDbPolyline
 90
        2
 70
     0
 43
0.0
 10
1401.176116847578
 20
-27029.07602481868
 10
1389.176116847578
 20
-27029.07602481868
  0
CIRCLE
  5
470
330
46B
100
AcDbEntity
  8
_ELEVATION__09
  6
BYBLOCK
 48
20.0
100
AcDbCircle
 10
1395.176116847578
 20
-27029.07602481868
 30
0.0
 40
4.0
  0
LWPOLYLINE
  5
471
330
46B
100
AcDbEntity
  8
_ELEVATION__09
  6
BYBLOCK
 48
20.0
100
AcDbPolyline
 90
        2
 70
     0
 43
0.0
 10
1393.176116847578
 20
-27023.07602481868
 10
1397.176116847578
 20
-27023.07602481868
  0
LWPOLYLINE
  5
472
330
46B
100
AcDbEntity
  8
_ELEVATION__09
  6
BYBLOCK
 48
20.0
100
AcDbPolyline
 90
        2
 70
     0
 43
0.0
 10
1393.176116847578
 20
-27035.07602481868
 10
1397.176116847578
 20
-27035.07602481868
  0
LWPOLYLINE
  5
473
330
46B
100
AcDbEntity
  8
_ELEVATION__09
  6
BYBLOCK
 48
20.0
100
AcDbPolyline
 90
        2
 70
     0
 43
0.0
 10
1401.176116847578
 20
-27027.07602481868
 10
1401.176116847578
 20
-27031.07602481868
  0
LWPOLYLINE
  5
474
330
46B
100
AcDbEntity
  8
_ELEVATION__09
  6
BYBLOCK
 48
20.0
100
AcDbPolyline
 90
        2
 70
     0
 43
0.0
 10
1389.176116847578
 20
-27027.07602481868
 10
1389.176116847578
 20
-27031.07602481868
  0
ENDBLK
  5
475
330
46B
100
AcDbEntity
  8
0
 48
0.1
100
AcDbBlockEnd
  0
BLOCK
  5
484
330
482
100
AcDbEntity
  8
0
 48
20.0
100
AcDbBlockBegin
  2
FAN
 70
     0
 10
0.0
 20
0.0
 30
0.0
  3
FAN
  1

  0
LWPOLYLINE
  5
485
330
482
100
AcDbEntity
  8
0
  6
BYBLOCK
 48
20.0
100
AcDbPolyline
 90
        2
 70
     0
 43
0.0
 10
1592.893903427259
 20
-26805.9917554343
 10
1592.893903427259
 20
-26817.9917554343
  0
LWPOLYLINE
  5
486
330
482
100
AcDbEntity
  8
0
  6
BYBLOCK
 48
20.0
100
AcDbPolyline
 90
        2
 70
     0
 43
0.0
 10
1586.893903427259
 20
-26811.9917554343
 10
1598.893903427259
 20
-26811.9917554343
  0
ENDBLK
  5
487
330
482
100
AcDbEntity
  8
0
 48
20.0
100
AcDbBlockEnd
  0
BLOCK
  5
49A
330
498
100
AcDbEntity
  8
0
 48
20.0
100
AcDbBlockBegin
  2
HTHH
 70
     0
 10
0.0
 20
0.0
 30
0.0
  3
HTHH
  1

  0
CIRCLE
  5
49B
330
498
100
AcDbEntity
  8
0
  6
BYBLOCK
 62
     2
 48
0.1
100
AcDbCircle
 10
223556.1687886337
 20
-75963.58555180058
 30
0.0
 40
2.653655330137975
  0
CIRCLE
  5
49C
330
498
100
AcDbEntity
  8
0
  6
BYBLOCK
 62
     2
 48
0.1
100
AcDbCircle
 10
223556.1687886337
 20
-75963.58555180058
 30
0.0
 40
2.153655330137975
  0
LWPOLYLINE
  5
49D
330
498
100
AcDbEntity
  8
0
  6
BYBLOCK
 62
     2
 48
0.1
100
AcDbPolyline
 90
        2
 70
     0
 43
0.0
 10
223556.1687886337
 20
-75959.83271644285
 10
223556.1687886337
 20
-75967.33838715834
  0
LWPOLYLINE
  5
49E
330
498
100
AcDbEntity
  8
0
  6
BYBLOCK
 62
     2
 48
0.1
100
AcDbPolyline
 90
        2
 70
     0
 43
0.0
 10
223552.4159532759
 20
-75963.58555180058
 10
223559.9216239914
 20
-75963.5855518006
  0
ENDBLK
  5
49F
330
498
100
AcDbEntity
  8
0
 48
20.0
100
AcDbBlockEnd
  0
BLOCK
  5
4A3
330
4A1
100
AcDbEntity
  8
0
 48
20.0
100
AcDbBlockBegin
  2
RETT5T5
 70
     0
 10
0.0
 20
0.0
 30
0.0
  3
RETT5T5
  1

  0
CIRCLE
  5
4A4
330
4A1
100
AcDbEntity
  8
0
  6
BYBLOCK
 62
     1
 48
0.1
100
AcDbCircle
 10
224398.1572554183
 20
-75963.58555180058
 30
0.0
 40
2.153655330137975
  0
LWPOLYLINE
  5
4A5
330
4A1
100
AcDbEntity
  8
0
  6
BYBLOCK
 62
     1
 48
0.1
100
AcDbPolyline
 90
        2
 70
     0
 43
0.0
 10
224398.1572554183
 20
-75959.83271644285
 10
224398.1572554183
 20
-75967.33838715834
  0
LWPOLYLINE
  5
4A6
330
4A1
100
AcDbEntity
  8
0
  6
BYBLOCK
 62
     1
 48
0.1
100
AcDbPolyline
 90
        2
 70
     0
 43
0.0
 10
224394.4044200606
 20
-75963.58555180058
 10
224401.9100907761
 20
-75963.5855518006
  0
ENDBLK
  5
4A7
330
4A1
100
AcDbEntity
  8
0
 48
20.0
100
AcDbBlockEnd
  0
BLOCK
  5
4AB
330
4A9
100
AcDbEntity
  8
0
 48
20.0
100
AcDbBlockBegin
  2
HTRHTRH
 70
     0
 10
0.0
 20
0.0
 30
0.0
  3
HTRHTRH
  1

  0
LWPOLYLINE
  5
4AC
330
4A9
100
AcDbEntity
  8
0
  6
BYBLOCK
 62
     1
 48
0.1
100
AcDbPolyline
 90
        4
 70
     1
 43
0.0
 10
224386.4282053758
 20
-75935.90901055631
 10
224386.4282053758
 20
-75942.98542477001
 10
224393.5046195895
 20
-75942.98542477001
 10
224393.5046195895
 20
-75935.90901055631
  0
CIRCLE
  5
4AD
330
4A9
100
AcDbEntity
  8
0
  6
BYBLOCK
 62
     1
 48
0.1
100
AcDbCircle
 10
224389.9664124827
 20
-75939.44721766317
 30
0.0
 40
2.653655330137975
  0
CIRCLE
  5
4AE
330
4A9
100
AcDbEntity
  8
0
  6
BYBLOCK
 62
     1
 48
0.1
100
AcDbCircle
 10
224389.9664124827
 20
-75939.44721766317
 30
0.0
 40
2.153655330137975
  0
LWPOLYLINE
  5
4AF
330
4A9
100
AcDbEntity
  8
0
  6
BYBLOCK
 62
     1
 48
0.1
100
AcDbPolyline
 90
        2
 70
     0
 43
0.0
 10
224389.9664124827
 20
-75935.69438230542
 10
224389.9664124827
 20
-75943.2000530209
  0
LWPOLYLINE
  5
4B0
330
4A9
100
AcDbEntity
  8
0
  6
BYBLOCK
 62
     1
 48
0.1
100
AcDbPolyline
 90
        2
 70
     0
 43
0.0
 10
224386.2135771249
 20
-75939.44721766315
 10
224393.7192478404
 20
-75939.44721766317
  0
ENDBLK
  5
4B1
330
4A9
100
AcDbEntity
  8
0
 48
20.0
100
AcDbBlockEnd
  0
BLOCK
  5
56D
330
56B
100
AcDbEntity
  8
0
 48
12.0
100
AcDbBlockBegin
  2
IUGUR6R
 70
     0
 10
0.0
 20
0.0
 30
0.0
  3
IUGUR6R
  1

  0
HATCH
  5
56E
330
56B
100
AcDbEntity
  8
HATCH
 62
   252
100
AcDbHatch
 10
0.0
 20
0.0
 30
-0.0000000000000033
210
0.0
220
0.0
230
1.0
  2
SOLID
 70
     1
 71
     1
 91
        1
 92
        1
 93
        4
 72
     1
 10
363324.4332951647
 20
-82461.4428128141
 11
363315.4332951738
 21
-82461.4428128141
 72
     1
 10
363315.4332951738
 20
-82461.4428128141
 11
363315.4332951597
 21
-82440.4428128141
 72
     1
 10
363315.4332951597
 20
-82440.4428128141
 11
363324.4332951505
 21
-82440.4428128141
 72
     1
 10
363324.4332951505
 20
-82440.4428128141
 11
363324.4332951647
 21
-82461.4428128141
 97
        1
330
56F
 75
     1
 76
     1
 98
        1
 10
152266.0426018361
 20
46290.87598148789
1001
GRADIENTCOLOR1ACI
1070
     5
1001
GRADIENTCOLOR2ACI
1070
     2
1001
ACAD
1010
0.0
1020
0.0
1030
0.0
  0
LWPOLYLINE
  5
56F
102
{ACAD_REACTORS
330
56E
102
}
330
56B
100
AcDbEntity
  8
COLUMN
 48
10.0
100
AcDbPolyline
 90
        4
 70
     1
 43
0.0
 10
363324.4332951647
 20
-82461.4428128141
 10
363315.4332951738
 20
-82461.4428128141
 10
363315.4332951597
 20
-82440.4428128141
 10
363324.4332951505
 20
-82440.4428128141
  0
HATCH
  5
570
330
56B
100
AcDbEntity
  8
HATCH
 62
   252
100
AcDbHatch
 10
0.0
 20
0.0
 30
-0.0000000000000033
210
0.0
220
0.0
230
1.0
  2
SOLID
 70
     1
 71
     1
 91
        1
 92
        1
 93
        4
 72
     1
 10
363093.4332951504
 20
-82461.4428128141
 11
363084.4332951595
 21
-82461.4428128141
 72
     1
 10
363084.4332951595
 20
-82461.4428128141
 11
363084.4332951595
 21
-82440.4428128141
 72
     1
 10
363084.4332951595
 20
-82440.4428128141
 11
363093.4332951504
 21
-82440.4428128141
 72
     1
 10
363093.4332951504
 20
-82440.4428128141
 11
363093.4332951504
 21
-82461.4428128141
 97
        1
330
571
 75
     1
 76
     1
 98
        1
 10
152035.042601836
 20
46290.87598148789
1001
GRADIENTCOLOR1ACI
1070
     5
1001
GRADIENTCOLOR2ACI
1070
     2
1001
ACAD
1010
0.0
1020
0.0
1030
0.0
  0
LWPOLYLINE
  5
571
102
{ACAD_REACTORS
330
570
102
}
330
56B
100
AcDbEntity
  8
COLUMN
 48
10.0
100
AcDbPolyline
 90
        4
 70
     1
 43
0.0
 10
363093.4332951504
 20
-82461.4428128141
 10
363084.4332951595
 20
-82461.4428128141
 10
363084.4332951595
 20
-82440.4428128141
 10
363093.4332951504
 20
-82440.4428128141
  0
HATCH
  5
572
330
56B
100
AcDbEntity
  8
HATCH
100
AcDbHatch
 10
0.0
 20
0.0
 30
-0.0000000000000033
210
0.0
220
0.0
230
1.0
  2
SOLID
 70
     1
 71
     1
 91
        1
 92
        1
 93
        4
 72
     1
 10
363093.4332951455
 20
-82635.49281281409
 11
363084.4332951546
 21
-82635.49281281409
 72
     1
 10
363084.4332951546
 20
-82635.49281281409
 11
363084.4332951595
 21
-82620.49281281409
 72
     1
 10
363084.4332951595
 20
-82620.49281281409
 11
363093.4332951503
 21
-82620.49281281409
 72
     1
 10
363093.4332951503
 20
-82620.49281281409
 11
363093.4332951455
 21
-82635.49281281409
 97
        1
330
573
 75
     1
 76
     1
 98
        1
 10
152035.0426018359
 20
46110.8259814879
1001
GRADIENTCOLOR1ACI
1070
     5
1001
GRADIENTCOLOR2ACI
1070
     2
1001
ACAD
1010
0.0
1020
0.0
1030
0.0
  0
LWPOLYLINE
  5
573
102
{ACAD_REACTORS
330
572
102
}
330
56B
100
AcDbEntity
  8
COLUMN
 48
10.0
100
AcDbPolyline
 90
        4
 70
     1
 43
0.0
 10
363093.4332951455
 20
-82635.49281281409
 10
363084.4332951546
 20
-82635.49281281409
 10
363084.4332951595
 20
-82620.49281281409
 10
363093.4332951503
 20
-82620.49281281409
  0
HATCH
  5
574
330
56B
100
AcDbEntity
  8
HATCH
 62
   252
100
AcDbHatch
 10
0.0
 20
0.0
 30
-0.0000000000000033
210
0.0
220
0.0
230
1.0
  2
SOLID
 70
     1
 71
     1
 91
        1
 92
        1
 93
        4
 72
     1
 10
363168.4332951457
 20
-82638.49281281409
 11
363159.4332951548
 21
-82638.49281281409
 72
     1
 10
363159.4332951548
 20
-82638.49281281409
 11
363159.4332951503
 21
-82620.49281281409
 72
     1
 10
363159.4332951503
 20
-82620.49281281409
 11
363168.4332951412
 21
-82620.49281281409
 72
     1
 10
363168.4332951412
 20
-82620.49281281409
 11
363168.4332951457
 21
-82638.49281281409
 97
        1
330
575
 75
     1
 76
     1
 98
        1
 10
152110.0426018268
 20
46110.8259814879
1001
GRADIENTCOLOR1ACI
1070
     5
1001
GRADIENTCOLOR2ACI
1070
     2
1001
ACAD
1010
0.0
1020
0.0
1030
0.0
  0
LWPOLYLINE
  5
575
102
{ACAD_REACTORS
330
574
102
}
330
56B
100
AcDbEntity
  8
COLUMN
 48
10.0
100
AcDbPolyline
 90
        4
 70
     1
 43
0.0
 10
363168.4332951457
 20
-82638.49281281409
 10
363159.4332951548
 20
-82638.49281281409
 10
363159.4332951503
 20
-82620.49281281409
 10
363168.4332951412
 20
-82620.49281281409
  0
HATCH
  5
576
330
56B
100
AcDbEntity
  8
HATCH
 62
   252
100
AcDbHatch
 10
0.0
 20
0.0
 30
-0.0000000000000033
210
0.0
220
0.0
230
1.0
  2
SOLID
 70
     1
 71
     1
 91
        1
 92
        1
 93
        4
 72
     1
 10
363168.4332951412
 20
-82686.4428128141
 11
363159.4332951503
 21
-82686.4428128141
 72
     1
 10
363159.4332951503
 20
-82686.4428128141
 11
363159.4332849422
 21
-82671.4428128141
 72
     1
 10
363159.4332849422
 20
-82671.4428128141
 11
363168.4332849331
 21
-82671.4428128141
 72
     1
 10
363168.4332849331
 20
-82671.4428128141
 11
363168.4332951412
 21
-82686.4428128141
 97
        1
330
577
 75
     1
 76
     1
 98
        1
 10
152110.0426018268
 20
46056.87598148789
1001
GRADIENTCOLOR1ACI
1070
     5
1001
GRADIENTCOLOR2ACI
1070
     2
1001
ACAD
1010
0.0
1020
0.0
1030
0.0
  0
LWPOLYLINE
  5
577
102
{ACAD_REACTORS
330
576
102
}
330
56B
100
AcDbEntity
  8
COLUMN
 48
10.0
100
AcDbPolyline
 90
        4
 70
     1
 43
0.0
 10
363168.4332951412
 20
-82686.4428128141
 10
363159.4332951503
 20
-82686.4428128141
 10
363159.4332849422
 20
-82671.4428128141
 10
363168.4332849331
 20
-82671.4428128141
  0
HATCH
  5
578
330
56B
100
AcDbEntity
  8
HATCH
 62
   252
100
AcDbHatch
 10
0.0
 20
0.0
 30
-0.0000000000000033
210
0.0
220
0.0
230
1.0
  2
SOLID
 70
     1
 71
     1
 91
        1
 92
        1
 93
        4
 72
     1
 10
363093.4332951412
 20
-82686.4428128141
 11
363084.4332951504
 21
-82686.4428128141
 72
     1
 10
363084.4332951504
 20
-82686.4428128141
 11
363084.4332951504
 21
-82671.4428128141
 72
     1
 10
363084.4332951504
 20
-82671.4428128141
 11
363093.4332951412
 21
-82671.4428128141
 72
     1
 10
363093.4332951412
 20
-82671.4428128141
 11
363093.4332951412
 21
-82686.4428128141
 97
        1
330
579
 75
     1
 76
     1
 98
        1
 10
152035.0426018269
 20
46056.87598148789
1001
GRADIENTCOLOR1ACI
1070
     5
1001
GRADIENTCOLOR2ACI
1070
     2
1001
ACAD
1010
0.0
1020
0.0
1030
0.0
  0
LWPOLYLINE
  5
579
102
{ACAD_REACTORS
330
578
102
}
330
56B
100
AcDbEntity
  8
COLUMN
 48
10.0
100
AcDbPolyline
 90
        4
 70
     1
 43
0.0
 10
363093.4332951412
 20
-82686.4428128141
 10
363084.4332951504
 20
-82686.4428128141
 10
363084.4332951504
 20
-82671.4428128141
 10
363093.4332951412
 20
-82671.4428128141
  0
HATCH
  5
57A
330
56B
100
AcDbEntity
  8
HATCH
 62
   252
100
AcDbHatch
 10
0.0
 20
0.0
 30
-0.0000000000000033
210
0.0
220
0.0
230
1.0
  2
SOLID
 70
     1
 71
     1
 91
        1
 92
        1
 93
        4
 72
     1
 10
363093.4332951412
 20
-82848.44215234516
 11
363084.4332951504
 21
-82848.44215234516
 72
     1
 10
363084.4332951504
 20
-82848.44215234516
 11
363084.4332951504
 21
-82827.44215234516
 72
     1
 10
363084.4332951504
 20
-82827.44215234516
 11
363093.4332951412
 21
-82827.44215234516
 72
     1
 10
363093.4332951412
 20
-82827.44215234516
 11
363093.4332951412
 21
-82848.44215234516
 97
        1
330
57B
 75
     1
 76
     1
 98
        1
 10
152035.0426018269
 20
45903.87664195686
1001
GRADIENTCOLOR1ACI
1070
     5
1001
GRADIENTCOLOR2ACI
1070
     2
1001
ACAD
1010
0.0
1020
0.0
1030
0.0
  0
LWPOLYLINE
  5
57B
102
{ACAD_REACTORS
330
57A
102
}
330
56B
100
AcDbEntity
  8
COLUMN
 48
10.0
100
AcDbPolyline
 90
        4
 70
     1
 43
0.0
 10
363093.4332951412
 20
-82848.44215234516
 10
363084.4332951504
 20
-82848.44215234516
 10
363084.4332951504
 20
-82827.44215234516
 10
363093.4332951412
 20
-82827.44215234516
  0
HATCH
  5
57C
330
56B
100
AcDbEntity
  8
HATCH
 62
   252
100
AcDbHatch
 10
0.0
 20
0.0
 30
-0.0000000000000033
210
0.0
220
0.0
230
1.0
  2
SOLID
 70
     1
 71
     1
 91
        1
 92
        1
 93
        4
 72
     1
 10
363315.4332849515
 20
-82974.4428128141
 11
363315.4332978202
 21
-82953.44281294192
 72
     1
 10
363315.4332978202
 20
-82953.44281294192
 11
363324.4332978202
 21
-82953.44281294192
 72
     1
 10
363324.4332978202
 20
-82953.44281294192
 11
363324.4332849515
 21
-82974.4428128141
 72
     1
 10
363324.4332849515
 20
-82974.4428128141
 11
363315.4332849515
 21
-82974.4428128141
 97
        1
330
57D
 75
     1
 76
     1
 98
        1
 10
492055.7520792536
 20
128083.9478805002
1001
GRADIENTCOLOR1ACI
1070
     5
1001
GRADIENTCOLOR2ACI
1070
     2
1001
ACAD
1010
0.0
1020
0.0
1030
0.0
  0
LWPOLYLINE
  5
57D
102
{ACAD_REACTORS
330
57C
102
}
330
56B
100
AcDbEntity
  8
COLUMN
 48
10.0
100
AcDbPolyline
 90
        4
 70
     1
 43
0.0
 10
363315.4332849515
 20
-82974.4428128141
 10
363315.4332978202
 20
-82953.44281294192
 10
363324.4332978202
 20
-82953.44281294192
 10
363324.4332849515
 20
-82974.4428128141
  0
HATCH
  5
57E
330
56B
100
AcDbEntity
  8
HATCH
 62
   252
100
AcDbHatch
 10
0.0
 20
0.0
 30
-0.0000000000000033
210
0.0
220
0.0
230
1.0
  2
SOLID
 70
     1
 71
     1
 91
        1
 92
        1
 93
        4
 72
     1
 10
363315.4332951503
 20
-82626.44281280496
 11
363315.4332951502
 21
-82608.4428128141
 72
     1
 10
363315.4332951502
 20
-82608.4428128141
 11
363324.4332951502
 21
-82608.4428128141
 72
     1
 10
363324.4332951502
 20
-82608.4428128141
 11
363324.4332951503
 21
-82626.44281280496
 72
     1
 10
363324.4332951503
 20
-82626.44281280496
 11
363315.4332951503
 21
-82626.44281280496
 97
        1
330
57F
 75
     1
 76
     1
 98
        1
 10
492055.7520894523
 20
128431.9478805094
1001
GRADIENTCOLOR1ACI
1070
     5
1001
GRADIENTCOLOR2ACI
1070
     2
1001
ACAD
1010
0.0
1020
0.0
1030
0.0
  0
LWPOLYLINE
  5
57F
102
{ACAD_REACTORS
330
57E
102
}
330
56B
100
AcDbEntity
  8
COLUMN
 48
10.0
100
AcDbPolyline
 90
        4
 70
     1
 43
0.0
 10
363315.4332951503
 20
-82626.44281280496
 10
363315.4332951502
 20
-82608.4428128141
 10
363324.4332951502
 20
-82608.4428128141
 10
363324.4332951503
 20
-82626.44281280496
  0
HATCH
  5
580
330
56B
100
AcDbEntity
  8
HATCH
 62
   252
100
AcDbHatch
 10
0.0
 20
0.0
 30
-0.0000000000000033
210
0.0
220
0.0
230
1.0
  2
SOLID
 70
     1
 71
     1
 91
        1
 92
        1
 93
        4
 72
     1
 10
363084.4334202962
 20
-82974.44194437326
 11
363084.4334202956
 21
-82953.44281294192
 72
     1
 10
363084.4334202956
 20
-82953.44281294192
 11
363093.4334202956
 21
-82953.44281294192
 72
     1
 10
363093.4334202956
 20
-82953.44281294192
 11
363093.4334202962
 21
-82974.44194437326
 72
     1
 10
363093.4334202962
 20
-82974.44194437326
 11
363084.4334202962
 21
-82974.44194437326
 97
        1
330
581
 75
     1
 76
     1
 98
        1
 10
491824.7522145982
 20
128083.9487489411
1001
GRADIENTCOLOR1ACI
1070
     5
1001
GRADIENTCOLOR2ACI
1070
     2
1001
ACAD
1010
0.0
1020
0.0
1030
0.0
  0
LWPOLYLINE
  5
581
102
{ACAD_REACTORS
330
580
102
}
330
56B
100
AcDbEntity
  8
COLUMN
 48
10.0
100
AcDbPolyline
 90
        4
 70
     1
 43
0.0
 10
363084.4334202962
 20
-82974.44194437326
 10
363084.4334202956
 20
-82953.44281294192
 10
363093.4334202956
 20
-82953.44281294192
 10
363093.4334202962
 20
-82974.44194437326
  0
HATCH
  5
582
330
56B
100
AcDbEntity
  8
HATCH
 62
   252
100
AcDbHatch
 10
0.0
 20
0.0
 30
-0.0000000000000033
210
0.0
220
0.0
230
1.0
  2
SOLID
 70
     1
 71
     1
 91
        1
 92
        1
 93
        4
 72
     1
 10
363315.4332849515
 20
-82848.4428128049
 11
363315.4332849514
 21
-82827.4428128141
 72
     1
 10
363315.4332849514
 20
-82827.4428128141
 11
363324.4332849514
 21
-82827.4428128141
 72
     1
 10
363324.4332849514
 20
-82827.4428128141
 11
363324.4332849515
 21
-82848.4428128049
 72
     1
 10
363324.4332849515
 20
-82848.4428128049
 11
363315.4332849515
 21
-82848.4428128049
 97
        1
330
583
 75
     1
 76
     1
 98
        1
 10
492055.7520792536
 20
128212.9478805094
1001
GRADIENTCOLOR1ACI
1070
     5
1001
GRADIENTCOLOR2ACI
1070
     2
1001
ACAD
1010
0.0
1020
0.0
1030
0.0
  0
LWPOLYLINE
  5
583
102
{ACAD_REACTORS
330
582
102
}
330
56B
100
AcDbEntity
  8
COLUMN
 48
10.0
100
AcDbPolyline
 90
        4
 70
     1
 43
0.0
 10
363315.4332849515
 20
-82848.4428128049
 10
363315.4332849514
 20
-82827.4428128141
 10
363324.4332849514
 20
-82827.4428128141
 10
363324.4332849515
 20
-82848.4428128049
  0
ENDBLK
  5
584
330
56B
100
AcDbEntity
  8
0
 48
12.0
100
AcDbBlockEnd
  0
BLOCK
  5
4FA
330
4F7
100
AcDbEntity
  8
0
 48
12.0
100
AcDbBlockBegin
  2
GTGT
 70
     0
 10
0.0
 20
0.0
 30
0.0
  3
GTGT
  1

  0
MLINE
  5
4FB
330
4F7
100
AcDbEntity
  8
_HATCH_253
 62
   251
100
AcDbMline
  2
WINDOW
340
66
 40
1.0
 70
     0
 71
     1
 72
     2
 73
     4
 10
367102.4831685394
 20
-82427.02067361555
 30
0.0
210
0.0
220
0.0
230
1.0
 11
367102.4831685394
 21
-82427.02067361555
 31
0.0
 12
0.9999999841664635
 22
0.0001779524451384829
 32
0.0
 13
-0.0001779524451384074
 23
0.9999999841664635
 33
0.0
 74
     2
 41
0.0
 41
0.0
 75
     0
 74
     2
 41
-1.5
 41
0.0
 75
     0
 74
     2
 41
-3.0
 41
0.0
 75
     0
 74
     2
 41
-4.5
 41
0.0
 75
     0
 11
367120.4831685448
 21
-82427.01747047149
 31
0.0
 12
0.9999999841664635
 22
0.0001779524451384829
 32
0.0
 13
-0.0001779524451384074
 23
0.9999999841664635
 33
0.0
 74
     2
 41
0.0
 41
0.0
 75
     0
 74
     2
 41
-1.5
 41
0.0
 75
     0
 74
     2
 41
-3.0
 41
0.0
 75
     0
 74
     2
 41
-4.5
 41
0.0
 75
     0
  0
HATCH
  5
4FD
330
4F7
100
AcDbEntity
  8
_HATCH_253
 62
   251
 48
12.0
100
AcDbHatch
 10
0.0
 20
0.0
 30
0.0
210
0.0
220
0.0
230
1.0
  2
SOLID
 70
     1
 71
     0
 91
        1
 92
        1
 93
        8
 72
     1
 10
367191.7194050509
 20
-82823.02677335625
 11
367195.219408423
 21
-82823.0267733562
 72
     1
 10
367195.219408423
 20
-82823.0267733562
 11
367195.219408423
 21
-82818.52677335624
 72
     1
 10
367195.219408423
 20
-82818.52677335624
 11
367182.8088634778
 21
-82818.52546580766
 72
     1
 10
367182.8088634778
 20
-82818.52546580766
 11
367182.8062122584
 21
-82823.02677335622
 72
     1
 10
367182.8062122584
 20
-82823.02677335622
 11
367187.219405051
 21
-82823.02677335622
 72
     1
 10
367187.219405051
 20
-82823.02677335622
 11
367187.2194050477
 21
-82850.02677335954
 72
     1
 10
367187.2194050477
 20
-82850.02677335954
 11
367191.7194050477
 21
-82850.02677335954
 72
     1
 10
367191.7194050477
 20
-82850.02677335954
 11
367191.7194050509
 21
-82823.02677335625
 97
        0
 75
     1
 76
     1
 98
        1
 10
367189.4833447597
 20
-82828.419420553
1001
GRADIENTCOLOR1ACI
1070
     5
1001
GRADIENTCOLOR2ACI
1070
     2
1001
ACAD
1010
0.0
1020
0.0
1030
0.0
  0
LWPOLYLINE
  5
4FE
330
4F7
100
AcDbEntity
  8
_HATCH_253
  6
DASHED2
 62
   251
 48
20.0
100
AcDbPolyline
 90
        4
 70
     1
 43
0.0
 10
367221.7930549285
 20
-82434.52677335628
 10
367221.7930549285
 20
-82470.52677335622
 10
367217.2930549285
 20
-82470.52677335622
 10
367217.2930549285
 20
-82434.52677335628
  0
MLINE
  5
4FF
330
4F7
100
AcDbEntity
  8
_HATCH_253
 62
   251
100
AcDbMline
  2
WINDOW
340
66
 40
1.0
 70
     0
 71
     1
 72
     2
 73
     4
 10
367152.9020962794
 20
-82275.52677330651
 30
0.0
210
0.0
220
0.0
230
1.0
 11
367152.9020962794
 21
-82275.52677330651
 31
0.0
 12
1.0
 22
-1.046243846921550E-9
 32
0.0
 13
1.046243203184360E-9
 23
1.0
 33
0.0
 74
     2
 41
0.0
 41
0.0
 75
     0
 74
     2
 41
-1.5
 41
0.0
 75
     0
 74
     2
 41
-3.0
 41
0.0
 75
     0
 74
     2
 41
-4.5
 41
0.0
 75
     0
 11
367212.793054929
 21
-82275.52677336917
 31
0.0
 12
1.0
 22
-1.046243846921550E-9
 32
0.0
 13
1.046243203184360E-9
 23
1.0
 33
0.0
 74
     2
 41
0.0
 41
0.0
 75
     0
 74
     2
 41
-1.5
 41
0.0
 75
     0
 74
     2
 41
-3.0
 41
0.0
 75
     0
 74
     2
 41
-4.5
 41
0.0
 75
     0
  0
MLINE
  5
500
330
4F7
100
AcDbEntity
  8
_HATCH_253
 62
   251
100
AcDbMline
  2
WINDOW
340
66
 40
1.0
 70
     0
 71
     1
 72
     2
 73
     4
 10
367217.293054976
 20
-82304.77677335622
 30
0.0
210
0.0
220
0.0
230
1.0
 11
367217.293054976
 21
-82304.77677335622
 31
0.0
 12
-2.067757859116509E-9
 22
1.0
 32
0.0
 13
-1.0
 23
-2.067757398298145E-9
 33
0.0
 74
     2
 41
0.0
 41
0.0
 75
     0
 74
     2
 41
-1.5
 41
0.0
 75
     0
 74
     2
 41
-3.0
 41
0.0
 75
     0
 74
     2
 41
-4.5
 41
0.0
 75
     0
 11
367217.2930549326
 21
-82283.77677335622
 31
0.0
 12
-2.067757859116509E-9
 22
1.0
 32
0.0
 13
-1.0
 23
-2.067757398298145E-9
 33
0.0
 74
     2
 41
0.0
 41
0.0
 75
     0
 74
     2
 41
-1.5
 41
0.0
 75
     0
 74
     2
 41
-3.0
 41
0.0
 75
     0
 74
     2
 41
-4.5
 41
0.0
 75
     0
  0
LWPOLYLINE
  5
501
330
4F7
100
AcDbEntity
  8
_HATCH_253
  6
DASHED2
 62
   251
 48
20.0
100
AcDbPolyline
 90
        4
 70
     1
 43
0.0
 10
367182.8048874188
 20
-82823.02677335622
 10
367152.8030429761
 20
-82823.02677335622
 10
367152.8030429761
 20
-82818.52677335622
 10
367182.8048874188
 20
-82818.52677335622
  0
MLINE
  5
502
330
4F7
100
AcDbEntity
  8
_HATCH_253
 62
   251
100
AcDbMline
  2
WINDOW
340
66
 40
1.0
 70
     0
 71
     1
 72
     2
 73
     4
 10
367187.2194050244
 20
-82868.02677226064
 30
0.0
210
0.0
220
0.0
230
1.0
 11
367187.2194050244
 21
-82868.02677226064
 31
0.0
 12
1.474594166226877E-9
 22
1.0
 32
0.0
 13
-1.0
 23
1.474593902879714E-9
 33
0.0
 74
     2
 41
0.0
 41
0.0
 75
     0
 74
     2
 41
-1.5
 41
0.0
 75
     0
 74
     2
 41
-3.0
 41
0.0
 75
     0
 74
     2
 41
-4.5
 41
0.0
 75
     0
 11
367187.219405051
 21
-82850.02677335622
 31
0.0
 12
1.474594166226877E-9
 22
1.0
 32
0.0
 13
-1.0
 23
1.474593902879714E-9
 33
0.0
 74
     2
 41
0.0
 41
0.0
 75
     0
 74
     2
 41
-1.5
 41
0.0
 75
     0
 74
     2
 41
-3.0
 41
0.0
 75
     0
 74
     2
 41
-4.5
 41
0.0
 75
     0
  0
MLINE
  5
503
330
4F7
100
AcDbEntity
  8
_HATCH_253
 62
   251
100
AcDbMline
  2
WINDOW
340
66
 40
1.0
 70
     0
 71
     1
 72
     2
 73
     4
 10
367195.219408423
 20
-82818.52677335622
 30
0.0
210
0.0
220
0.0
230
1.0
 11
367195.219408423
 21
-82818.52677335622
 31
0.0
 12
1.0
 22
0.0
 32
0.0
 13
-2.220446049250313E-16
 23
1.0
 33
0.0
 74
     2
 41
0.0
 41
0.0
 75
     0
 74
     2
 41
-1.5
 41
0.0
 75
     0
 74
     2
 41
-3.0
 41
0.0
 75
     0
 74
     2
 41
-4.5
 41
0.0
 75
     0
 11
367249.293058301
 21
-82818.52677335622
 31
0.0
 12
1.0
 22
0.0
 32
0.0
 13
-2.220446049250313E-16
 23
1.0
 33
0.0
 74
     2
 41
0.0
 41
0.0
 75
     0
 74
     2
 41
-1.5
 41
0.0
 75
     0
 74
     2
 41
-3.0
 41
0.0
 75
     0
 74
     2
 41
-4.5
 41
0.0
 75
     0
  0
LWPOLYLINE
  5
504
330
4F7
100
AcDbEntity
  8
_HATCH_253
  6
DASHED2
 62
   251
 48
20.0
100
AcDbPolyline
 90
        4
 70
     1
 43
0.0
 10
367115.2930549289
 20
-82557.52677335619
 10
367151.2930549289
 20
-82557.52677335619
 10
367151.2930549289
 20
-82553.02677335619
 10
367115.2930549289
 20
-82553.02677335619
  0
LINE
  5
505
330
4F7
100
AcDbEntity
  8
_HATCH_253
 62
   251
 48
10.0
100
AcDbLine
 10
367098.7930549289
 20
-82662.52677335619
 30
0.0
 11
367134.793054929
 21
-82662.52677335619
 31
0.0
  0
LINE
  5
506
330
4F7
100
AcDbEntity
  8
_HATCH_253
 62
   251
 48
10.0
100
AcDbLine
 10
367137.793054929
 20
-82662.52677335619
 30
0.0
 11
367173.7930549289
 21
-82662.52677335619
 31
0.0
  0
LINE
  5
507
330
4F7
100
AcDbEntity
  8
_HATCH_253
 62
   251
 48
10.0
100
AcDbLine
 10
367098.7930549289
 20
-82653.52677335619
 30
0.0
 11
367134.793054929
 21
-82653.52677335619
 31
0.0
  0
LINE
  5
508
330
4F7
100
AcDbEntity
  8
_HATCH_253
 62
   251
 48
10.0
100
AcDbLine
 10
367137.793054929
 20
-82653.52677335619
 30
0.0
 11
367173.7930549289
 21
-82653.52677335619
 31
0.0
  0
LINE
  5
509
330
4F7
100
AcDbEntity
  8
_HATCH_253
 62
   251
 48
10.0
100
AcDbLine
 10
367098.7930549289
 20
-82644.52677335619
 30
0.0
 11
367134.793054929
 21
-82644.52677335619
 31
0.0
  0
LINE
  5
50A
330
4F7
100
AcDbEntity
  8
_HATCH_253
 62
   251
 48
10.0
100
AcDbLine
 10
367137.793054929
 20
-82644.52677335619
 30
0.0
 11
367173.7930549289
 21
-82644.52677335619
 31
0.0
  0
LINE
  5
50B
330
4F7
100
AcDbEntity
  8
_HATCH_253
 62
   251
 48
10.0
100
AcDbLine
 10
367098.7930549289
 20
-82635.52677335619
 30
0.0
 11
367134.793054929
 21
-82635.52677335619
 31
0.0
  0
LINE
  5
50C
330
4F7
100
AcDbEntity
  8
_HATCH_253
 62
   251
 48
10.0
100
AcDbLine
 10
367098.7930549289
 20
-82626.52677335619
 30
0.0
 11
367134.793054929
 21
-82626.52677335619
 31
0.0
  0
LINE
  5
50D
330
4F7
100
AcDbEntity
  8
_HATCH_253
 62
   251
 48
10.0
100
AcDbLine
 10
367137.793054929
 20
-82635.52677335619
 30
0.0
 11
367173.7930549289
 21
-82635.52677335619
 31
0.0
  0
LINE
  5
50E
330
4F7
100
AcDbEntity
  8
_HATCH_253
 62
   251
 48
10.0
100
AcDbLine
 10
367137.793054929
 20
-82626.52677335619
 30
0.0
 11
367173.7930549289
 21
-82626.52677335619
 31
0.0
  0
LINE
  5
50F
330
4F7
100
AcDbEntity
  8
_HATCH_253
 62
   251
 48
10.0
100
AcDbLine
 10
367098.7930549289
 20
-82617.52677335619
 30
0.0
 11
367134.793054929
 21
-82617.52677335619
 31
0.0
  0
LINE
  5
510
330
4F7
100
AcDbEntity
  8
_HATCH_253
 62
   251
 48
10.0
100
AcDbLine
 10
367137.793054929
 20
-82617.52677335619
 30
0.0
 11
367173.7930549289
 21
-82617.52677335619
 31
0.0
  0
LINE
  5
511
330
4F7
100
AcDbEntity
  8
_HATCH_253
 62
   251
 48
10.0
100
AcDbLine
 10
367098.7930549289
 20
-82608.52677335619
 30
0.0
 11
367134.793054929
 21
-82608.52677335619
 31
0.0
  0
LINE
  5
512
330
4F7
100
AcDbEntity
  8
_HATCH_253
 62
   251
 48
10.0
100
AcDbLine
 10
367137.793054929
 20
-82608.52677335619
 30
0.0
 11
367173.7930549289
 21
-82608.52677335619
 31
0.0
  0
LINE
  5
513
330
4F7
100
AcDbEntity
  8
_HATCH_253
 62
   251
 48
10.0
100
AcDbLine
 10
367098.7930549289
 20
-82599.52677335619
 30
0.0
 11
367134.793054929
 21
-82599.52677335619
 31
0.0
  0
LWPOLYLINE
  5
514
330
4F7
100
AcDbEntity
  8
_HATCH_253
 62
   251
 48
10.0
100
AcDbPolyline
 90
        4
 70
     0
 43
0.0
 10
367186.7194050244
 20
-82881.5267733783
 10
367186.7194050509
 20
-82887.52677335622
 10
367334.2930549289
 20
-82887.52677335622
 10
367334.2930549289
 20
-82845.52677335622
  0
LWPOLYLINE
  5
515
330
4F7
100
AcDbEntity
  8
_HATCH_253
 62
   251
 48
10.0
100
AcDbPolyline
 90
        4
 70
     0
 43
0.0
 10
367188.5553397721
 20
-82881.52677335622
 10
367188.5553397721
 20
-82885.52677335622
 10
367332.2930549289
 20
-82885.52677335622
 10
367332.2930549289
 20
-82845.52677335622
  0
LWPOLYLINE
  5
516
330
4F7
100
AcDbEntity
  8
_HATCH_253
 62
   251
 48
10.0
100
AcDbPolyline
 90
        4
 70
     0
 43
0.0
 10
367191.7194050244
 20
-82881.52677335622
 10
367191.7194050289
 20
-82882.52677335622
 10
367329.2930549289
 20
-82882.52677335622
 10
367329.2930549289
 20
-82845.52677335622
  0
LWPOLYLINE
  5
517
330
4F7
100
AcDbEntity
  8
_HATCH_253
 62
   251
 48
10.0
100
AcDbPolyline
 90
        4
 70
     0
 43
0.0
 10
367189.5553397721
 20
-82881.52677335622
 10
367189.5553397721
 20
-82884.52677335622
 10
367331.2930549289
 20
-82884.52677335622
 10
367331.2930549289
 20
-82845.52677335622
  0
LINE
  5
518
330
4F7
100
AcDbEntity
  8
_HATCH_253
 62
   251
 48
10.0
100
AcDbLine
 10
367134.793054929
 20
-82662.52677335619
 30
0.0
 11
367137.793054929
 21
-82662.52677335619
 31
0.0
  0
LWPOLYLINE
  5
519
330
4F7
100
AcDbEntity
  8
_HATCH_253
 62
   251
 48
10.0
100
AcDbPolyline
 90
        4
 70
     1
 43
0.0
 10
367134.793054929
 20
-82662.52677335619
 10
367137.793054929
 20
-82662.52677335619
 10
367137.793054929
 20
-82599.52677335619
 10
367134.793054929
 20
-82599.52677335619
  0
LWPOLYLINE
  5
51A
330
4F7
100
AcDbEntity
  8
_HATCH_253
 62
   251
 48
10.0
100
AcDbPolyline
 90
        4
 70
     1
 43
0.0
 10
367135.793054929
 20
-82661.52677335619
 10
367136.793054929
 20
-82661.52677335619
 10
367136.793054929
 20
-82600.52677335619
 10
367135.793054929
 20
-82600.52677335619
  0
LWPOLYLINE
  5
51B
330
4F7
100
AcDbEntity
  8
_HATCH_253
 62
   251
 48
10.0
100
AcDbPolyline
 90
        6
 70
     1
 43
0.0
 10
367305.7930549291
 20
-82697.02677335618
 10
367305.7930549289
 20
-82817.02677335622
 10
367289.7035026902
 20
-82817.02677335622
 10
367289.7035026902
 20
-82841.02677335622
 10
367329.7930549289
 20
-82841.02677335622
 10
367329.7930549289
 20
-82697.02677335618
  0
LWPOLYLINE
  5
51C
330
4F7
100
AcDbEntity
  8
_HATCH_253
  6
DASHED2
 62
   251
 48
20.0
100
AcDbPolyline
 90
        4
 70
     1
 43
0.0
 10
367300.79304473
 20
-82697.02677335616
 10
367257.7035026902
 20
-82697.02677335619
 10
367257.7035026902
 20
-82692.52677335622
 10
367300.79304473
 20
-82692.52677335616
  0
LWPOLYLINE
  5
51D
330
4F7
100
AcDbEntity
  8
_HATCH_253
 62
   251
 48
10.0
100
AcDbPolyline
 90
        3
 70
     0
 43
0.0
 10
367221.793054929
 20
-82275.52677335622
 10
367278.293054929
 20
-82275.52677335622
 10
367278.293054929
 20
-82283.52677335622
  0
LWPOLYLINE
  5
51E
330
4F7
100
AcDbEntity
  8
_HATCH_253
 62
   251
 48
10.0
100
AcDbPolyline
 90
        3
 70
     0
 43
0.0
 10
367221.793054929
 20
-82280.02677335622
 10
367273.793054929
 20
-82280.02677335622
 10
367273.793054929
 20
-82283.52677335622
  0
LWPOLYLINE
  5
51F
330
4F7
100
AcDbEntity
  8
_HATCH_253
 62
   251
 48
10.0
100
AcDbPolyline
 90
        3
 70
     0
 43
0.0
 10
367221.793054929
 20
-82277.52677335622
 10
367276.293054929
 20
-82277.52677335622
 10
367276.293054929
 20
-82283.52677335622
  0
LWPOLYLINE
  5
520
330
4F7
100
AcDbEntity
  8
_HATCH_253
 62
   251
 48
10.0
100
AcDbPolyline
 90
        3
 70
     0
 43
0.0
 10
367221.793054929
 20
-82278.02677335622
 10
367275.793054929
 20
-82278.02677335622
 10
367275.793054929
 20
-82283.52677335622
  0
LWPOLYLINE
  5
521
330
4F7
100
AcDbEntity
  8
_HATCH_253
  6
DASHED2
 62
   251
 48
20.0
100
AcDbPolyline
 90
        4
 70
     1
 43
0.0
 10
367178.2930549291
 20
-82427.02677335622
 10
367214.2930549291
 20
-82427.02677335622
 10
367214.2930549291
 20
-82431.52677335619
 10
367178.2930549291
 20
-82431.52677335622
  0
LWPOLYLINE
  5
522
330
4F7
100
AcDbEntity
  8
_HATCH_253
 62
   251
100
AcDbPolyline
 90
        4
 70
     1
 43
0.0
 10
367325.2930549289
 20
-82288.02677335622
 10
367278.2930549289
 20
-82288.02677335622
 10
367278.2930549289
 20
-82312.02677335622
 10
367325.2930549289
 20
-82312.02677335622
  0
LWPOLYLINE
  5
523
330
4F7
100
AcDbEntity
  8
_HATCH_253
 62
   251
100
AcDbPolyline
 90
        4
 70
     1
 43
0.0
 10
367324.293054929
 20
-82289.02677335622
 10
367279.2930549289
 20
-82289.02677335622
 10
367279.2930549289
 20
-82311.02677335622
 10
367324.293054929
 20
-82311.02677335622
  0
MTEXT
  5
524
330
4F7
100
AcDbEntity
  8
_HATCH_253
 62
   251
100
AcDbMText
 10
367253.1603038163
 20
-82420.86143097597
 30
0.0
 40
2.242139876148006
 41
25.3152430196307
 71
     8
 72
     5
  1
\A1;BEDROOM -03\P9'-0" X 13'-5{\H0.7x;\S1/2;}"
  7
TEXT
1001
ACAD
1000
ACAD_MTEXT_DEFINED_HEIGHT_BEGIN
1070
    46
1040
75.68874848891875
1000
ACAD_MTEXT_DEFINED_HEIGHT_END
  0
MTEXT
  5
525
330
4F7
100
AcDbEntity
  8
_HATCH_253
 62
   251
100
AcDbMText
 10
367233.4468587758
 20
-82762.53379166665
 30
0.0
 40
2.242139876148006
 41
25.3152430196307
 71
     8
 72
     5
  1
\A1;BEDROOM -01\P12'-6" X 9'-7{\H0.7x;\S1/2;}"
  7
TEXT
1001
ACAD
1000
ACAD_MTEXT_DEFINED_HEIGHT_BEGIN
1070
    46
1040
75.68874848891875
1000
ACAD_MTEXT_DEFINED_HEIGHT_END
  0
MTEXT
  5
526
330
4F7
100
AcDbEntity
  8
_HATCH_253
 62
   251
100
AcDbMText
 10
367281.2789155045
 20
-82765.70354579756
 30
0.0
 40
2.242139876148006
 41
25.3152430196307
 71
     8
 72
     5
  1
\A1;KITCHEN\P6'-0" X 12'-0"
  7
TEXT
1001
ACAD
1000
ACAD_MTEXT_DEFINED_HEIGHT_BEGIN
1070
    46
1040
75.68874848891875
1000
ACAD_MTEXT_DEFINED_HEIGHT_END
  0
MTEXT
  5
527
330
4F7
100
AcDbEntity
  8
_HATCH_253
 62
   251
100
AcDbMText
 10
367269.208397055
 20
-82589.48188612224
 30
0.0
 40
2.242139876148006
 41
25.3152430196307
 71
     8
 72
     5
  1
\A1;DRAWING &\PDINNING AREA \P12'-7{\H0.7x;\S1/2;}" X 17'-10{\H0.7x;\S1/2;}"
  7
TEXT
1001
ACAD
1000
ACAD_MTEXT_DEFINED_HEIGHT_BEGIN
1070
    46
1040
66.68874848891875
1000
ACAD_MTEXT_DEFINED_HEIGHT_END
  0
MTEXT
  5
528
330
4F7
100
AcDbEntity
  8
_HATCH_253
 62
   251
100
AcDbMText
 10
367129.7770610502
 20
-82458.15371972305
 30
0.0
 40
2.242139876148006
 41
25.3152430196307
 71
     8
 72
     5
  1
\A1;TOILET-02\P6'-3" X 5'-0"
  7
TEXT
1001
ACAD
1000
ACAD_MTEXT_DEFINED_HEIGHT_BEGIN
1070
    46
1040
75.68874848891875
1000
ACAD_MTEXT_DEFINED_HEIGHT_END
  0
MTEXT
  5
529
330
4F7
100
AcDbEntity
  8
_HATCH_253
 62
   251
100
AcDbMText
 10
367136.1735214129
 20
-82589.38130422134
 30
0.0
 40
2.242139876148006
 41
25.3152430196307
 71
     8
 72
     5
  1
\A1;STAIRCASE &\P LIFT LOBBY \P6'-3" X 3'-6"
  7
TEXT
1001
ACAD
1000
ACAD_MTEXT_DEFINED_HEIGHT_BEGIN
1070
    46
1040
48.8804921687579
1000
ACAD_MTEXT_DEFINED_HEIGHT_END
  0
LWPOLYLINE
  5
52A
330
4F7
100
AcDbEntity
  8
_HATCH_253
  6
CONTINUOUS
 62
   251
 48
10.0
100
AcDbPolyline
 90
        4
 70
     1
 43
0.0
 10
367106.2930549289
 20
-82550.02677335619
 10
367166.2930549289
 20
-82550.02677335622
 10
367166.2930549289
 20
-82499.02677335619
 10
367106.2930549289
 20
-82499.02677335619
  0
LWPOLYLINE
  5
52B
330
4F7
100
AcDbEntity
  8
_HATCH_253
  6
CONTINUOUS
 62
   251
 48
10.0
100
AcDbPolyline
 90
        4
 70
     1
 43
0.0
 10
367105.2930549289
 20
-82551.02677335619
 10
367167.2930549289
 20
-82551.02677335622
 10
367167.2930549289
 20
-82498.02677335619
 10
367105.2930549289
 20
-82498.02677335619
  0
MTEXT
  5
52C
330
4F7
100
AcDbEntity
  8
_HATCH_253
 62
   251
100
AcDbMText
 10
367134.4465784386
 20
-82684.30443698986
 30
0.0
 40
2.242139876148006
 41
25.3152430196307
 71
     8
 72
     5
  1
\A1;3'-0" WIDE \PSTAIRACSE 
  7
TEXT
1001
ACAD
1000
ACAD_MTEXT_DEFINED_HEIGHT_BEGIN
1070
    46
1040
75.68874848891875
1000
ACAD_MTEXT_DEFINED_HEIGHT_END
  0
MTEXT
  5
52D
330
4F7
100
AcDbEntity
  8
_HATCH_253
 62
   251
100
AcDbMText
 10
367271.2682174317
 20
-82862.92390039789
 30
0.0
 40
2.242139876148006
 41
25.3152430196307
 71
     8
 72
     5
  1
\A1;BALCONY 3'-6" WIDE
  7
TEXT
1001
ACAD
1000
ACAD_MTEXT_DEFINED_HEIGHT_BEGIN
1070
    46
1040
75.68874848891875
1000
ACAD_MTEXT_DEFINED_HEIGHT_END
  0
MTEXT
  5
52E
330
4F7
100
AcDbEntity
  8
_HATCH_253
 62
   251
100
AcDbMText
 10
367244.5564410663
 20
-82295.8674535375
 30
0.0
 40
2.242139876148006
 41
25.3152430196307
 71
     8
 72
     5
  1
\A1;BALCONY \P2'-8" WIDE
  7
TEXT
1001
ACAD
1000
ACAD_MTEXT_DEFINED_HEIGHT_BEGIN
1070
    46
1040
75.68874848891875
1000
ACAD_MTEXT_DEFINED_HEIGHT_END
  0
LINE
  5
52F
330
4F7
100
AcDbEntity
  8
_HATCH_253
 62
   251
100
AcDbLine
 10
367155.7930549289
 20
-82643.5898137305
 30
0.0
 11
367155.7930549289
 21
-82593.61154099961
 31
0.0
  0
LWPOLYLINE
  5
530
330
4F7
100
AcDbEntity
  8
_HATCH_253
 62
   251
100
AcDbPolyline
 90
        4
 70
     0
 43
0.0
 10
367155.7930549289
 20
-82643.5898137305
 10
367149.875317693
 20
-82635.16274731499
 10
367152.4664458545
 20
-82635.17711682373
 10
367155.7930549289
 20
-82643.58981373048
  0
LWPOLYLINE
  5
531
330
4F7
100
AcDbEntity
  8
_HATCH_253
 62
   251
100
AcDbPolyline
 90
        4
 70
     0
 43
0.0
 10
367155.7930549289
 20
-82643.5898137305
 10
367161.7107921648
 20
-82635.16274731499
 10
367159.1196640034
 20
-82635.17711682373
 10
367155.7930549289
 20
-82643.58981373048
  0
MTEXT
  5
532
330
4F7
100
AcDbEntity
  8
_HATCH_253
 62
   251
100
AcDbMText
 10
367155.7536200876
 20
-82596.64087992621
 30
0.0
 40
2.242139876148006
 41
25.3152430196307
 71
     8
 72
     5
  1
\A1;UP
  7
TEXT
1001
ACAD
1000
ACAD_MTEXT_DEFINED_HEIGHT_BEGIN
1070
    46
1040
75.68874848891875
1000
ACAD_MTEXT_DEFINED_HEIGHT_END
  0
LINE
  5
533
330
4F7
100
AcDbEntity
  8
_HATCH_253
 62
   251
100
AcDbLine
 10
367116.1158211827
 20
-82643.52677405256
 30
0.0
 11
367116.1158211827
 21
-82594.94008262482
 31
0.0
  0
LWPOLYLINE
  5
534
330
4F7
100
AcDbEntity
  8
_HATCH_253
 62
   251
100
AcDbPolyline
 90
        4
 70
     0
 43
0.0
 10
367116.1158211827
 20
-82643.52677405256
 10
367110.1980839468
 20
-82635.09970763707
 10
367112.7892121082
 20
-82635.11407714579
 10
367116.1158211827
 20
-82643.52677405256
  0
LWPOLYLINE
  5
535
330
4F7
100
AcDbEntity
  8
_HATCH_253
 62
   251
100
AcDbPolyline
 90
        4
 70
     0
 43
0.0
 10
367116.1158211827
 20
-82643.52677405256
 10
367122.0335584186
 20
-82635.09970763707
 10
367119.4424302571
 20
-82635.11407714579
 10
367116.1158211827
 20
-82643.52677405256
  0
MTEXT
  5
536
330
4F7
100
AcDbEntity
  8
_HATCH_253
 62
   251
100
AcDbMText
 10
367112.0630625502
 20
-82597.96942155142
 30
0.0
 40
2.242139876148006
 41
25.3152430196307
 71
     8
 72
     5
  1
\A1;DN
  7
TEXT
1001
ACAD
1000
ACAD_MTEXT_DEFINED_HEIGHT_BEGIN
1070
    46
1040
75.68874848891875
1000
ACAD_MTEXT_DEFINED_HEIGHT_END
  0
INSERT
  5
537
330
4F7
100
AcDbEntity
  8
_HATCH_253
 62
   251
 48
10.0
100
AcDbBlockReference
  2
D3'
 10
367225.9673045389
 20
-82698.52677335622
 30
0.0
 41
-0.9999309507931979
 42
0.9999309507931979
 43
0.9999309507931979
 50
180.0
  0
LWPOLYLINE
  5
538
330
4F7
100
AcDbEntity
  8
_HATCH_253
  6
DASHED2
 62
   251
 48
20.0
100
AcDbPolyline
 90
        4
 70
     1
 43
0.0
 10
367189.9697903104
 20
-82703.02677335616
 10
367225.9673045389
 20
-82703.02677335616
 10
367225.9673045389
 20
-82698.52677335616
 10
367189.9697903104
 20
-82698.52677335616
  0
INSERT
  5
539
330
4F7
100
AcDbEntity
  8
_HATCH_253
 62
   251
 48
10.0
100
AcDbBlockReference
  2
D3'
 10
367214.2930549291
 20
-82431.52677335622
 30
0.0
 41
0.9999309507931979
 42
0.9999309507931979
 43
0.9999309507931979
  0
LWPOLYLINE
  5
53A
330
4F7
100
AcDbEntity
  8
_HATCH_253
 62
   251
100
AcDbPolyline
 90
        4
 70
     1
 43
0.0
 10
367288.7035026902
 20
-82818.89790825342
 10
367288.7035026902
 20
-82841.02677335622
 10
367258.7035026902
 20
-82841.02677335622
 10
367258.7035026902
 20
-82818.89790825342
  0
LWPOLYLINE
  5
53B
330
4F7
100
AcDbEntity
  8
_HATCH_253
 62
   251
100
AcDbPolyline
 90
        4
 70
     1
 43
0.0
 10
367258.7035026902
 20
-82818.02692441884
 10
367258.7035026902
 20
-82816.9429082534
 10
367288.7035026902
 20
-82816.9429082534
 10
367288.7035026902
 20
-82818.02692441884
  0
INSERT
  5
53C
330
4F7
100
AcDbEntity
  8
_HATCH_253
 62
   251
100
AcDbBlockReference
  2
RANGE-OVEN_-_30_IN_TOP
 10
367329.7930549289
 20
-82769.17014535237
 30
0.0
 50
270.0
  0
INSERT
  5
53D
330
4F7
100
AcDbEntity
  8
_HATCH_253
 62
   251
100
AcDbBlockReference
  2
TABLE-30
 10
367302.0129190561
 20
-82500.5342092081
 30
0.0
 41
-44.29133858275529
 42
44.29133858275529
 43
44.29133858275529
  0
INSERT
  5
53E
330
4F7
100
AcDbEntity
  8
_HATCH_253
 62
   251
 48
10.0
100
AcDbBlockReference
  2
D3'
 10
367173.5825921769
 20
-82598.07731955641
 30
0.0
 41
1.084780248513143
 42
1.084780248513143
 43
1.084780248513143
 50
270.0
  0
LWPOLYLINE
  5
53F
330
4F7
100
AcDbEntity
  8
_HATCH_253
  6
DASHED2
 62
   251
 48
20.0
100
AcDbPolyline
 90
        4
 70
     1
 43
0.0
 10
367178.2930549289
 20
-82598.02428758473
 10
367178.2930549289
 20
-82559.07731955641
 10
367173.7930549289
 20
-82559.07731955641
 10
367173.7930549289
 20
-82598.02428758473
  0
INSERT
  5
540
330
4F7
100
AcDbEntity
  8
_HATCH_253
 62
   251
100
AcDbBlockReference
  2
WTRWF
 10
712314.7385194355
 20
79454.91442721554
 30
-0.0000000000000007
 41
-1.0
  0
LINE
  5
541
330
4F7
100
AcDbEntity
  8
_HATCH_253
 62
   251
 48
10.0
100
AcDbLine
 10
367152.8030429761
 20
-82823.02677335622
 30
0.0
 11
367152.8030429761
 21
-82825.02677335622
 31
0.0
  0
LWPOLYLINE
  5
542
330
4F7
100
AcDbEntity
  8
_HATCH_253
  6
DASHED2
 62
   251
 48
20.0
100
AcDbPolyline
 90
        4
 70
     1
 43
0.0
 10
367173.7943624778
 20
-82466.02861779893
 10
367173.7943624778
 20
-82436.02677335622
 10
367178.2943624778
 20
-82436.02677335622
 10
367178.2943624778
 20
-82466.02861779893
  0
INSERT
  5
543
330
4F7
100
AcDbEntity
  8
_HATCH_253
 62
   251
100
AcDbBlockReference
  2
WTRWF
 10
712330.7470009867
 20
79840.3644379021
 30
0.0000860753783069
 41
-1.0
  0
LWPOLYLINE
  5
544
330
4F7
100
AcDbEntity
  8
_HATCH_253
 62
   251
 48
12.0
100
AcDbPolyline
 90
        5
 70
     0
 43
0.0
 39
6.0
 10
367137.9696152675
 20
-82487.07674887402
 10
367137.9677214617
 20
-82491.57674887408
 10
367173.7560216912
 20
-82491.57674866733
 10
367173.7560216128
 20
-82487.07674762343
 10
367137.9696152675
 20
-82487.07674887402
  0
LWPOLYLINE
  5
545
330
4F7
100
AcDbEntity
  8
_HATCH_253
 62
   251
 48
10.0
100
AcDbPolyline
 90
        9
 70
     0
 43
0.0
 10
367173.7930549291
 20
-82467.02898439662
 10
367172.0993320484
 20
-82467.02898439662
 10
367172.099332749
 20
-82485.07674768132
 10
367135.9696152675
 20
-82485.07674887402
 10
367135.9684549927
 20
-82489.83375618447
 10
367100.4867778096
 20
-82489.8330517235
 10
367100.4867778096
 20
-82433.22049623693
 10
367172.0993320484
 20
-82433.19156717906
 10
367172.0993320484
 20
-82436.02861779893
  0
LINE
  5
546
330
4F7
100
AcDbEntity
  8
_HATCH_253
 62
   251
 48
10.0
100
AcDbLine
 10
367173.7930549291
 20
-82436.02677335622
 30
0.0
 11
367172.0993320484
 21
-82436.02677335622
 31
0.0
  0
INSERT
  5
547
330
4F7
100
AcDbEntity
  8
_HATCH_253
 62
   251
 48
10.0
100
AcDbBlockReference
  2
D3'
 10
367217.2930549285
 20
-82470.52677335622
 30
0.0
 41
0.9999309507931979
 42
0.9999309507931979
 43
0.9999309507931979
 50
270.0
  0
INSERT
  5
548
330
4F7
100
AcDbEntity
  8
_HATCH_253
 62
   251
100
AcDbBlockReference
  2
TABLE-30
 10
367247.0467224752
 20
-82500.5342092081
 30
0.0
 41
44.29133858275529
 42
44.29133858275529
 43
44.29133858275529
  0
MLINE
  5
549
330
4F7
100
AcDbEntity
  8
_HATCH_253
 62
   251
100
AcDbMline
  2
WINDOW
340
66
 40
1.0
 70
     0
 71
     1
 72
     2
 73
     4
 10
367264.6567023412
 20
-82841.02677335622
 30
0.0
210
0.0
220
0.0
230
1.0
 11
367264.6567023412
 21
-82841.02677335622
 31
0.0
 12
1.0
 22
0.0
 32
0.0
 13
-2.220446049250313E-16
 23
1.0
 33
0.0
 74
     2
 41
0.0
 41
0.0
 75
     0
 74
     2
 41
-1.5
 41
0.0
 75
     0
 74
     2
 41
-3.0
 41
0.0
 75
     0
 74
     2
 41
-4.5
 41
0.0
 75
     0
 11
367318.793054958
 21
-82841.02677335622
 31
0.0
 12
1.0
 22
0.0
 32
0.0
 13
-2.220446049250313E-16
 23
1.0
 33
0.0
 74
     2
 41
0.0
 41
0.0
 75
     0
 74
     2
 41
-1.5
 41
0.0
 75
     0
 74
     2
 41
-3.0
 41
0.0
 75
     0
 74
     2
 41
-4.5
 41
0.0
 75
     0
  0
CIRCLE
  5
54A
330
4F7
100
AcDbEntity
  8
_HATCH_253
 62
   251
100
AcDbCircle
 10
367318.8429484979
 20
-82422.27224443851
 30
0.0
 40
7.930512193383038
  0
MTEXT
  5
54B
102
{ACAD_XDICTIONARY
360
98B
102
}
330
4F7
100
AcDbEntity
  8
_HATCH_253
 62
   251
100
AcDbMText
 10
367300.1501218542
 20
-82300.60429740253
 30
0.0
 40
2.242139876148006
 41
25.3152430196307
 71
     8
 72
     5
  1
{\A1;WARDROBE}
  7
TEXT
1001
ACAD
1000
ACAD_MTEXT_DEFINED_HEIGHT_BEGIN
1070
    46
1040
24.85373061042649
1000
ACAD_MTEXT_DEFINED_HEIGHT_END
  0
LWPOLYLINE
  5
54D
330
4F7
100
AcDbEntity
  8
_HATCH_253
  6
CONTINUOUS
 62
   251
100
AcDbPolyline
 90
        2
 70
     0
 43
0.0
 10
367125.7778115285
 20
-82825.75091128735
 10
367126.156428519
 20
-82825.75091128735
  0
CIRCLE
  5
54E
330
4F7
100
AcDbEntity
  8
_HATCH_253
  6
CONTINUOUS
 62
   251
100
AcDbCircle
 10
367125.0536735983
 20
-82825.75091128735
 30
0.0
 40
0.7241379309748515
  0
LWPOLYLINE
  5
54F
330
4F7
100
AcDbEntity
  8
_HATCH_253
  6
CONTINUOUS
 62
   251
100
AcDbPolyline
 90
        2
 70
     0
 43
0.0
 10
367127.9502253209
 20
-82825.75091128735
 10
367127.5716083304
 20
-82825.75091128735
  0
CIRCLE
  5
550
330
4F7
100
AcDbEntity
  8
_HATCH_253
  6
CONTINUOUS
 62
   251
100
AcDbCircle
 10
367128.6743632521
 20
-82825.75091128735
 30
0.0
 40
0.7241379309748515
  0
LWPOLYLINE
  5
551
330
4F7
100
AcDbEntity
  8
_HATCH_253
  6
CONTINUOUS
 62
   251
100
AcDbPolyline
 90
        2
 70
     0
 43
0.0
 10
367125.6807954407
 20
-82825.38884232225
 10
367128.0472414087
 20
-82825.38884232225
  0
LWPOLYLINE
  5
552
330
4F7
100
AcDbEntity
  8
_HATCH_253
  6
CONTINUOUS
 62
   251
100
AcDbPolyline
 90
        9
 70
     0
 43
0.0
 10
367127.5005158636
 20
-82826.47504921848
 10
367129.3985011832
 20
-82826.47504921848
 10
367129.3985011832
 20
-82825.75091128735
 10
367129.3985011832
 20
-82825.02677335622
 10
367126.8640184247
 20
-82825.02677335622
 10
367124.3295356671
 20
-82825.02677335622
 10
367124.3295356671
 20
-82825.75091128735
 10
367124.3295356671
 20
-82826.47504921848
 10
367126.2275209858
 20
-82826.47504921848
  0
LWPOLYLINE
  5
553
330
4F7
100
AcDbEntity
  8
_HATCH_253
  6
CONTINUOUS
 62
   251
100
AcDbPolyline
 90
        8
 70
     0
 43
0.0
 10
367128.0472414087
 20
-82826.11298025338
 10
367127.7001938115
 20
-82826.11298025338
 42
0.3858324810878963
 10
367127.5200255134
 20
-82826.27632665666
 10
367127.2947617511
 20
-82831.77255431542
 42
-0.2703142702328672
 10
367126.4332750992
 20
-82831.77255431542
 10
367126.208011336
 20
-82826.27632665666
 42
0.3858324810877332
 10
367126.027843037
 20
-82826.11298025338
 10
367125.6807954407
 20
-82826.11298025338
  0
CIRCLE
  5
554
330
4F7
100
AcDbEntity
  8
_HATCH_253
 62
   251
 48
0.2
100
AcDbCircle
 10
367175.6612919556
 20
-82862.02495090986
 30
0.0
 40
8.0
  0
CIRCLE
  5
555
330
4F7
100
AcDbEntity
  8
_HATCH_253
 62
   251
 48
0.2
100
AcDbCircle
 10
367175.6612919556
 20
-82862.02495090986
 30
0.0
 40
7.0
  0
LWPOLYLINE
  5
556
330
4F7
100
AcDbEntity
  8
_HATCH_253
 62
   251
 48
0.2
100
AcDbPolyline
 90
        4
 70
     1
 43
0.0
 10
367183.257353872
 20
-82870.27816442598
 10
367183.9622282716
 20
-82869.56883228879
 10
367179.698253429
 20
-82865.31923723893
 10
367178.9933790294
 20
-82866.02856937613
  0
INSERT
  5
557
330
4F7
100
AcDbEntity
  8
_HATCH_253
 62
   251
 48
10.0
100
AcDbBlockReference
  2
D3'
 10
367182.8075378681
 20
-82818.52546580756
 30
0.0
 41
-0.8333333333333075
 42
0.8333333333333075
 43
0.8333333333333075
 50
180.0
  0
LWPOLYLINE
  5
558
330
4F7
100
AcDbEntity
  8
_HATCH_253
 62
   251
 48
10.0
100
AcDbPolyline
 90
        5
 70
     0
 43
0.0
 10
367152.8030429761
 20
-82825.02677335622
 10
367105.2927448819
 20
-82825.02677335315
 10
367105.2936152732
 20
-82870.52677391948
 10
367185.2194050244
 20
-82870.526772296
 10
367185.2194050244
 20
-82823.02677335622
  0
LWPOLYLINE
  5
559
330
4F7
100
AcDbEntity
  8
_HATCH_253
 62
   251
 48
0.2
100
AcDbPolyline
 90
        4
 70
     1
 43
0.0
 10
367253.2035026902
 20
-82737.41356183201
 10
367229.0245045031
 20
-82737.41356183201
 10
367229.0245045031
 20
-82703.02677335619
 10
367253.2035026902
 20
-82703.02677335619
  0
LWPOLYLINE
  5
55A
330
4F7
100
AcDbEntity
  8
_HATCH_253
 62
   251
 48
0.2
100
AcDbPolyline
 90
        4
 70
     1
 43
0.0
 10
367252.2035026902
 20
-82736.41356183201
 10
367230.0245045031
 20
-82736.41356183201
 10
367230.0245045031
 20
-82704.02677335619
 10
367252.2035026902
 20
-82704.02677335619
  0
MTEXT
  5
55B
102
{ACAD_XDICTIONARY
360
98D
102
}
330
4F7
100
AcDbEntity
  8
_HATCH_253
 62
   251
100
AcDbMText
 10
367239.5067387868
 20
-82719.13646058974
 30
0.0
 40
1.890445888053592
 41
79.8662308165194
 71
     2
 72
     5
  1
{\A1;WARDROBE}
  7
TEXT
 11
2.832769448823990E-16
 21
1.0
 31
0.0
1001
ACAD
1000
ACAD_MTEXT_DEFINED_HEIGHT_BEGIN
1070
    46
1040
21.85373061042649
1000
ACAD_MTEXT_DEFINED_HEIGHT_END
  0
LWPOLYLINE
  5
55D
330
4F7
100
AcDbEntity
  8
_HATCH_253
 62
   251
 48
10.0
100
AcDbPolyline
 90
        7
 70
     0
 43
0.0
 10
367133.6887950878
 20
-82419.52677335622
 10
367133.6887950877
 20
-82403.02677335622
 10
367177.7983317561
 20
-82403.02677335622
 10
367177.7983317561
 20
-82427.02677335622
 10
367133.6887950877
 20
-82427.02677335622
 10
367133.6887950877
 20
-82403.02677335619
 10
367133.6887950877
 20
-82403.02677335622
  0
LWPOLYLINE
  5
55E
330
4F7
100
AcDbEntity
  8
_HATCH_253
 62
   251
 48
10.0
100
AcDbPolyline
 90
        6
 70
     1
 43
0.0
 10
367134.6887950878
 20
-82418.52677335625
 10
367134.6887950877
 20
-82404.02677335622
 10
367176.7983317561
 20
-82404.02677335622
 10
367176.7983317561
 20
-82426.02677335622
 10
367134.6887950877
 20
-82426.02677335622
 10
367134.6887950877
 20
-82418.52677335622
  0
MTEXT
  5
55F
102
{ACAD_XDICTIONARY
360
98F
102
}
330
4F7
100
AcDbEntity
  8
_HATCH_253
 62
   251
100
AcDbMText
 10
367154.6080121147
 20
-82415.13975932355
 30
0.0
 40
2.242139876148006
 41
25.3152430196307
 71
     8
 72
     5
  1
{\A1;WARDROBE}
  7
TEXT
1001
ACAD
1000
ACAD_MTEXT_DEFINED_HEIGHT_BEGIN
1070
    46
1040
15.09945483023739
1000
ACAD_MTEXT_DEFINED_HEIGHT_END
  0
MTEXT
  5
561
330
4F7
100
AcDbEntity
  8
_HATCH_253
 62
   251
100
AcDbMText
 10
367168.5328999228
 20
-82381.40142477349
 30
0.0
 40
2.242139876148006
 41
25.3152430196307
 71
     8
 72
     5
  1
\A1;BEDROOM -02\P9'-6" X 12'-3"
  7
TEXT
1001
ACAD
1000
ACAD_MTEXT_DEFINED_HEIGHT_BEGIN
1070
    46
1040
75.68874848891875
1000
ACAD_MTEXT_DEFINED_HEIGHT_END
  0
MTEXT
  5
562
330
4F7
100
AcDbEntity
  8
_HATCH_253
 62
   251
100
AcDbMText
 10
367138.1321683364
 20
-82837.42738405679
 30
-0.0000000000000001
 40
2.242139876148006
 41
25.3152430196307
 71
     8
 72
     5
  1
\A1;TOILET-01\P7'-0" X 4'-1{\H0.7x;\S1/2;}"
  7
TEXT
1001
ACAD
1000
ACAD_MTEXT_DEFINED_HEIGHT_BEGIN
1070
    46
1040
33.94095223254837
1000
ACAD_MTEXT_DEFINED_HEIGHT_END
  0
HATCH
  5
563
330
4F7
100
AcDbEntity
  8
_HATCH_253
 62
   251
 48
12.0
100
AcDbHatch
 10
0.0
 20
0.0
 30
0.0
210
0.0
220
0.0
230
1.0
  2
SOLID
 70
     1
 71
     0
 91
        1
 92
        1
 93
       66
 72
     1
 10
367154.9102368082
 20
-82872.52677304824
 11
367154.9102368082
 21
-82877.27676515239
 72
     1
 10
367154.9102368082
 20
-82877.27676515239
 11
367124.3397711361
 21
-82877.27676554132
 72
     1
 10
367124.3397711361
 20
-82877.27676554132
 11
367124.339771136
 21
-82872.52677343717
 72
     1
 10
367124.339771136
 20
-82872.52677343717
 11
367103.2936535343
 21
-82872.52677343716
 72
     1
 10
367103.2936535343
 20
-82872.52677343716
 11
367103.29361049
 21
-82868.02677340235
 72
     1
 10
367103.29361049
 20
-82868.02677340235
 11
367098.7931801061
 21
-82868.02677340788
 72
     1
 10
367098.7931801061
 20
-82868.02677340788
 11
367098.7931800766
 21
-82850.02590491815
 72
     1
 10
367098.7931800766
 20
-82850.02590491815
 11
367103.2934383046
 21
-82850.02590491262
 72
     1
 10
367103.2934383046
 20
-82850.02590491262
 11
367103.2931800512
 21
-82823.02720459795
 72
     1
 10
367103.2931800512
 20
-82823.02720459795
 11
367103.2931800471
 21
-82823.02677335068
 72
     1
 10
367103.2931800471
 20
-82823.02677335068
 11
367152.8030429758
 21
-82823.02677335622
 72
     1
 10
367152.8030429758
 20
-82823.02677335622
 11
367152.8030429764
 21
-82818.52677335622
 72
     1
 10
367152.8030429764
 20
-82818.52677335622
 11
367103.2930549289
 21
-82818.52677335622
 72
     1
 10
367103.2930549289
 20
-82818.52677335622
 11
367103.2930549289
 21
-82703.02677335622
 72
     1
 10
367103.2930549289
 20
-82703.02677335622
 11
367189.9697903104
 21
-82703.02677335616
 72
     1
 10
367189.9697903104
 20
-82703.02677335616
 11
367189.9697903104
 21
-82698.52677335616
 72
     1
 10
367189.9697903104
 20
-82698.52677335616
 11
367178.2930727279
 21
-82698.52677335619
 72
     1
 10
367178.2930727279
 20
-82698.52677335619
 11
367178.2930549672
 21
-82598.24072559718
 72
     1
 10
367178.2930549672
 20
-82598.24072559718
 11
367173.7930549289
 21
-82598.02434133648
 72
     1
 10
367173.7930549289
 20
-82598.02434133648
 11
367173.7930549289
 21
-82698.5261128873
 72
     1
 10
367173.7930549289
 20
-82698.5261128873
 11
367098.7937429174
 21
-82698.52611288725
 72
     1
 10
367098.7937429174
 20
-82698.52611288725
 11
367098.7930549243
 21
-82557.52677335619
 72
     1
 10
367098.7930549243
 20
-82557.52677335619
 11
367115.2930549289
 21
-82557.52677335619
 72
     1
 10
367115.2930549289
 20
-82557.52677335619
 11
367115.2930549289
 21
-82553.02677335622
 72
     1
 10
367115.2930549289
 20
-82553.02677335622
 11
367103.2930549198
 21
-82553.02677335622
 72
     1
 10
367103.2930549198
 20
-82553.02677335622
 11
367102.4044610281
 21
-82496.02677335619
 72
     1
 10
367102.4044610281
 20
-82496.02677335619
 11
367169.2930518665
 21
-82496.02677335619
 72
     1
 10
367169.2930518665
 20
-82496.02677335619
 11
367169.2930518665
 21
-82553.02676110645
 72
     1
 10
367169.2930518665
 20
-82553.02676110645
 11
367151.2930549289
 21
-82553.02677335619
 72
     1
 10
367151.2930549289
 20
-82553.02677335619
 11
367151.2930549289
 21
-82557.52677335622
 72
     1
 10
367151.2930549289
 20
-82557.52677335622
 11
367173.7930549243
 21
-82557.52677335622
 72
     1
 10
367173.7930549243
 20
-82557.52677335622
 11
367173.793054929
 21
-82559.07729268054
 72
     1
 10
367173.793054929
 20
-82559.07729268054
 11
367178.2930549289
 21
-82559.07734643227
 72
     1
 10
367178.2930549289
 20
-82559.07734643227
 11
367178.2930447116
 21
-82467.02944128621
 72
     1
 10
367178.2930447116
 20
-82467.02944128621
 11
367173.7930549243
 21
-82467.02852750702
 72
     1
 10
367173.7930549243
 20
-82467.02852750702
 11
367173.7930549243
 21
-82491.52594530841
 72
     1
 10
367173.7930549243
 20
-82491.52594530841
 11
367173.7930549243
 21
-82491.57677335621
 72
     1
 10
367173.7930549243
 20
-82491.57677335621
 11
367098.7930552755
 21
-82491.52594530124
 72
     1
 10
367098.7930552755
 20
-82491.52594530124
 11
367098.7930549289
 21
-82431.52677335622
 72
     1
 10
367098.7930549289
 20
-82431.52677335622
 11
367102.4831685448
 21
-82431.52677335622
 72
     1
 10
367102.4831685448
 20
-82431.52677335622
 11
367102.4831685448
 21
-82427.01457387483
 72
     1
 10
367102.4831685448
 20
-82427.01457387483
 11
367098.6732821608
 21
-82427.01396078014
 72
     1
 10
367098.6732821608
 20
-82427.01396078014
 11
367098.6894921752
 21
-82403.52677335622
 72
     1
 10
367098.6894921752
 20
-82403.52677335622
 11
367129.1887950877
 21
-82403.52677335612
 72
     1
 10
367129.1887950877
 20
-82403.52677335612
 11
367129.1887950877
 21
-82427.01747047149
 72
     1
 10
367129.1887950877
 20
-82427.01747047149
 11
367129.1887950877
 21
-82427.01808356617
 72
     1
 10
367129.1887950877
 20
-82427.01808356617
 11
367120.4831685448
 21
-82427.01747047149
 72
     1
 10
367120.4831685448
 20
-82427.01747047149
 11
367120.4831685448
 21
-82431.52677335622
 72
     1
 10
367120.4831685448
 20
-82431.52677335622
 11
367173.7930549291
 21
-82431.52677335622
 72
     1
 10
367173.7930549291
 20
-82431.52677335622
 11
367173.7930549291
 21
-82436.02677335622
 72
     1
 10
367173.7930549291
 20
-82436.02677335622
 11
367178.2930549291
 21
-82436.02677335622
 72
     1
 10
367178.2930549291
 20
-82436.02677335622
 11
367178.2930549291
 21
-82427.02677335622
 72
     1
 10
367178.2930549291
 20
-82427.02677335622
 11
367133.6849342408
 21
-82427.01880709405
 72
     1
 10
367133.6849342408
 20
-82427.01880709405
 11
367133.6887945086
 21
-82399.03097262213
 72
     1
 10
367133.6887945086
 20
-82399.03097262213
 11
367103.2431451681
 21
-82399.02677335622
 72
     1
 10
367103.2431451681
 20
-82399.02677335622
 11
367103.342966418
 21
-82280.02471294171
 72
     1
 10
367103.342966418
 20
-82280.02471294171
 11
367105.7992928159
 21
-82280.02677335622
 72
     1
 10
367105.7992928159
 20
-82280.02677335622
 11
367152.9020962794
 21
-82280.02677335622
 72
     1
 10
367152.9020962794
 20
-82280.02677335622
 11
367152.9020962794
 21
-82275.52677330651
 72
     1
 10
367152.9020962794
 20
-82275.52677330651
 11
367094.2930549289
 21
-82275.52677335622
 72
     1
 10
367094.2930549289
 20
-82275.52677335622
 11
367094.2930549289
 21
-82881.52677335622
 72
     1
 10
367094.2930549289
 20
-82881.52677335622
 11
367191.719405025
 21
-82881.52677335622
 72
     1
 10
367191.719405025
 20
-82881.52677335622
 11
367191.7194050239
 21
-82868.02677226064
 72
     1
 10
367191.7194050239
 20
-82868.02677226064
 11
367187.2194050311
 21
-82868.02677166574
 72
     1
 10
367187.2194050311
 20
-82868.02677166574
 11
367187.21940503
 21
-82872.52677284226
 72
     1
 10
367187.21940503
 20
-82872.52677284226
 11
367154.9102368082
 21
-82872.52677304824
 97
        0
 75
     1
 76
     1
 98
        1
 10
367113.6103675619
 20
-82276.97745855043
1001
GRADIENTCOLOR1ACI
1070
     5
1001
GRADIENTCOLOR2ACI
1070
     2
1001
ACAD
1010
0.0
1020
0.0
1030
0.0
  0
LWPOLYLINE
  5
564
330
4F7
100
AcDbEntity
  8
_HATCH_253
 62
   251
 48
12.0
100
AcDbPolyline
 90
       56
 70
     0
 43
0.0
 39
6.0
 10
367191.7194050183
 20
-82872.52677224738
 10
367191.7194050244
 20
-82872.52677224738
 10
367191.7194050244
 20
-82881.52677335622
 10
367094.2930549289
 20
-82881.52677335622
 10
367094.2930549289
 20
-82275.52677335622
 10
367152.9020962794
 20
-82275.52677330651
 10
367152.9020962794
 20
-82280.02677335622
 10
367103.3429646897
 20
-82280.02677335622
 10
367103.2431451681
 20
-82399.02677335622
 10
367133.6887950877
 20
-82399.0267733561
 10
367133.6849342408
 20
-82427.01880709405
 10
367178.2930549291
 20
-82427.02677335622
 10
367178.2943624778
 20
-82436.02677335622
 10
367173.7930549291
 20
-82436.02677335622
 10
367173.7930549291
 20
-82431.52677335622
 10
367120.4831685448
 20
-82431.52677335622
 10
367120.4831685448
 20
-82427.01747047149
 10
367129.1887950877
 20
-82427.01808356617
 10
367129.1887950877
 20
-82403.52677335612
 10
367098.6894921752
 20
-82403.52677335622
 10
367098.6732821608
 20
-82427.01396078014
 10
367102.4831685448
 20
-82427.01457387483
 10
367102.4831685448
 20
-82431.52677335622
 10
367098.7930549289
 20
-82431.52677335622
 10
367098.7930552755
 20
-82491.52677335622
 10
367173.7930549243
 20
-82491.57677335621
 10
367173.7930549291
 20
-82467.02852750702
 10
367178.2930447116
 20
-82467.02944128621
 10
367178.2930549289
 20
-82559.07734643227
 10
367173.793054929
 20
-82559.07729268054
 10
367173.7930549243
 20
-82557.52677335622
 10
367151.2930549289
 20
-82557.52677335622
 10
367151.2930549289
 20
-82553.02677335619
 10
367169.2930518665
 20
-82553.02676110645
 10
367169.2930518665
 20
-82496.02677335619
 10
367103.2930549264
 20
-82496.02677335622
 10
367103.2930549198
 20
-82553.02677335622
 10
367115.2930549289
 20
-82553.02677335622
 10
367115.2930549289
 20
-82557.52677335619
 10
367098.7930549243
 20
-82557.52677335622
 10
367098.7937429174
 20
-82698.52611288725
 10
367173.7930549289
 20
-82698.5261128873
 10
367173.793054929
 20
-82598.02434133648
 10
367178.2930549289
 20
-82598.02434133648
 10
367178.2930727279
 20
-82698.52677335619
 10
367189.9697903104
 20
-82698.52677335616
 10
367189.9697903104
 20
-82703.02677335616
 10
367103.2930549289
 20
-82703.02677335622
 10
367103.2930549289
 20
-82818.52677335622
 10
367152.8030429761
 20
-82818.52677335622
 10
367152.8030429761
 20
-82823.02677335622
 10
367103.2931800471
 20
-82823.02677335068
 10
367103.2936535343
 20
-82872.52677343716
 10
367187.2198785043
 20
-82872.52677222577
 10
367187.2197850198
 20
-82872.52677226062
 10
367187.2198785043
 20
-82872.52677226062
  0
LWPOLYLINE
  5
565
330
4F7
100
AcDbEntity
  8
_HATCH_253
 62
   251
 48
12.0
100
AcDbPolyline
 90
        9
 70
     0
 43
0.0
 39
6.0
 10
367182.8075378681
 20
-82818.52546580756
 10
367195.219408423
 20
-82818.52677335625
 10
367195.219408423
 20
-82823.02677335622
 10
367191.7194050509
 20
-82823.02677335625
 10
367191.719405051
 20
-82850.02677336203
 10
367187.219405051
 20
-82850.02677335705
 10
367187.219405051
 20
-82823.02677335622
 10
367182.8048874188
 20
-82823.02677335622
 10
367182.8075378681
 20
-82818.52677335622
  0
HATCH
  5
566
330
4F7
100
AcDbEntity
  8
_HATCH_253
 62
   251
 48
12.0
100
AcDbHatch
 10
0.0
 20
0.0
 30
0.0
210
0.0
220
0.0
230
1.0
  2
SOLID
 70
     1
 71
     0
 91
        3
 92
        1
 93
        6
 72
     1
 10
367212.793054929
 20
-82275.52677336917
 11
367221.793054929
 21
-82275.52677335622
 72
     1
 10
367221.793054929
 20
-82275.52677335622
 11
367221.7930549416
 21
-82283.7767733508
 72
     1
 10
367221.7930549416
 20
-82283.7767733508
 11
367217.2930549235
 21
-82283.7767733508
 72
     1
 10
367217.2930549235
 20
-82283.7767733508
 11
367217.293054929
 21
-82280.02677335622
 72
     1
 10
367217.293054929
 20
-82280.02677335622
 11
367212.7930549264
 21
-82280.02677335366
 72
     1
 10
367212.7930549264
 20
-82280.02677335366
 11
367212.793054929
 21
-82275.52677336917
 97
        0
 92
        1
 93
       12
 72
     1
 10
367217.2930546341
 20
-82304.7767733508
 11
367221.7930549525
 21
-82304.7767733508
 72
     1
 10
367221.7930549525
 20
-82304.7767733508
 11
367221.793054929
 21
-82307.52677335622
 72
     1
 10
367221.793054929
 20
-82307.52677335622
 11
367226.2930535841
 21
-82307.52677258023
 72
     1
 10
367226.2930535841
 20
-82307.52677258023
 11
367226.2930535135
 21
-82312.02677258023
 72
     1
 10
367226.2930535135
 20
-82312.02677258023
 11
367221.793054929
 21
-82312.02677335622
 72
     1
 10
367221.793054929
 20
-82312.02677335622
 11
367221.7930549285
 21
-82434.52677335628
 72
     1
 10
367221.7930549285
 20
-82434.52677335628
 11
367217.2930549285
 21
-82434.52677335628
 72
     1
 10
367217.2930549285
 20
-82434.52677335628
 11
367217.2930549291
 21
-82431.52677335619
 72
     1
 10
367217.2930549291
 20
-82431.52677335619
 11
367214.2930549291
 21
-82431.52677335622
 72
     1
 10
367214.2930549291
 20
-82431.52677335622
 11
367214.2930549291
 21
-82427.02677335622
 72
     1
 10
367214.2930549291
 20
-82427.02677335622
 11
367217.293054929
 21
-82427.02677335622
 72
     1
 10
367217.293054929
 20
-82427.02677335622
 11
367217.2930546341
 21
-82304.7767733508
 97
        0
 92
       33
 93
       26
 72
     1
 10
367329.7930549288
 20
-82726.65945583295
 11
367329.7930549288
 21
-82697.02677335619
 72
     1
 10
367329.7930549288
 20
-82697.02677335619
 11
367300.79304473
 21
-82697.02677335616
 72
     1
 10
367300.79304473
 20
-82697.02677335616
 11
367300.79304473
 21
-82692.52677335616
 72
     1
 10
367300.79304473
 20
-82692.52677335616
 11
367329.79304473
 21
-82692.52677335619
 72
     1
 10
367329.79304473
 20
-82692.52677335619
 11
367329.7930447299
 21
-82479.52677335619
 72
     1
 10
367329.7930447299
 20
-82479.52677335619
 11
367217.2930549291
 21
-82479.52677335619
 72
     1
 10
367217.2930549291
 20
-82479.52677335619
 11
367217.2930549285
 21
-82470.52677335622
 72
     1
 10
367217.2930549285
 20
-82470.52677335622
 11
367221.7930549285
 21
-82470.52677335622
 72
     1
 10
367221.7930549285
 20
-82470.52677335622
 11
367221.7930549287
 21
-82475.02677335622
 72
     1
 10
367221.7930549287
 20
-82475.02677335622
 11
367329.7930549288
 21
-82475.02677335635
 72
     1
 10
367329.7930549288
 20
-82475.02677335635
 11
367329.7935345143
 21
-82313.5255941565
 72
     1
 10
367329.7935345143
 20
-82313.5255941565
 11
367325.2930549289
 21
-82313.52559415647
 72
     1
 10
367325.2930549289
 20
-82313.52559415647
 11
367325.293054929
 21
-82288.02677335622
 72
     1
 10
367325.293054929
 20
-82288.02677335622
 11
367278.2930549289
 21
-82288.02677335622
 72
     1
 10
367278.2930549289
 20
-82288.02677335622
 11
367278.2930549288
 21
-82312.02677335622
 72
     1
 10
367278.2930549288
 20
-82312.02677335622
 11
367262.2930535605
 21
-82312.02677335622
 72
     1
 10
367262.2930535605
 20
-82312.02677335622
 11
367262.2930535605
 21
-82307.52677335622
 72
     1
 10
367262.2930535605
 20
-82307.52677335622
 11
367273.7930549289
 21
-82307.52677335624
 72
     1
 10
367273.7930549289
 20
-82307.52677335624
 11
367273.7930549289
 21
-82283.52677335622
 72
     1
 10
367273.7930549289
 20
-82283.52677335622
 11
367334.2930549291
 21
-82283.52677335622
 72
     1
 10
367334.2930549291
 20
-82283.52677335622
 11
367334.2932020692
 21
-82845.52677335622
 72
     1
 10
367334.2932020692
 20
-82845.52677335622
 11
367318.793054958
 21
-82845.52677339004
 72
     1
 10
367318.793054958
 20
-82845.52677339004
 11
367318.793054958
 21
-82841.0267733224
 72
     1
 10
367318.793054958
 20
-82841.0267733224
 11
367325.293047143
 21
-82841.02677335622
 72
     1
 10
367325.293047143
 20
-82841.02677335622
 11
367329.7930549289
 21
-82841.02677335622
 72
     1
 10
367329.7930549289
 20
-82841.02677335622
 11
367329.7930549289
 21
-82816.26136971677
 97
        0
 75
     1
 76
     1
 98
        1
 10
4009.860239345056
 20
128.9172186576179
1001
GRADIENTCOLOR1ACI
1070
     5
1001
GRADIENTCOLOR2ACI
1070
     2
1001
ACAD
1010
0.0
1020
0.0
1030
0.0
  0
LWPOLYLINE
  5
567
330
4F7
100
AcDbEntity
  8
_HATCH_253
 62
   251
 48
12.0
100
AcDbPolyline
 90
        6
 70
     1
 43
0.0
 39
6.0
 10
367212.793054929
 20
-82275.52677336917
 10
367221.793054929
 20
-82275.52677335622
 10
367221.7930549416
 20
-82283.7767733508
 10
367217.2930549235
 20
-82283.7767733508
 10
367217.293054929
 20
-82280.02677335622
 10
367212.7930549264
 20
-82280.02677335366
  0
HATCH
  5
568
330
4F7
100
AcDbEntity
  8
_HATCH_253
 62
   251
 48
12.0
100
AcDbHatch
 10
0.0
 20
0.0
 30
0.0
210
0.0
220
0.0
230
1.0
  2
SOLID
 70
     1
 71
     0
 91
        1
 92
        1
 93
       33
 72
     1
 10
367329.7930549288
 20
-82719.52559414729
 11
367329.7930549288
 21
-82697.02677335619
 72
     1
 10
367329.7930549288
 20
-82697.02677335619
 11
367300.79304473
 21
-82697.02677335616
 72
     1
 10
367300.79304473
 20
-82697.02677335616
 11
367300.79304473
 21
-82692.52677335616
 72
     1
 10
367300.79304473
 20
-82692.52677335616
 11
367329.79304473
 21
-82692.52677335619
 72
     1
 10
367329.79304473
 20
-82692.52677335619
 11
367329.7930447299
 21
-82478.02677335619
 72
     1
 10
367329.7930447299
 20
-82478.02677335619
 11
367217.2930549291
 21
-82478.02677335619
 72
     1
 10
367217.2930549291
 20
-82478.02677335619
 11
367217.2930549285
 21
-82470.52677335622
 72
     1
 10
367217.2930549285
 20
-82470.52677335622
 11
367221.7930549285
 21
-82470.52677335622
 72
     1
 10
367221.7930549285
 20
-82470.52677335622
 11
367221.7930549287
 21
-82473.52677335624
 72
     1
 10
367221.7930549287
 20
-82473.52677335624
 11
367329.7930549288
 21
-82473.52677335637
 72
     1
 10
367329.7930549288
 20
-82473.52677335637
 11
367329.7935345143
 21
-82313.5255941565
 72
     1
 10
367329.7935345143
 20
-82313.5255941565
 11
367325.2930549289
 21
-82313.52559415647
 72
     1
 10
367325.2930549289
 20
-82313.52559415647
 11
367325.2930549289
 21
-82288.02677335622
 72
     1
 10
367325.2930549289
 20
-82288.02677335622
 11
367278.2930549288
 21
-82288.02677335622
 72
     1
 10
367278.2930549288
 20
-82288.02677335622
 11
367278.2930549288
 21
-82312.02677335622
 72
     1
 10
367278.2930549288
 20
-82312.02677335622
 11
367262.2930535605
 21
-82312.02677335622
 72
     1
 10
367262.2930535605
 20
-82312.02677335622
 11
367262.2930535605
 21
-82307.52677335622
 72
     1
 10
367262.2930535605
 20
-82307.52677335622
 11
367273.7930549289
 21
-82307.52677335624
 72
     1
 10
367273.7930549289
 20
-82307.52677335624
 11
367273.7930549289
 21
-82283.52677335622
 72
     1
 10
367273.7930549289
 20
-82283.52677335622
 11
367334.2930549291
 21
-82283.52677335622
 72
     1
 10
367334.2930549291
 20
-82283.52677335622
 11
367334.2932020692
 21
-82845.52677335622
 72
     1
 10
367334.2932020692
 20
-82845.52677335622
 11
367318.793054958
 21
-82845.52677339004
 72
     1
 10
367318.793054958
 20
-82845.52677339004
 11
367318.793054958
 21
-82841.0267733224
 72
     1
 10
367318.793054958
 20
-82841.0267733224
 11
367325.293047143
 21
-82841.02677335622
 72
     1
 10
367325.293047143
 20
-82841.02677335622
 11
367329.7930549289
 21
-82841.02677335622
 72
     1
 10
367329.7930549289
 20
-82841.02677335622
 11
367329.7930549289
 21
-82824.5255942843
 72
     1
 10
367329.7930549289
 20
-82824.5255942843
 11
367325.2935371652
 21
-82824.5255942843
 72
     1
 10
367325.2935371652
 20
-82824.5255942843
 11
367325.2935371652
 21
-82815.5255942843
 72
     1
 10
367325.2935371652
 20
-82815.5255942843
 11
367329.7930549289
 21
-82815.5255942843
 72
     1
 10
367329.7930549289
 20
-82815.5255942843
 11
367329.7930549288
 21
-82728.52559414729
 72
     1
 10
367329.7930549288
 20
-82728.52559414729
 11
367325.2935242965
 21
-82728.52559414729
 72
     1
 10
367325.2935242965
 20
-82728.52559414729
 11
367325.2935242965
 21
-82719.52559414729
 72
     1
 10
367325.2935242965
 20
-82719.52559414729
 11
367329.7930549288
 21
-82719.52559414729
 97
        0
 75
     1
 76
     1
 98
        1
 10
4009.860239345056
 20
128.9172186576179
1001
GRADIENTCOLOR1ACI
1070
     5
1001
GRADIENTCOLOR2ACI
1070
     2
1001
ACAD
1010
0.0
1020
0.0
1030
0.0
  0
LWPOLYLINE
  5
569
330
4F7
100
AcDbEntity
  8
_HATCH_253
 62
   251
 48
12.0
100
AcDbPolyline
 90
       33
 70
     1
 43
0.0
 39
6.0
 10
367329.7930549288
 20
-82719.52559414729
 10
367329.7930549288
 20
-82697.02677335619
 10
367300.79304473
 20
-82697.02677335616
 10
367300.79304473
 20
-82692.52677335616
 10
367329.79304473
 20
-82692.52677335619
 10
367329.7930447299
 20
-82478.02677335619
 10
367217.2930549291
 20
-82478.02677335619
 10
367217.2930549285
 20
-82470.52677335622
 10
367221.7930549285
 20
-82470.52677335622
 10
367221.7930549287
 20
-82473.52677335622
 10
367329.7930549288
 20
-82473.52677335635
 10
367329.7935345143
 20
-82313.5255941565
 10
367325.2930549289
 20
-82313.52559415647
 10
367325.293054929
 20
-82288.02677335622
 10
367278.2930549289
 20
-82288.02677335622
 10
367278.2930549288
 20
-82312.02677335622
 10
367262.2930535605
 20
-82312.02677335622
 10
367262.2930535605
 20
-82307.52677335622
 10
367273.7930549289
 20
-82307.52677335624
 10
367273.7930549289
 20
-82283.52677335622
 10
367334.2930549291
 20
-82283.52677335622
 10
367334.2932020692
 20
-82845.52677335622
 10
367318.793054958
 20
-82845.52677339004
 10
367318.793054958
 20
-82841.0267733224
 10
367325.293047143
 20
-82841.02677335622
 10
367329.7930549289
 20
-82841.02677335622
 10
367329.7930549289
 20
-82824.5255942843
 10
367325.2935371652
 20
-82824.5255942843
 10
367325.2935371652
 20
-82815.5255942843
 10
367329.7930549289
 20
-82815.5255942843
 10
367329.7930549288
 20
-82728.52559414729
 10
367325.2935242965
 20
-82728.52559414729
 10
367325.2935242965
 20
-82719.52559414729
  0
INSERT
  5
56A
330
4F7
100
AcDbEntity
  8
_HATCH_253
 62
   251
100
AcDbBlockReference
  2
IUGUR6R
 10
4009.860239345056
 20
128.9172186576179
 30
0.0
  0
LWPOLYLINE
  5
585
330
4F7
100
AcDbEntity
  8
_HATCH_253
 62
   251
 48
12.0
100
AcDbPolyline
 90
       12
 70
     1
 43
0.0
 39
6.0
 10
367217.2930546341
 20
-82304.7767733508
 10
367221.7930549525
 20
-82304.7767733508
 10
367221.793054929
 20
-82307.52677335622
 10
367226.2930535841
 20
-82307.52677258023
 10
367226.2930535135
 20
-82312.02677258023
 10
367221.793054929
 20
-82312.02677335622
 10
367221.7930549285
 20
-82434.52677335628
 10
367217.2930549285
 20
-82434.52677335628
 10
367217.2930549291
 20
-82431.52677335619
 10
367214.2930549291
 20
-82431.52677335622
 10
367214.2930549291
 20
-82427.02677335622
 10
367217.293054929
 20
-82427.02677335622
  0
HATCH
  5
586
330
4F7
100
AcDbEntity
  8
_HATCH_253
 62
   251
 48
12.0
100
AcDbHatch
 10
0.0
 20
0.0
 30
0.0
210
0.0
220
0.0
230
1.0
  2
SOLID
 70
     1
 71
     0
 91
        1
 92
        1
 93
       14
 72
     1
 10
367257.7035026902
 20
-82692.52677335622
 11
367257.7035026902
 21
-82841.02677335622
 72
     1
 10
367257.7035026902
 20
-82841.02677335622
 11
367264.6567023412
 21
-82841.02677335622
 72
     1
 10
367264.6567023412
 20
-82841.02677335622
 11
367264.6567023412
 21
-82845.52677335622
 72
     1
 10
367264.6567023412
 20
-82845.52677335622
 11
367253.2035026902
 21
-82845.52677335622
 72
     1
 10
367253.2035026902
 20
-82845.52677335622
 11
367253.2035026902
 21
-82823.02677335625
 72
     1
 10
367253.2035026902
 20
-82823.02677335625
 11
367249.293058301
 21
-82823.02677335622
 72
     1
 10
367249.293058301
 20
-82823.02677335622
 11
367249.293058301
 21
-82818.52677335625
 72
     1
 10
367249.293058301
 20
-82818.52677335625
 11
367253.2035026901
 21
-82818.52677335625
 72
     1
 10
367253.2035026901
 20
-82818.52677335625
 11
367253.2035026902
 21
-82703.02677335619
 72
     1
 10
367253.2035026902
 20
-82703.02677335619
 11
367225.9673045389
 21
-82703.02677335613
 72
     1
 10
367225.9673045389
 20
-82703.02677335613
 11
367225.9673045389
 21
-82698.52677335613
 72
     1
 10
367225.9673045389
 20
-82698.52677335613
 11
367253.2035026901
 21
-82698.5267733562
 72
     1
 10
367253.2035026901
 20
-82698.5267733562
 11
367253.2035026901
 21
-82692.52677335622
 72
     1
 10
367253.2035026901
 20
-82692.52677335622
 11
367257.7035026902
 21
-82692.52677335622
 97
        0
 75
     1
 76
     1
 98
        1
 10
4009.860239345056
 20
128.9172186576179
1001
GRADIENTCOLOR1ACI
1070
     5
1001
GRADIENTCOLOR2ACI
1070
     2
1001
ACAD
1010
0.0
1020
0.0
1030
0.0
  0
LWPOLYLINE
  5
587
330
4F7
100
AcDbEntity
  8
_HATCH_253
 62
   251
 48
12.0
100
AcDbPolyline
 90
       14
 70
     1
 43
0.0
 39
6.0
 10
367257.7035026902
 20
-82692.52677335622
 10
367257.7035026902
 20
-82841.02677335622
 10
367264.6567023412
 20
-82841.02677335622
 10
367264.6567023412
 20
-82845.52677335622
 10
367253.2035026902
 20
-82845.52677335622
 10
367253.2035026902
 20
-82823.02677335625
 10
367249.293058301
 20
-82823.02677335622
 10
367249.293058301
 20
-82818.52677335625
 10
367253.2035026901
 20
-82818.52677335625
 10
367253.2035026902
 20
-82703.02677335619
 10
367225.9673045389
 20
-82703.02677335613
 10
367225.9673045389
 20
-82698.52677335613
 10
367253.2035026901
 20
-82698.5267733562
 10
367253.2035026901
 20
-82692.52677335622
  0
LWPOLYLINE
  5
588
330
4F7
100
AcDbEntity
  8
_HATCH_253
  6
DASHED2
 62
   251
 48
20.0
100
AcDbPolyline
 90
        4
 70
     1
 43
0.0
 10
367262.2930535605
 20
-82312.02677335622
 10
367226.2930535605
 20
-82312.02677335622
 10
367226.2930535605
 20
-82307.52677335622
 10
367262.2930535605
 20
-82307.52677335622
  0
LWPOLYLINE
  5
589
330
4F7
100
AcDbEntity
  8
_HATCH_253
 62
   251
 48
12.0
100
AcDbPolyline
 90
        4
 70
     0
 43
0.0
 39
6.0
 10
367103.2922332013
 20
-82850.02590491262
 10
367098.7931800766
 20
-82850.02590491815
 10
367098.7931801061
 20
-82868.02677340787
 10
367103.2922332013
 20
-82868.02677340234
  0
INSERT
  5
58A
330
4F7
100
AcDbEntity
  8
_HATCH_253
 62
   251
 48
10.0
100
AcDbBlockReference
  2
A$C65C017E6
 10
367308.4464561696
 20
-82745.09966843718
 30
0.0
 41
0.8
 42
0.8
 43
0.8
  0
LWPOLYLINE
  5
58B
330
4F7
100
AcDbEntity
  8
_HATCH_253
 62
   251
100
AcDbPolyline
 90
        4
 70
     1
 43
0.0
 10
367121.3217530414
 20
-82305.42677335623
 10
367103.3217530414
 20
-82305.42677335623
 10
367103.3217530414
 20
-82287.42677335623
 10
367121.3217530414
 20
-82287.42677335623
  0
LWPOLYLINE
  5
58C
330
4F7
100
AcDbEntity
  8
_HATCH_253
 62
   251
100
AcDbPolyline
 90
        4
 70
     1
 43
0.0
 10
367121.2930549289
 20
-82389.46188296501
 10
367103.2930549289
 20
-82389.46188296501
 10
367103.2930549289
 20
-82371.46188296501
 10
367121.2930549289
 20
-82371.46188296501
  0
LWPOLYLINE
  5
58D
330
4F7
100
AcDbEntity
  8
_HATCH_253
 62
   251
 48
12.0
100
AcDbPolyline
 90
        4
 70
     0
 43
0.0
 39
6.0
 10
367154.9102368082
 20
-82872.52677265934
 10
367154.9102368082
 20
-82877.2767655413
 10
367124.339771136
 20
-82877.2767655413
 10
367124.339771136
 20
-82872.52677311646
  0
LINE
  5
58E
330
4F7
100
AcDbEntity
  8
_HATCH_253
 62
   251
 48
0.2
100
AcDbLine
 10
367161.5668302609
 20
-82870.52679466127
 30
0.0000000406518592
 11
367161.5668302907
 21
-82852.77679466127
 31
0.0000000406518592
  0
LINE
  5
58F
330
4F7
100
AcDbEntity
  8
_HATCH_253
 62
   251
 48
0.2
100
AcDbLine
 10
367161.5668302907
 20
-82852.77679466127
 30
0.0000000406518592
 11
367185.2194860401
 21
-82852.77679466127
 31
0.0
  0
LWPOLYLINE
  5
590
330
4F7
100
AcDbEntity
  8
_HATCH_253
 62
   251
 48
12.0
100
AcDbPolyline
 90
        5
 70
     0
 43
0.0
 10
367187.2198785043
 20
-82872.52677224738
 10
367187.2194050305
 20
-82872.52677224738
 10
367187.2194050305
 20
-82868.02677226064
 10
367191.7194050244
 20
-82868.02677226064
 10
367191.71940502
 20
-82872.52677224738
  0
LWPOLYLINE
  5
591
330
4F7
100
AcDbEntity
  8
_HATCH_253
 62
   251
 48
0.2
100
AcDbPolyline
 90
        4
 70
     1
 43
0.0
 10
367135.9684549927
 20
-82469.08375597783
 10
367100.4867778096
 20
-82469.08375616165
 10
367100.4867778096
 20
-82489.83375636829
 10
367135.9684549927
 20
-82489.83375618447
  0
CIRCLE
  5
592
330
4F7
100
AcDbEntity
  8
_HATCH_253
 62
   251
 48
0.2
100
AcDbCircle
 10
367119.5363320269
 20
-82479.45875626491
 30
0.0
 40
8.0
  0
CIRCLE
  5
593
330
4F7
100
AcDbEntity
  8
_HATCH_253
 62
   251
 48
0.2
100
AcDbCircle
 10
367119.5363320269
 20
-82479.45875626491
 30
0.0
 40
7.0
  0
LWPOLYLINE
  5
594
330
4F7
100
AcDbEntity
  8
_HATCH_253
 62
   251
 48
0.2
100
AcDbPolyline
 90
        4
 70
     1
 43
0.0
 10
367116.3886379271
 20
-82490.22480065623
 10
367115.4422834222
 20
-82489.90167041778
 10
367117.3791939785
 20
-82484.20176541488
 10
367118.3255484834
 20
-82484.52489565333
  0
LINE
  5
595
330
4F7
100
AcDbEntity
  8
_HATCH_253
 62
   251
 48
10.0
100
AcDbLine
 10
367334.2933571756
 20
-82845.52559415648
 30
-0.0000000000000033
 11
367325.2933571756
 21
-82845.52559415648
 31
-0.0000000000000033
  0
LINE
  5
596
330
4F7
100
AcDbEntity
  8
_HATCH_253
 62
   251
 48
10.0
100
AcDbLine
 10
367103.2933571756
 20
-82845.52559415648
 30
-0.0000000000000033
 11
367094.2933571756
 21
-82845.52559415648
 31
-0.0000000000000033
  0
LINE
  5
597
330
4F7
100
AcDbEntity
  8
_HATCH_253
 62
   251
 48
10.0
100
AcDbLine
 10
367178.2933571756
 20
-82553.02559415645
 30
-0.0000000000000033
 11
367178.2933571756
 21
-82553.02559415642
 31
-0.0000000000000033
  0
LINE
  5
598
330
4F7
100
AcDbEntity
  8
_HATCH_253
 62
   251
 48
10.0
100
AcDbLine
 10
367178.2933571755
 20
-82553.02559415648
 30
-0.0000000000000033
 11
367178.2933571755
 21
-82553.02559415648
 31
-0.0000000000000033
  0
INSERT
  5
599
330
4F7
100
AcDbEntity
  8
_HATCH_253
 62
   251
 48
10.0
100
AcDbBlockReference
  2
D3'
 10
367226.2930535605
 20
-82307.52677335622
 30
0.0
 41
0.9999309507931979
 42
0.9999309507931979
 43
0.9999309507931979
 50
180.0
  0
INSERT
  5
59A
330
4F7
100
AcDbEntity
  8
_HATCH_253
  6
BYBLOCK
 62
   251
100
AcDbBlockReference
  2
RF
 10
236961.6896729085
 20
-13216.25931470926
 30
0.0
 41
0.7212602148737174
 42
0.7212602148737174
 43
0.7212602148737174
  0
INSERT
  5
59B
330
4F7
100
AcDbEntity
  8
_HATCH_253
  6
BYBLOCK
 62
   251
100
AcDbBlockReference
  2
RF
 10
236944.2136550167
 20
-13601.70933938173
 30
0.0
 41
0.7212602148737174
 42
0.7212602148737174
 43
0.7212602148737174
  0
INSERT
  5
59C
330
4F7
100
AcDbEntity
  8
_HATCH_253
 62
   251
100
AcDbBlockReference
  2
RGFGFFJHNGF
 10
367254.2863305262
 20
-79179.76370696064
 30
0.0
 41
-0.2466082338263244
 42
0.2466082338263244
 43
0.2466082338263244
 50
270.0
  0
INSERT
  5
59D
330
4F7
100
AcDbEntity
  8
_HATCH_253
 62
   251
100
AcDbBlockReference
  2
SDFCDFC
 10
367168.7298513242
 20
-82679.66977771904
 30
0.0
 41
0.6299569159480554
 42
0.6299569159480554
 43
0.6299569159480554
 50
270.0
  0
INSERT
  5
59E
330
4F7
100
AcDbEntity
  8
_HATCH_253
 62
   251
100
AcDbBlockReference
  2
YTRYETY
 10
-417582.9692023973
 20
16569.55554539133
 30
-0.0000000000000033
 41
-1.0
 43
-1.0
 50
84.15017993254243
210
0.0
220
0.0
230
-1.0
  0
INSERT
  5
59F
330
4F7
100
AcDbEntity
  8
_HATCH_253
 62
   251
100
AcDbBlockReference
  2
WASTE
 10
367097.1997480257
 20
-82819.24141660803
 30
0.0000000000000033
 41
-0.999999999999998
 42
0.999999999999998
 50
104.623058545364
1001
AEC_XDATA_BOUND_SPACE
1000

  0
INSERT
  5
5A0
330
4F7
100
AcDbEntity
  8
_HATCH_253
 62
   251
100
AcDbBlockReference
  2
R_W_P
 10
-367099.0123107671
 20
-82811.451369525
 30
-0.0000000000000033
 41
-0.9999999999999989
 42
0.9999999999999989
 43
-0.9999999999999989
 50
358.7661657752257
210
0.0
220
0.0
230
-1.0
1001
AEC_XDATA_BOUND_SPACE
1000

  0
INSERT
  5
5A1
330
4F7
100
AcDbEntity
  8
_HATCH_253
 62
   251
100
AcDbBlockReference
  2
R_W_P
 10
-367330.2129610137
 20
-82819.26188101245
 30
-0.0000000000000033
 41
-0.9999999999999989
 42
0.9999999999999989
 43
-0.9999999999999989
 50
358.7661657752257
210
0.0
220
0.0
230
-1.0
1001
AEC_XDATA_BOUND_SPACE
1000

  0
INSERT
  5
5A2
330
4F7
100
AcDbEntity
  8
_HATCH_253
 62
   251
100
AcDbBlockReference
  2
R_W_P
 10
-367330.2129610137
 20
-82721.5172511731
 30
-0.0000000000000033
 41
-0.9999999999999989
 42
0.9999999999999989
 43
-0.9999999999999989
 50
358.7661657752257
210
0.0
220
0.0
230
-1.0
1001
AEC_XDATA_BOUND_SPACE
1000

  0
INSERT
  5
5A3
330
4F7
100
AcDbEntity
  8
_HATCH_253
 62
   251
100
AcDbBlockReference
  2
R_W_P
 10
-367331.4082682229
 20
-82311.55425727184
 30
0.0
 41
-0.9999999999999989
 42
0.9999999999999989
 43
-0.9999999999999989
 50
358.7661657752257
210
0.0
220
0.0
230
-1.0
1001
AEC_XDATA_BOUND_SPACE
1000

  0
INSERT
  5
5A4
330
4F7
100
AcDbEntity
  8
_HATCH_253
 62
   251
100
AcDbBlockReference
  2
R_W_P
 10
-367099.780594925
 20
-82303.53886968773
 30
-0.0000000000000033
 41
-0.9999999999999989
 42
0.9999999999999989
 43
-0.9999999999999989
 50
358.7661657752257
210
0.0
220
0.0
230
-1.0
1001
AEC_XDATA_BOUND_SPACE
1000

  0
INSERT
  5
5A5
330
4F7
100
AcDbEntity
  8
_HATCH_253
 62
   251
100
AcDbBlockReference
  2
YTRYETY
 10
-417585.0546517853
 20
16964.27965678833
 30
-0.0000000000000067
 41
-1.0
 43
-1.0
 50
84.15017993254243
210
0.0
220
0.0
230
-1.0
  0
INSERT
  5
5A6
330
4F7
100
AcDbEntity
  8
_HATCH_253
 62
   251
100
AcDbBlockReference
  2
WASTE
 10
367099.2960298742
 20
-82424.37528143726
 30
0.0
 41
-0.999999999999998
 42
0.999999999999998
 50
104.623058545364
1001
AEC_XDATA_BOUND_SPACE
1000

  0
LWPOLYLINE
  5
5A7
330
4F7
100
AcDbEntity
  8
_HATCH_253
 62
   251
 48
10.0
100
AcDbPolyline
 90
        2
 70
     0
 43
0.0
 10
367136.293054929
 20
-82662.52677335619
 10
367136.293054929
 20
-82698.52611288727
  0
INSERT
  5
5A8
330
4F7
100
AcDbEntity
  8
_HATCH_253
 62
   251
 48
10.0
100
AcDbBlockReference
  2
D3'
 10
367178.087343771
 20
-82436.02725075696
 30
0.0
 41
0.8333333333333095
 42
0.8333333333333095
 43
0.8333333333333095
 50
90.0
  0
LINE
  5
5A9
330
4F7
100
AcDbEntity
  8
_HATCH_253
 62
   251
 48
10.0
100
AcDbLine
 10
367137.793054929
 20
-82599.52677335619
 30
0.0
 11
367173.7930549289
 21
-82599.52677335619
 31
0.0
  0
LINE
  5
5AA
330
4F7
100
AcDbEntity
  8
_HATCH_253
  6
BYBLOCK
100
AcDbLine
 10
367257.791448765
 20
-82490.35488928812
 30
0.0
 11
367263.6469820209
 21
-82490.35488928812
 31
0.0
  0
LINE
  5
5AB
330
4F7
100
AcDbEntity
  8
_HATCH_253
  6
BYBLOCK
100
AcDbLine
 10
367272.6783902091
 20
-82490.35488928812
 30
0.0
 11
367281.791448765
 21
-82490.35488928811
 31
0.0
  0
LINE
  5
5AC
330
4F7
100
AcDbEntity
  8
_HATCH_253
  6
BYBLOCK
100
AcDbLine
 10
367256.3960999284
 20
-82503.5524413056
 30
0.0
 11
367257.791448765
 21
-82503.5524413056
 31
0.0
  0
ARC
  5
5AD
330
4F7
100
AcDbEntity
  8
_HATCH_253
  6
BYBLOCK
100
AcDbCircle
 10
367260.0240069046
 20
-82504.94779014378
 30
0.0
 40
2.232558139375568
100
AcDbArc
 50
180.0
 51
270.0
  0
ARC
  5
5AE
330
4F7
100
AcDbEntity
  8
_HATCH_253
  6
BYBLOCK
100
AcDbCircle
 10
367256.3960999284
 20
-82501.31988316755
 30
0.0
 40
2.232558139375568
100
AcDbArc
 50
180.0
 51
270.0
  0
LINE
  5
5AF
330
4F7
100
AcDbEntity
  8
_HATCH_253
  6
BYBLOCK
100
AcDbLine
 10
367260.0240069046
 20
-82507.18034828182
 30
0.0
 11
367279.5588906255
 21
-82507.1803482818
 31
0.0
  0
ARC
  5
5B0
330
4F7
100
AcDbEntity
  8
_HATCH_253
  6
BYBLOCK
100
AcDbCircle
 10
367283.1867976017
 20
-82501.31988316754
 30
0.0
 40
2.232558139375568
100
AcDbArc
 50
270.0
 51
0.0
  0
LINE
  5
5B1
330
4F7
100
AcDbEntity
  8
_HATCH_253
  6
BYBLOCK
100
AcDbLine
 10
367281.791448765
 20
-82504.94779014376
 30
0.0
 11
367281.791448765
 21
-82503.55244130558
 31
0.0
  0
LINE
  5
5B2
330
4F7
100
AcDbEntity
  8
_HATCH_253
  6
BYBLOCK
100
AcDbLine
 10
367283.1867976017
 20
-82503.55244130558
 30
0.0
 11
367281.791448765
 21
-82503.55244130558
 31
0.0
  0
ARC
  5
5B3
330
4F7
100
AcDbEntity
  8
_HATCH_253
  6
BYBLOCK
100
AcDbCircle
 10
367279.5588906255
 20
-82504.94779014376
 30
0.0
 40
2.232558139375568
100
AcDbArc
 50
270.0
 51
0.0
  0
LINE
  5
5B4
330
4F7
100
AcDbEntity
  8
_HATCH_253
  6
BYBLOCK
100
AcDbLine
 10
367254.1635417888
 20
-82482.39503616629
 30
0.0
 11
367285.4193557397
 21
-82482.39503616627
 31
0.0
  0
LINE
  5
5B5
330
4F7
100
AcDbEntity
  8
_HATCH_253
  6
BYBLOCK
100
AcDbLine
 10
367263.603914519
 20
-82493.48164985185
 30
0.0
 11
367273.0089665736
 21
-82493.87999411403
 31
0.0
  0
ARC
  5
5B6
330
4F7
100
AcDbEntity
  8
_HATCH_253
  6
BYBLOCK
100
AcDbCircle
 10
367271.3727075162
 20
-82458.98176670488
 30
0.0
 40
28.84878961030735
100
AcDbArc
 50
255.9598063969258
 51
274.4010181846178
  0
LINE
  5
5B7
330
4F7
100
AcDbEntity
  8
_HATCH_253
  6
BYBLOCK
100
AcDbLine
 10
367281.791448765
 20
-82486.72698231034
 30
0.0
 11
367257.791448765
 21
-82486.72698231036
 31
0.0
  0
ARC
  5
5B8
330
4F7
100
AcDbEntity
  8
_HATCH_253
  6
BYBLOCK
100
AcDbCircle
 10
367280.2458670852
 20
-82492.14719656625
 30
0.0
 40
16.69536914176218
100
AcDbArc
 50
161.9302614785411
 51
184.5845160799371
  0
ARC
  5
5B9
330
4F7
100
AcDbEntity
  8
_HATCH_253
  6
BYBLOCK
100
AcDbCircle
 10
367280.0140519884
 20
-82491.44502027293
 30
0.0
 40
7.416220013493307
100
AcDbArc
 50
150.0765314480235
 51
199.1674963421511
  0
LINE
  5
5BA
330
4F7
100
AcDbEntity
  8
_HATCH_253
  6
BYBLOCK
100
AcDbLine
 10
367254.1635417888
 20
-82501.31988316755
 30
0.0
 11
367254.1635417888
 21
-82482.39503616629
 31
0.0
  0
LINE
  5
5BB
330
4F7
100
AcDbEntity
  8
_HATCH_253
  6
BYBLOCK
100
AcDbLine
 10
367257.791448765
 20
-82486.72698231036
 30
0.0
 11
367257.791448765
 21
-82504.94779014378
 31
0.0
  0
LINE
  5
5BC
330
4F7
100
AcDbEntity
  8
_HATCH_253
  6
BYBLOCK
100
AcDbLine
 10
367281.791448765
 20
-82503.55244130558
 30
0.0
 11
367281.791448765
 21
-82486.72698231034
 31
0.0
  0
LINE
  5
5BD
330
4F7
100
AcDbEntity
  8
_HATCH_253
  6
BYBLOCK
100
AcDbLine
 10
367285.4193557397
 20
-82482.39503616627
 30
0.0
 11
367285.4193557397
 21
-82501.31988316754
 31
0.0
  0
LINE
  5
5BE
330
4F7
100
AcDbEntity
  8
_HATCH_253
100
AcDbLine
 10
367298.6597215956
 20
-82537.16212469438
 30
0.0
 11
367323.5263882623
 21
-82537.16212469438
 31
0.0
  0
LINE
  5
5BF
330
4F7
100
AcDbEntity
  8
_HATCH_253
100
AcDbLine
 10
367319.2597215956
 20
-82562.05101358643
 30
0.0
 11
367319.2597215956
 21
-82561.42388727993
 31
0.0
  0
LINE
  5
5C0
330
4F7
100
AcDbEntity
  8
_HATCH_253
100
AcDbLine
 10
367312.2160860543
 20
-82557.39099303412
 30
0.0
 11
367315.0970556184
 21
-82563.64513875998
 31
0.0
  0
LINE
  5
5C1
330
4F7
100
AcDbEntity
  8
_HATCH_253
100
AcDbLine
 10
367317.81149515
 20
-82553.71208378361
 30
0.0
 11
367312.2160860543
 21
-82557.39099303412
 31
0.0
  0
ARC
  5
5C2
330
4F7
100
AcDbEntity
  8
_HATCH_253
100
AcDbCircle
 10
367326.9536066074
 20
-82552.12590724108
 30
0.0
 40
9.27869376175632
100
AcDbArc
 50
189.8429573912045
 51
237.6699272018487
  0
LINE
  5
5C3
330
4F7
100
AcDbEntity
  8
_HATCH_253
100
AcDbLine
 10
367315.0970556184
 20
-82563.64513875998
 30
0.0
 11
367321.9913989685
 21
-82559.96622950947
 31
0.0
  0
LINE
  5
5C4
330
4F7
100
AcDbEntity
  8
_HATCH_253
100
AcDbLine
 10
367319.2597215956
 20
-82557.3122635101
 30
0.0
 11
367319.2597215956
 21
-82524.94137476585
 31
0.0
  0
LINE
  5
5C5
330
4F7
100
AcDbEntity
  8
_HATCH_253
100
AcDbLine
 10
367319.2597215956
 20
-82524.00045190749
 30
0.0
 11
367319.2597215956
 21
-82518.48496682043
 31
0.0
  0
LINE
  5
5C6
330
4F7
100
AcDbEntity
  8
_HATCH_253
100
AcDbLine
 10
367315.2189926252
 20
-82510.64630186686
 30
0.0
 11
367321.1586895873
 21
-82516.58599882884
 31
0.0
  0
LINE
  5
5C7
330
4F7
100
AcDbEntity
  8
_HATCH_253
100
AcDbLine
 10
367309.2792956632
 20
-82516.58599882884
 30
0.0
 11
367315.2189926252
 21
-82510.64630186686
 31
0.0
  0
LINE
  5
5C8
330
4F7
100
AcDbEntity
  8
_HATCH_253
100
AcDbLine
 10
367312.8246191285
 20
-82520.13132229401
 30
0.0
 11
367309.2792956632
 21
-82516.58599882884
 31
0.0
  0
ARC
  5
5C9
330
4F7
100
AcDbEntity
  8
_HATCH_253
100
AcDbCircle
 10
367322.9048893126
 20
-82515.47041416296
 30
0.0
 40
9.276248789697744
100
AcDbArc
 50
198.0785059804822
 51
251.9214940195967
  0
ARC
  5
5CA
330
4F7
100
AcDbEntity
  8
_HATCH_253
100
AcDbCircle
 10
367298.3241260371
 20
-82508.52625270563
 30
0.0
 40
18.5726126338077
100
AcDbArc
 50
301.9301103214099
 51
328.0698896763535
  0
LINE
  5
5CB
330
4F7
100
AcDbEntity
  8
_HATCH_253
100
AcDbLine
 10
367321.1586895873
 20
-82516.58599882884
 30
0.0
 11
367316.0378662086
 21
-82521.70682220746
 31
0.0
  0
LINE
  5
5CC
330
4F7
100
AcDbEntity
  8
_HATCH_253
100
AcDbLine
 10
367319.2597215956
 20
-82514.68703083723
 30
0.0
 11
367319.2597215956
 21
-82512.27323580699
 31
0.0
  0
LINE
  5
5CD
330
4F7
100
AcDbEntity
  8
_HATCH_253
100
AcDbLine
 10
367312.515840113
 20
-82530.68317968311
 30
0.0
 11
367308.1468914415
 21
-82524.28871507209
 31
0.0
  0
LINE
  5
5CE
330
4F7
100
AcDbEntity
  8
_HATCH_253
100
AcDbLine
 10
367320.0262853655
 20
-82524.28871507209
 30
0.0
 11
367312.515840113
 21
-82530.68317968311
 31
0.0
  0
LINE
  5
5CF
330
4F7
100
AcDbEntity
  8
_HATCH_253
100
AcDbLine
 10
367300.5263882623
 20
-82562.05101358643
 30
0.0
 11
367301.9263882622
 21
-82562.05101358643
 31
0.0
  0
ARC
  5
5D0
330
4F7
100
AcDbEntity
  8
_HATCH_253
100
AcDbCircle
 10
367300.5263882623
 20
-82560.18434691976
 30
0.0
 40
1.866666666671216
100
AcDbArc
 50
180.0
 51
270.0
  0
LINE
  5
5D1
330
4F7
100
AcDbEntity
  8
_HATCH_253
100
AcDbLine
 10
367298.6597215956
 20
-82514.13990247366
 30
0.0
 11
367298.6597215956
 21
-82560.18434691976
 31
0.0
  0
ARC
  5
5D2
330
4F7
100
AcDbEntity
  8
_HATCH_253
100
AcDbCircle
 10
367300.5263882623
 20
-82514.13990247366
 30
0.0
 40
1.866666666672277
100
AcDbArc
 50
90.0
 51
180.0
  0
LINE
  5
5D3
330
4F7
100
AcDbEntity
  8
_HATCH_253
100
AcDbLine
 10
367301.9263882622
 20
-82512.27323580699
 30
0.0
 11
367300.5263882623
 21
-82512.27323580699
 31
0.0
  0
LINE
  5
5D4
330
4F7
100
AcDbEntity
  8
_HATCH_253
100
AcDbLine
 10
367304.7263882622
 20
-82566.71768025312
 30
0.0
 11
367328.793054929
 21
-82566.71768025312
 31
0.0
  0
LINE
  5
5D5
330
4F7
100
AcDbEntity
  8
_HATCH_253
100
AcDbLine
 10
367314.3627225364
 20
-82562.05101358643
 30
0.0
 11
367301.9263882622
 21
-82562.05101358643
 31
0.0
  0
LINE
  5
5D6
330
4F7
100
AcDbEntity
  8
_HATCH_253
100
AcDbLine
 10
367323.5263882623
 20
-82562.05101358643
 30
0.0
 11
367318.0844754054
 21
-82562.05101358643
 31
0.0
  0
ARC
  5
5D7
330
4F7
100
AcDbEntity
  8
_HATCH_253
100
AcDbCircle
 10
367304.7263882622
 20
-82563.9176802531
 30
0.0
 40
2.800000000007779
100
AcDbArc
 50
180.0
 51
270.0
  0
LINE
  5
5D8
330
4F7
100
AcDbEntity
  8
_HATCH_253
100
AcDbLine
 10
367301.9263882622
 20
-82562.05101358643
 30
0.0
 11
367301.9263882622
 21
-82563.9176802531
 31
0.0
  0
LINE
  5
5D9
330
4F7
100
AcDbEntity
  8
_HATCH_253
100
AcDbLine
 10
367301.9263882622
 20
-82512.27323580699
 30
0.0
 11
367313.5920586851
 21
-82512.27323580699
 31
0.0
  0
LINE
  5
5DA
330
4F7
100
AcDbEntity
  8
_HATCH_253
100
AcDbLine
 10
367328.793054929
 20
-82507.6065691403
 30
0.0
 11
367304.7263882622
 21
-82507.6065691403
 31
0.0
  0
LINE
  5
5DB
330
4F7
100
AcDbEntity
  8
_HATCH_253
100
AcDbLine
 10
367316.8459265654
 20
-82512.27323580699
 30
0.0
 11
367323.5263882623
 21
-82512.27323580699
 31
0.0
  0
LINE
  5
5DC
330
4F7
100
AcDbEntity
  8
_HATCH_253
100
AcDbLine
 10
367301.9263882622
 20
-82510.40656914032
 30
0.0
 11
367301.9263882622
 21
-82512.27323580699
 31
0.0
  0
ARC
  5
5DD
330
4F7
100
AcDbEntity
  8
_HATCH_253
100
AcDbCircle
 10
367304.7263882622
 20
-82510.40656914032
 30
0.0
 40
2.800000000007779
100
AcDbArc
 50
90.0
 51
180.0
  0
LINE
  5
5DE
330
4F7
100
AcDbEntity
  8
_HATCH_253
100
AcDbLine
 10
367323.5263882623
 20
-82512.27323580699
 30
0.0
 11
367323.5263882623
 21
-82562.05101358643
 31
0.0
  0
LINE
  5
5DF
330
4F7
100
AcDbEntity
  8
_HATCH_253
100
AcDbLine
 10
367328.793054929
 20
-82566.71768025312
 30
0.0
 11
367328.793054929
 21
-82507.6065691403
 31
0.0
  0
LINE
  5
5E0
330
4F7
100
AcDbEntity
  8
_HATCH_253
  6
BYBLOCK
100
AcDbLine
 10
367261.217198425
 20
-82557.14708383371
 30
0.0
 11
367262.1215923652
 21
-82557.14708383371
 31
0.0
  0
LINE
  5
5E1
330
4F7
100
AcDbEntity
  8
_HATCH_253
  6
BYBLOCK
100
AcDbLine
 10
367260.8554408504
 20
-82556.78532625725
 30
0.0
 11
367261.217198425
 21
-82557.14708383371
 31
0.0
  0
LINE
  5
5E2
330
4F7
100
AcDbEntity
  8
_HATCH_253
  6
BYBLOCK
100
AcDbLine
 10
367260.8554408504
 20
-82555.88093231794
 30
0.0
 11
367260.8554408504
 21
-82556.78532625725
 31
0.0
  0
LINE
  5
5E3
330
4F7
100
AcDbEntity
  8
_HATCH_253
  6
BYBLOCK
100
AcDbLine
 10
367262.1215923652
 20
-82555.88093231794
 30
0.0
 11
367260.8554408504
 21
-82555.88093231794
 31
0.0
  0
LINE
  5
5E4
330
4F7
100
AcDbEntity
  8
_HATCH_253
  6
BYBLOCK
100
AcDbLine
 10
367262.1215923652
 20
-82557.14708383371
 30
0.0
 11
367262.1215923652
 21
-82555.88093231794
 31
0.0
  0
LINE
  5
5E5
330
4F7
100
AcDbEntity
  8
_HATCH_253
  6
BYBLOCK
100
AcDbLine
 10
367260.8554408504
 20
-82521.93990201493
 30
0.0
 11
367262.1215923652
 21
-82521.93990201493
 31
0.0
  0
LINE
  5
5E6
330
4F7
100
AcDbEntity
  8
_HATCH_253
  6
BYBLOCK
100
AcDbLine
 10
367260.8554408504
 20
-82521.03550807563
 30
0.0
 11
367260.8554408504
 21
-82521.93990201493
 31
0.0
  0
LINE
  5
5E7
330
4F7
100
AcDbEntity
  8
_HATCH_253
  6
BYBLOCK
100
AcDbLine
 10
367261.217198425
 20
-82520.67375050102
 30
0.0
 11
367260.8554408504
 21
-82521.03550807563
 31
0.0
  0
LINE
  5
5E8
330
4F7
100
AcDbEntity
  8
_HATCH_253
  6
BYBLOCK
100
AcDbLine
 10
367262.1215923652
 20
-82520.67375050102
 30
0.0
 11
367261.217198425
 21
-82520.67375050102
 31
0.0
  0
LINE
  5
5E9
330
4F7
100
AcDbEntity
  8
_HATCH_253
  6
BYBLOCK
100
AcDbLine
 10
367262.1215923652
 20
-82521.93990201493
 30
0.0
 11
367262.1215923652
 21
-82520.67375050102
 31
0.0
  0
LINE
  5
5EA
330
4F7
100
AcDbEntity
  8
_HATCH_253
  6
BYBLOCK
100
AcDbLine
 10
367279.4717135765
 20
-82521.93990201493
 30
0.0
 11
367280.7378650932
 21
-82521.93990201493
 31
0.0
  0
LINE
  5
5EB
330
4F7
100
AcDbEntity
  8
_HATCH_253
  6
BYBLOCK
100
AcDbLine
 10
367279.4717135765
 20
-82520.67375050102
 30
0.0
 11
367279.4717135765
 21
-82521.93990201493
 31
0.0
  0
LINE
  5
5EC
330
4F7
100
AcDbEntity
  8
_HATCH_253
  6
BYBLOCK
100
AcDbLine
 10
367280.3761075167
 20
-82520.67375050102
 30
0.0
 11
367279.4717135765
 21
-82520.67375050102
 31
0.0
  0
LINE
  5
5ED
330
4F7
100
AcDbEntity
  8
_HATCH_253
  6
BYBLOCK
100
AcDbLine
 10
367280.7378650932
 20
-82521.03550807563
 30
0.0
 11
367280.3761075167
 21
-82520.67375050102
 31
0.0
  0
LINE
  5
5EE
330
4F7
100
AcDbEntity
  8
_HATCH_253
  6
BYBLOCK
100
AcDbLine
 10
367280.7378650932
 20
-82521.93990201493
 30
0.0
 11
367280.7378650932
 21
-82521.03550807563
 31
0.0
  0
LINE
  5
5EF
330
4F7
100
AcDbEntity
  8
_HATCH_253
  6
BYBLOCK
100
AcDbLine
 10
367280.3761075167
 20
-82557.14708383371
 30
0.0
 11
367280.7378650932
 21
-82556.78532625725
 31
0.0
  0
LINE
  5
5F0
330
4F7
100
AcDbEntity
  8
_HATCH_253
  6
BYBLOCK
100
AcDbLine
 10
367279.4717135765
 20
-82557.14708383371
 30
0.0
 11
367280.3761075167
 21
-82557.14708383371
 31
0.0
  0
LINE
  5
5F1
330
4F7
100
AcDbEntity
  8
_HATCH_253
  6
BYBLOCK
100
AcDbLine
 10
367279.4717135765
 20
-82555.88093231794
 30
0.0
 11
367279.4717135765
 21
-82557.14708383371
 31
0.0
  0
LINE
  5
5F2
330
4F7
100
AcDbEntity
  8
_HATCH_253
  6
BYBLOCK
100
AcDbLine
 10
367280.7378650932
 20
-82555.88093231794
 30
0.0
 11
367279.4717135765
 21
-82555.88093231794
 31
0.0
  0
LINE
  5
5F3
330
4F7
100
AcDbEntity
  8
_HATCH_253
  6
BYBLOCK
100
AcDbLine
 10
367280.7378650932
 20
-82556.78532625725
 30
0.0
 11
367280.7378650932
 21
-82555.88093231794
 31
0.0
  0
LINE
  5
5F4
330
4F7
100
AcDbEntity
  8
_HATCH_253
  6
DASHED
 48
3.0
100
AcDbLine
 10
367262.1215923652
 20
-82520.67375050102
 30
0.0
 11
367279.4717135765
 21
-82520.67375050102
 31
0.0
  0
LINE
  5
5F5
330
4F7
100
AcDbEntity
  8
_HATCH_253
  6
DASHED
 48
3.0
100
AcDbLine
 10
367262.1215923652
 20
-82521.03596451496
 30
0.0
 11
367279.4717135765
 21
-82521.03596451496
 31
0.0
  0
LINE
  5
5F6
330
4F7
100
AcDbEntity
  8
_HATCH_253
  6
DASHED
 48
3.0
100
AcDbLine
 10
367261.2176548643
 20
-82555.88093231794
 30
0.0
 11
367261.2176548643
 21
-82521.93990201496
 31
0.0
  0
LINE
  5
5F7
330
4F7
100
AcDbEntity
  8
_HATCH_253
  6
DASHED
 48
3.0
100
AcDbLine
 10
367260.8554408504
 20
-82555.88093231794
 30
0.0
 11
367260.8554408504
 21
-82521.93990201496
 31
0.0
  0
LINE
  5
5F8
330
4F7
100
AcDbEntity
  8
_HATCH_253
  6
DASHED
 48
3.0
100
AcDbLine
 10
367280.7378650932
 20
-82555.88093231794
 30
0.0
 11
367280.7378650932
 21
-82521.93990201493
 31
0.0
  0
LINE
  5
5F9
330
4F7
100
AcDbEntity
  8
_HATCH_253
  6
DASHED
 48
3.0
100
AcDbLine
 10
367280.3756510774
 20
-82555.88093231794
 30
0.0
 11
367280.3756510774
 21
-82521.93990201493
 31
0.0
  0
LINE
  5
5FA
330
4F7
100
AcDbEntity
  8
_HATCH_253
  6
DASHED
 48
3.0
100
AcDbLine
 10
367262.1215923652
 20
-82557.14708383371
 30
0.0
 11
367279.4717135765
 21
-82557.14708383371
 31
0.0
  0
LINE
  5
5FB
330
4F7
100
AcDbEntity
  8
_HATCH_253
  6
DASHED
 48
3.0
100
AcDbLine
 10
367262.1215923652
 20
-82556.78486981792
 30
0.0
 11
367279.4717135765
 21
-82556.78486981792
 31
0.0
  0
LWPOLYLINE
  5
5FC
330
4F7
100
AcDbEntity
  8
_HATCH_253
  6
BYBLOCK
100
AcDbPolyline
 90
        5
 70
     0
 43
0.0
 10
367282.5466529708
 20
-82518.86496262056
 10
367282.5466529708
 20
-82558.95587171231
 10
367259.0466529708
 20
-82558.95587171231
 10
367259.0466529708
 20
-82518.86496262056
 10
367282.5466529708
 20
-82518.86496262056
  0
LWPOLYLINE
  5
5FD
330
4F7
100
AcDbEntity
  8
_HATCH_253
100
AcDbPolyline
 90
        8
 70
     1
 43
0.0
 10
367279.9398963582
 20
-82449.52734257694
 10
367285.5708661145
 20
-82434.99633107372
 42
-0.4142135623730706
 10
367286.8309899428
 20
-82434.44007846477
 10
367293.793766288
 20
-82437.13825147165
 42
-0.414213562373095
 10
367294.3500188974
 20
-82438.39837530124
 10
367288.7190491418
 20
-82452.92938680397
 42
-0.4142135623731317
 10
367287.4589253132
 20
-82453.48563941318
 10
367280.4961489681
 20
-82450.7874664051
 42
-0.4142135623730813
  0
ARC
  5
5FE
330
4F7
100
AcDbEntity
  8
_HATCH_253
100
AcDbCircle
 10
367277.7656765695
 20
-82440.95154153407
 30
0.0
 40
25.45252212584882
100
AcDbArc
 50
315.1340676340028
 51
0.3900846702962821
  0
ARC
  5
5FF
330
4F7
100
AcDbEntity
  8
_HATCH_253
100
AcDbCircle
 10
367289.414744504
 20
-82490.03194884377
 30
0.0
 40
51.15120113441475
100
AcDbArc
 50
58.17272687978018
 51
74.34499299126361
  0
LINE
  5
600
330
4F7
100
AcDbEntity
  8
_HATCH_253
100
AcDbLine
 10
367316.3898500117
 20
-82446.57174918821
 30
0.0
 11
367303.2176088135
 21
-82440.77825543698
 31
0.0
  0
ARC
  5
601
330
4F7
100
AcDbEntity
  8
_HATCH_253
100
AcDbCircle
 10
367320.233795536
 20
-82447.44189596745
 30
0.0
 40
3.246647013038468
100
AcDbArc
 50
9.83576011252628
 51
67.76207689874094
  0
LWPOLYLINE
  5
602
330
4F7
100
AcDbEntity
  8
_HATCH_253
100
AcDbPolyline
 90
        8
 70
     1
 43
0.0
 10
367278.6797725296
 20
-82450.08359518612
 10
367285.0146135049
 20
-82433.73620724531
 42
-0.414213562373107
 10
367286.2747373339
 20
-82433.17995463588
 10
367295.053890117
 20
-82436.58199886221
 42
-0.414213562373095
 10
367295.6101427263
 20
-82437.84212269177
 10
367289.275301751
 20
-82454.1895106326
 42
-0.414213562373095
 10
367288.0151779225
 20
-82454.74576324272
 10
367279.2360251392
 20
-82451.34371901452
 42
-0.414213562373095
  0
ARC
  5
603
330
4F7
100
AcDbEntity
  8
_HATCH_253
100
AcDbCircle
 10
367295.0681685556
 20
-82460.71012770454
 30
0.0
 40
1.947988207823081
100
AcDbArc
 50
67.76207689874094
 51
247.7620768987409
  0
ARC
  5
604
330
4F7
100
AcDbEntity
  8
_HATCH_253
100
AcDbCircle
 10
367295.8877284269
 20
-82461.04521685834
 30
0.0
 40
2.139771291817776
100
AcDbArc
 50
92.20524509699857
 51
223.3189088338476
  0
ARC
  5
605
330
4F7
100
AcDbEntity
  8
_HATCH_253
100
AcDbCircle
 10
367315.1611517632
 20
-82449.57691452352
 30
0.0
 40
3.246647013038468
100
AcDbArc
 50
347.365937828192
 51
67.76220694767342
  0
ARC
  5
606
330
4F7
100
AcDbEntity
  8
_HATCH_253
100
AcDbCircle
 10
367315.6668974239
 20
-82463.3312945864
 30
0.0
 40
3.246647013038468
100
AcDbArc
 50
318.2163244507859
 51
337.7620767148096
  0
LINE
  5
607
330
4F7
100
AcDbEntity
  8
_HATCH_253
100
AcDbLine
 10
367321.0833017768
 20
-82458.6625924319
 30
0.0
 11
367318.6720597899
 21
-82464.55999958911
 31
0.0
  0
ARC
  5
608
330
4F7
100
AcDbEntity
  8
_HATCH_253
100
AcDbCircle
 10
367304.7966760281
 20
-82452.05358284048
 30
0.0
 40
13.60172372301142
100
AcDbArc
 50
308.4256401377214
 51
337.9571009197043
  0
ARC
  5
609
330
4F7
100
AcDbEntity
  8
_HATCH_253
100
AcDbCircle
 10
367304.8317189285
 20
-82451.96787503791
 30
0.0
 40
13.60172372301142
100
AcDbArc
 50
337.5670531177024
 51
7.098513666489281
  0
ARC
  5
60A
330
4F7
100
AcDbEntity
  8
_HATCH_253
100
AcDbCircle
 10
367310.4920727549
 20
-82460.99653151474
 30
0.0
 40
3.246647013038468
100
AcDbArc
 50
247.7619471960308
 51
328.1582151388967
  0
ARC
  5
60B
330
4F7
100
AcDbEntity
  8
_HATCH_253
100
AcDbCircle
 10
367312.6158245237
 20
-82466.07390263668
 30
0.0
 40
3.246647013038468
100
AcDbArc
 50
247.7620768987409
 51
305.6883925758218
  0
ARC
  5
60C
330
4F7
100
AcDbEntity
  8
_HATCH_253
100
AcDbCircle
 10
367301.648212998
 20
-82450.80432931986
 30
0.0
 40
22.04686966689355
100
AcDbArc
 50
305.6883925758218
 51
318.2163244507859
  0
ARC
  5
60D
330
4F7
100
AcDbEntity
  8
_HATCH_253
100
AcDbCircle
 10
367301.7099084996
 20
-82450.65343467963
 30
0.0
 40
22.04686966689355
100
AcDbArc
 50
357.3078295763289
 51
9.83576011252628
  0
LINE
  5
60E
330
4F7
100
AcDbEntity
  8
_HATCH_253
100
AcDbLine
 10
367321.0833017768
 20
-82458.6625924319
 30
0.0
 11
367323.7324450991
 21
-82451.68897504732
 31
0.0
  0
LINE
  5
60F
330
4F7
100
AcDbEntity
  8
_HATCH_253
100
AcDbLine
 10
367309.2633608822
 20
-82464.00169127966
 30
0.0
 11
367295.8053913535
 21
-82458.9070302085
 31
0.0
  0
ARC
  5
610
330
4F7
100
AcDbEntity
  8
_HATCH_253
100
AcDbCircle
 10
367320.4639723203
 20
-82414.09185682604
 30
0.0
 40
51.15120113441475
100
AcDbArc
 50
241.1791602973506
 51
257.3514266018985
  0
ARC
  5
611
330
4F7
100
AcDbEntity
  8
_HATCH_253
100
AcDbCircle
 10
367275.9014428609
 20
-82535.59023906334
 30
0.0
 40
75.36508830833652
100
AcDbArc
 50
62.07219771150299
 51
75.84556555422903
  0
LINE
  5
612
330
4F7
100
AcDbEntity
  8
_HATCH_253
100
AcDbLine
 10
367311.3871195212
 20
-82469.07906500218
 30
0.0
 11
367294.3309455544
 21
-82462.51322512445
 31
0.0
  0
LINE
  5
613
330
4F7
100
AcDbEntity
  8
_HATCH_253
100
AcDbLine
 10
367321.4625005383
 20
-82444.4367336022
 30
0.0
 11
367304.6920548131
 21
-82437.17206059626
 31
0.0
  0
ARC
  5
614
330
4F7
100
AcDbEntity
  8
_HATCH_253
100
AcDbCircle
 10
367342.7401383467
 20
-82372.11639308718
 30
0.0
 40
75.36508830833652
100
AcDbArc
 50
239.67858812651
 51
253.4519561207678
  0
ARC
  5
615
330
4F7
100
AcDbEntity
  8
_HATCH_253
100
AcDbCircle
 10
367303.9548318119
 20
-82438.9751580162
 30
0.0
 40
1.947988207823081
100
AcDbArc
 50
67.76207689874094
 51
247.7620768987409
  0
ARC
  5
616
330
4F7
100
AcDbEntity
  8
_HATCH_253
100
AcDbCircle
 10
367304.7743916831
 20
-82439.31024716905
 30
0.0
 40
2.139771291817776
100
AcDbArc
 50
92.20524509699857
 51
223.3189088338476
  0
LWPOLYLINE
  5
617
330
4F7
100
AcDbEntity
  8
_HATCH_253
  6
BYBLOCK
100
AcDbPolyline
 90
        2
 70
     0
 43
0.0
 10
367105.5872232717
 20
-82790.50224700708
 10
367105.5872232717
 20
-82732.97442082361
  0
LWPOLYLINE
  5
618
330
4F7
100
AcDbEntity
  8
_HATCH_253
  6
BYBLOCK
100
AcDbPolyline
 90
        2
 70
     0
 43
0.0
 10
367105.1350967203
 20
-82790.50224700708
 10
367105.1350967203
 20
-82732.97442082361
  0
LWPOLYLINE
  5
619
330
4F7
100
AcDbEntity
  8
_HATCH_253
  6
BYBLOCK
100
AcDbPolyline
 90
        2
 70
     0
 43
0.0
 10
367103.7727331434
 20
-82790.50224700708
 10
367103.7727331434
 20
-82732.97442082361
  0
LWPOLYLINE
  5
61A
330
4F7
100
AcDbEntity
  8
_HATCH_253
  6
BYBLOCK
100
AcDbPolyline
 90
        2
 70
     0
 43
0.0
 10
367181.4584857764
 20
-82790.50224700708
 10
367181.4584857764
 20
-82732.97442082361
  0
LWPOLYLINE
  5
61B
330
4F7
100
AcDbEntity
  8
_HATCH_253
  6
BYBLOCK
100
AcDbPolyline
 90
        2
 70
     0
 43
0.0
 10
367179.6439956481
 20
-82790.50224700708
 10
367179.6439956481
 20
-82732.97442082361
  0
LWPOLYLINE
  5
61C
330
4F7
100
AcDbEntity
  8
_HATCH_253
  6
BYBLOCK
100
AcDbPolyline
 90
        2
 70
     0
 43
0.0
 10
367181.0063592241
 20
-82790.50224700708
 10
367181.0063592241
 20
-82732.97442082361
  0
LWPOLYLINE
  5
61D
330
4F7
100
AcDbEntity
  8
_HATCH_253
  6
BYBLOCK
100
AcDbPolyline
 90
        2
 70
     0
 43
0.0
 10
367166.5932456831
 20
-82797.70588871975
 10
367166.5932456831
 20
-82725.77077911094
  0
LWPOLYLINE
  5
61E
330
4F7
100
AcDbEntity
  8
_HATCH_253
  6
BYBLOCK
100
AcDbPolyline
 90
        2
 70
     0
 43
0.0
 10
367167.4693172178
 20
-82797.70588871975
 10
367167.4693172178
 20
-82725.77077911094
  0
LINE
  5
61F
330
4F7
100
AcDbEntity
  8
_HATCH_253
  6
BYBLOCK
100
AcDbLine
 10
367127.0580220966
 20
-82797.70588871975
 30
0.0
 11
367127.0580220966
 21
-82739.33203497854
 31
0.0
  0
LINE
  5
620
330
4F7
100
AcDbEntity
  8
_HATCH_253
  6
BYBLOCK
100
AcDbLine
 10
367180.3299025929
 20
-82728.42534875263
 30
0.0
 11
367180.3299025929
 21
-82795.05131907806
 31
0.0
  0
LINE
  5
621
330
4F7
100
AcDbEntity
  8
_HATCH_253
  6
BYBLOCK
100
AcDbLine
 10
367179.1643174327
 20
-82797.70588871975
 30
0.0
 11
367179.1643174327
 21
-82725.77077911094
 31
0.0
  0
LINE
  5
622
330
4F7
100
AcDbEntity
  8
_HATCH_253
  6
BYBLOCK
100
AcDbLine
 10
367104.4586400891
 20
-82728.42534875263
 30
0.0
 11
367104.4586400891
 21
-82795.05131907806
 31
0.0
  0
ARC
  5
623
330
4F7
100
AcDbEntity
  8
_HATCH_253
  6
BYBLOCK
100
AcDbCircle
 10
367143.9239860195
 20
-82790.320549238
 30
0.0
 40
24.0597391914971
100
AcDbArc
 50
174.151252829902
 51
193.0673719564518
  0
ARC
  5
624
330
4F7
100
AcDbEntity
  8
_HATCH_253
  6
BYBLOCK
100
AcDbCircle
 10
367016.8923473526
 20
-82779.74537892033
 30
0.0
 40
90.88009011172528
100
AcDbArc
 50
349.8502693152107
 51
10.14973068478927
  0
ARC
  5
625
330
4F7
100
AcDbEntity
  8
_HATCH_253
  6
BYBLOCK
100
AcDbCircle
 10
367346.1954435689
 20
-82785.90479771061
 30
0.0
 40
225.923236986236
100
AcDbArc
 50
177.9340834906309
 51
182.50023966888
  0
LWPOLYLINE
  5
626
330
4F7
100
AcDbEntity
  8
_HATCH_253
  6
BYBLOCK
100
AcDbPolyline
 90
        3
 70
     0
 43
0.0
 10
367105.4976196549
 20
-82725.77077911094
 10
367105.4976196549
 20
-82728.42534875263
 10
367103.2930549289
 20
-82728.42534875263
  0
LWPOLYLINE
  5
627
330
4F7
100
AcDbEntity
  8
_HATCH_253
  6
BYBLOCK
100
AcDbPolyline
 90
        3
 70
     0
 43
0.0
 10
367181.3688821587
 20
-82725.77077911094
 10
367181.3688821587
 20
-82728.42534875263
 10
367179.1643174327
 20
-82728.42534875263
  0
ARC
  5
628
330
4F7
100
AcDbEntity
  8
_HATCH_253
  6
BYBLOCK
100
AcDbCircle
 10
367156.4942683865
 20
-82732.46693779666
 30
0.0
 40
15.25452888333852
100
AcDbArc
 50
153.9623278607032
 51
210.0173730417924
  0
LINE
  5
629
330
4F7
100
AcDbEntity
  8
_HATCH_253
  6
BYBLOCK
100
AcDbLine
 10
367127.0580220966
 20
-82739.33203497854
 30
0.0
 11
367142.7879884279
 21
-82725.77077911094
 31
0.0
  0
ARC
  5
62A
330
4F7
100
AcDbEntity
  8
_HATCH_253
  6
BYBLOCK
100
AcDbCircle
 10
367088.5558591922
 20
-82748.71866094366
 30
0.0
 40
20.42528975520247
100
AcDbArc
 50
330.597512094518
 51
351.179305733904
  0
ARC
  5
62B
330
4F7
100
AcDbEntity
  8
_HATCH_253
  6
BYBLOCK
100
AcDbCircle
 10
367112.3745412453
 20
-82760.2416274878
 30
0.0
 40
5.241546760276681
100
AcDbArc
 50
80.72172329750501
 51
145.735423668201
  0
ARC
  5
62C
330
4F7
100
AcDbEntity
  8
_HATCH_253
  6
BYBLOCK
100
AcDbCircle
 10
367641.5849661314
 20
-82731.0334742856
 30
0.0
 40
521.3127599483022
100
AcDbArc
 50
181.8171612186679
 51
182.9966658523469
  0
ARC
  5
62D
330
4F7
100
AcDbEntity
  8
_HATCH_253
  6
BYBLOCK
100
AcDbCircle
 10
367022.4347407947
 20
-82743.2312889113
 30
0.0
 40
85.33769666956896
100
AcDbArc
 50
349.5249660779429
 51
10.47503392205668
  0
ARC
  5
62E
330
4F7
100
AcDbEntity
  8
_HATCH_253
  6
BYBLOCK
100
AcDbCircle
 10
367104.693003619
 20
-82740.42577098541
 30
0.0
 40
8.775598779056915
100
AcDbArc
 50
310.2521925186074
 51
349.2575563508851
  0
ARC
  5
62F
330
4F7
100
AcDbEntity
  8
_HATCH_253
  6
BYBLOCK
100
AcDbCircle
 10
367111.0452177859
 20
-82747.92872717929
 30
0.0
 40
1.055218911603481
100
AcDbArc
 50
130.2521925186074
 51
270.4936447009667
  0
ARC
  5
630
330
4F7
100
AcDbEntity
  8
_HATCH_253
  6
BYBLOCK
100
AcDbCircle
 10
367121.0275742606
 20
-82746.81831087403
 30
0.0
 40
0.5238628932036851
100
AcDbArc
 50
287.515313107771
 51
24.74465980151412
  0
ARC
  5
631
330
4F7
100
AcDbEntity
  8
_HATCH_253
  6
BYBLOCK
100
AcDbCircle
 10
367113.2002299213
 20
-82750.12707434733
 30
0.0
 40
9.021565989300015
100
AcDbArc
 50
23.02092609461797
 51
81.76162059824786
  0
ARC
  5
632
330
4F7
100
AcDbEntity
  8
_HATCH_253
  6
BYBLOCK
100
AcDbCircle
 10
367187.6106846555
 20
-82739.83024962198
 30
0.0
 40
67.33851045081299
100
AcDbArc
 50
181.4189596732037
 51
184.1998436666982
  0
ARC
  5
633
330
4F7
100
AcDbEntity
  8
_HATCH_253
  6
BYBLOCK
100
AcDbCircle
 10
367122.1790077341
 20
-82750.9246223471
 30
0.0
 40
3.741140320562588
100
AcDbArc
 50
105.4045852394416
 51
185.5924601152988
  0
ARC
  5
634
330
4F7
100
AcDbEntity
  8
_HATCH_253
  6
BYBLOCK
100
AcDbCircle
 10
367111.1072444011
 20
-82755.12778204259
 30
0.0
 40
6.144103155822339
100
AcDbArc
 50
29.30339457304271
 51
90.4936447009667
  0
ARC
  5
635
330
4F7
100
AcDbEntity
  8
_HATCH_253
  6
BYBLOCK
100
AcDbCircle
 10
367117.2335252165
 20
-82751.16174625464
 30
0.0
 40
1.22877742232281
100
AcDbArc
 50
231.2945424791284
 51
354.0461692683562
  0
ARC
  5
636
330
4F7
100
AcDbEntity
  8
_HATCH_253
  6
BYBLOCK
100
AcDbCircle
 10
367146.6634901463
 20
-82743.50523471691
 30
0.0
 40
30.56934476195656
100
AcDbArc
 50
148.9025029548391
 51
159.1397392509802
  0
ARC
  5
637
330
4F7
100
AcDbEntity
  8
_HATCH_253
  6
BYBLOCK
100
AcDbCircle
 10
367113.4187474929
 20
-82708.0513616842
 30
0.0
 40
20.89673707035097
100
AcDbArc
 50
250.2291039489741
 51
289.7708960510258
  0
ARC
  5
638
330
4F7
100
AcDbEntity
  8
_HATCH_253
  6
BYBLOCK
100
AcDbCircle
 10
367641.5849661314
 20
-82736.86140008595
 30
0.0
 40
521.3127599483022
100
AcDbArc
 50
180.0403459274265
 51
180.047228635695
  0
ARC
  5
639
330
4F7
100
AcDbEntity
  8
_HATCH_253
  6
BYBLOCK
100
AcDbCircle
 10
367321.8001091563
 20
-82737.02429795031
 30
0.0
 40
201.5279024963626
100
AcDbArc
 50
177.3527278322005
 51
182.1874007588023
  0
ARC
  5
63A
330
4F7
100
AcDbEntity
  8
_HATCH_253
  6
BYBLOCK
100
AcDbCircle
 10
367143.9239860195
 20
-82733.1561185927
 30
0.0
 40
24.0597391914971
100
AcDbArc
 50
166.9326280435482
 51
185.8487471700979
  0
LWPOLYLINE
  5
63B
330
4F7
100
AcDbEntity
  8
_HATCH_253
  6
BYBLOCK
100
AcDbPolyline
 90
        2
 70
     0
 43
0.0
 10
367103.2930549289
 20
-82732.97442082361
 10
367105.5872232717
 20
-82732.97442082361
  0
LWPOLYLINE
  5
63C
330
4F7
100
AcDbEntity
  8
_HATCH_253
  6
BYBLOCK
100
AcDbPolyline
 90
        2
 70
     0
 43
0.0
 10
367179.1643174327
 20
-82732.97442082361
 10
367181.4584857764
 20
-82732.97442082361
  0
CIRCLE
  5
63D
330
4F7
100
AcDbEntity
  8
_HATCH_253
  6
BYBLOCK
100
AcDbCircle
 10
367180.4106287406
 20
-82727.2852160842
 30
0.0
 40
0.8213620001911635
  0
CIRCLE
  5
63E
330
4F7
100
AcDbEntity
  8
_HATCH_253
  6
BYBLOCK
100
AcDbCircle
 10
367104.5393662368
 20
-82727.2852160842
 30
0.0
 40
0.8213620001911635
  0
ARC
  5
63F
330
4F7
100
AcDbEntity
  8
_HATCH_253
  6
BYBLOCK
100
AcDbCircle
 10
367134.2329130376
 20
-82759.60306599502
 30
0.0
 40
21.50334296055688
100
AcDbArc
 50
65.10240396447024
 51
109.4913155710465
  0
ARC
  5
640
330
4F7
100
AcDbEntity
  8
_HATCH_253
  6
BYBLOCK
100
AcDbCircle
 10
367114.5568098723
 20
-82786.82352128018
 30
0.0
 40
29.25199720225677
100
AcDbArc
 50
77.30540100372171
 51
106.2929183488109
  0
ARC
  5
641
330
4F7
100
AcDbEntity
  8
_HATCH_253
  6
BYBLOCK
100
AcDbCircle
 10
367641.5849661314
 20
-82791.44319354602
 30
0.0
 40
521.3127599483022
100
AcDbArc
 50
177.0033341476531
 51
178.1828387813321
  0
ARC
  5
642
330
4F7
100
AcDbEntity
  8
_HATCH_253
  6
BYBLOCK
100
AcDbCircle
 10
367112.3745412453
 20
-82762.23504034382
 30
0.0
 40
5.241546760276681
100
AcDbArc
 50
214.264576331799
 51
279.278276702495
  0
ARC
  5
643
330
4F7
100
AcDbEntity
  8
_HATCH_253
  6
BYBLOCK
100
AcDbCircle
 10
367088.5558591922
 20
-82773.75800688703
 30
0.0
 40
20.42528975520247
100
AcDbArc
 50
8.820694266095611
 51
29.40248790548161
  0
ARC
  5
644
330
4F7
100
AcDbEntity
  8
_HATCH_253
  6
BYBLOCK
100
AcDbCircle
 10
367114.5568098723
 20
-82735.65314655051
 30
0.0
 40
29.25199720225677
100
AcDbArc
 50
253.7070816511891
 51
282.6945989962783
  0
ARC
  5
645
330
4F7
100
AcDbEntity
  8
_HATCH_253
  6
BYBLOCK
100
AcDbCircle
 10
367117.2335252165
 20
-82771.31492157605
 30
0.0
 40
1.22877742232281
100
AcDbArc
 50
5.953830731643879
 51
128.7054575208716
  0
ARC
  5
646
330
4F7
100
AcDbEntity
  8
_HATCH_253
  6
BYBLOCK
100
AcDbCircle
 10
367111.1072444011
 20
-82767.34888578903
 30
0.0
 40
6.144103155822339
100
AcDbArc
 50
269.5063552990333
 51
330.6966054269569
  0
ARC
  5
647
330
4F7
100
AcDbEntity
  8
_HATCH_253
  6
BYBLOCK
100
AcDbCircle
 10
367122.1790077341
 20
-82771.5520454836
 30
0.0
 40
3.741140320562588
100
AcDbArc
 50
174.4075398847012
 51
254.5954147605584
  0
ARC
  5
648
330
4F7
100
AcDbEntity
  8
_HATCH_253
  6
BYBLOCK
100
AcDbCircle
 10
367187.6106846555
 20
-82782.64641820871
 30
0.0
 40
67.33851045081299
100
AcDbArc
 50
175.8001563333018
 51
178.5810403267963
  0
ARC
  5
649
330
4F7
100
AcDbEntity
  8
_HATCH_253
  6
BYBLOCK
100
AcDbCircle
 10
367111.8394697797
 20
-82772.33225221142
 30
0.0
 40
10.2936902064391
100
AcDbArc
 50
284.9382031325409
 51
339.853440005525
  0
ARC
  5
64A
330
4F7
100
AcDbEntity
  8
_HATCH_253
  6
BYBLOCK
100
AcDbCircle
 10
367121.0275742606
 20
-82775.65835695759
 30
0.0
 40
0.5238628932036851
100
AcDbArc
 50
335.2553401984858
 51
72.48468689222898
  0
ARC
  5
64B
330
4F7
100
AcDbEntity
  8
_HATCH_253
  6
BYBLOCK
100
AcDbCircle
 10
367111.0452177859
 20
-82774.5479406514
 30
0.0
 40
1.055218911603481
100
AcDbArc
 50
89.50635529903332
 51
229.7478074813926
  0
ARC
  5
64C
330
4F7
100
AcDbEntity
  8
_HATCH_253
  6
BYBLOCK
100
AcDbCircle
 10
367115.5650059921
 20
-82780.29607826813
 30
0.0
 40
2.253345527519222
100
AcDbArc
 50
183.0296517776792
 51
241.590950558374
  0
ARC
  5
64D
330
4F7
100
AcDbEntity
  8
_HATCH_253
  6
BYBLOCK
100
AcDbCircle
 10
367104.693003619
 20
-82782.05089684528
 30
0.0
 40
8.775598779056915
100
AcDbArc
 50
10.74244364911456
 51
49.74780748139258
  0
ARC
  5
64E
330
4F7
100
AcDbEntity
  8
_HATCH_253
  6
BYBLOCK
100
AcDbCircle
 10
367641.5849661314
 20
-82786.61526774474
 30
0.0
 40
521.3127599483022
100
AcDbArc
 50
179.9527713643051
 51
179.9596540725735
  0
LWPOLYLINE
  5
64F
330
4F7
100
AcDbEntity
  8
_HATCH_253
  6
BYBLOCK
100
AcDbPolyline
 90
        2
 70
     0
 43
0.0
 10
367179.1643174327
 20
-82788.64601680216
 10
367127.0580220966
 20
-82788.64601680216
  0
LWPOLYLINE
  5
650
330
4F7
100
AcDbEntity
  8
_HATCH_253
  6
BYBLOCK
100
AcDbPolyline
 90
        2
 70
     0
 43
0.0
 10
367179.1643174327
 20
-82787.87168290418
 10
367127.0580220966
 20
-82787.87168290418
  0
LWPOLYLINE
  5
651
330
4F7
100
AcDbEntity
  8
_HATCH_253
  6
BYBLOCK
100
AcDbPolyline
 90
        2
 70
     0
 43
0.0
 10
367179.1643174327
 20
-82790.50224700708
 10
367181.4584857764
 20
-82790.50224700708
  0
LWPOLYLINE
  5
652
330
4F7
100
AcDbEntity
  8
_HATCH_253
  6
BYBLOCK
100
AcDbPolyline
 90
        3
 70
     0
 43
0.0
 10
367181.3688821587
 20
-82797.70588871975
 10
367181.3688821587
 20
-82795.05131907806
 10
367179.1643174327
 20
-82795.05131907806
  0
LWPOLYLINE
  5
653
330
4F7
100
AcDbEntity
  8
_HATCH_253
  6
BYBLOCK
100
AcDbPolyline
 90
        4
 70
     0
 43
0.0
 10
367181.3688821587
 20
-82797.70588871975
 10
367103.2930549289
 20
-82797.70588871975
 10
367103.2930549289
 20
-82725.77077911096
 10
367181.3688821587
 20
-82725.77077911001
  0
CIRCLE
  5
654
330
4F7
100
AcDbEntity
  8
_HATCH_253
  6
BYBLOCK
100
AcDbCircle
 10
367180.4106287406
 20
-82796.19145174742
 30
0.0
 40
0.8213620001911635
  0
LWPOLYLINE
  5
655
330
4F7
100
AcDbEntity
  8
_HATCH_253
  6
BYBLOCK
100
AcDbPolyline
 90
        2
 70
     0
 43
0.0
 10
367103.2930549289
 20
-82790.50224700708
 10
367105.5872232717
 20
-82790.50224700708
  0
LWPOLYLINE
  5
656
330
4F7
100
AcDbEntity
  8
_HATCH_253
  6
BYBLOCK
100
AcDbPolyline
 90
        3
 70
     0
 43
0.0
 10
367105.4976196549
 20
-82797.70588871975
 10
367105.4976196549
 20
-82795.05131907806
 10
367103.2930549289
 20
-82795.05131907806
  0
ARC
  5
657
330
4F7
100
AcDbEntity
  8
_HATCH_253
  6
BYBLOCK
100
AcDbCircle
 10
367113.4187474929
 20
-82815.42530614648
 30
0.0
 40
20.89673707035097
100
AcDbArc
 50
70.22910394897416
 51
109.7708960510259
  0
CIRCLE
  5
658
330
4F7
100
AcDbEntity
  8
_HATCH_253
  6
BYBLOCK
100
AcDbCircle
 10
367104.5393662368
 20
-82796.19145174742
 30
0.0
 40
0.8213620001911635
  0
ARC
  5
659
330
4F7
100
AcDbEntity
  8
_HATCH_253
  6
BYBLOCK
100
AcDbCircle
 10
367146.6634901463
 20
-82779.97143311471
 30
0.0
 40
30.56934476195656
100
AcDbArc
 50
200.8602607490198
 51
211.0974970451609
  0
LWPOLYLINE
  5
65A
330
4F7
100
AcDbEntity
  8
_HATCH_253
  6
BYBLOCK
100
AcDbPolyline
 90
        2
 70
     0
 43
0.0
 10
367108.2057605785
 20
-82815.73833391581
 10
367108.2057605785
 20
-82798.25455651664
  0
LWPOLYLINE
  5
65B
330
4F7
100
AcDbEntity
  8
_HATCH_253
  6
BYBLOCK
100
AcDbPolyline
 90
        2
 70
     0
 43
0.0
 10
367109.0893985918
 20
-82815.73833391581
 10
367109.0893985918
 20
-82798.25455651664
  0
LWPOLYLINE
  5
65C
330
4F7
100
AcDbEntity
  8
_HATCH_253
  6
BYBLOCK
100
AcDbPolyline
 90
        2
 70
     0
 43
0.0
 10
367120.7768323281
 20
-82806.67846199729
 10
367103.2930549289
 20
-82806.67846199729
  0
LWPOLYLINE
  5
65D
330
4F7
100
AcDbEntity
  8
_HATCH_253
  6
BYBLOCK
100
AcDbPolyline
 90
        2
 70
     0
 43
0.0
 10
367120.7768323281
 20
-82805.90412809931
 10
367103.2930549289
 20
-82805.90412809931
  0
LINE
  5
65E
330
4F7
100
AcDbEntity
  8
_HATCH_253
  6
BYBLOCK
100
AcDbLine
 10
367120.7768323281
 20
-82815.73833391581
 30
0.0
 11
367103.2930549289
 21
-82815.73833391581
 31
0.0
  0
LINE
  5
65F
330
4F7
100
AcDbEntity
  8
_HATCH_253
100
AcDbLine
 10
367120.7768323281
 20
-82815.73833391581
 30
0.0
 11
367120.7768323281
 21
-82798.25455651664
 31
0.0
  0
LINE
  5
660
330
4F7
100
AcDbEntity
  8
_HATCH_253
  6
BYBLOCK
100
AcDbLine
 10
367103.2930549289
 20
-82798.25455651664
 30
0.0
 11
367120.7768323281
 21
-82798.25455651664
 31
0.0
  0
LINE
  5
661
330
4F7
100
AcDbEntity
  8
_HATCH_253
100
AcDbLine
 10
367103.2930549289
 20
-82815.73833391581
 30
0.0
 11
367103.2930549289
 21
-82798.25455651664
 31
0.0
  0
LWPOLYLINE
  5
662
330
4F7
100
AcDbEntity
  8
_HATCH_253
  6
BYBLOCK
100
AcDbPolyline
 90
        2
 70
     0
 43
0.0
 10
367327.4988865861
 20
-82350.02624187844
 10
367327.4988865861
 20
-82401.55406806192
  0
LWPOLYLINE
  5
663
330
4F7
100
AcDbEntity
  8
_HATCH_253
  6
BYBLOCK
100
AcDbPolyline
 90
        2
 70
     0
 43
0.0
 10
367327.9510131375
 20
-82350.02624187844
 10
367327.9510131375
 20
-82401.55406806192
  0
LWPOLYLINE
  5
664
330
4F7
100
AcDbEntity
  8
_HATCH_253
  6
BYBLOCK
100
AcDbPolyline
 90
        2
 70
     0
 43
0.0
 10
367329.3133767144
 20
-82350.02624187844
 10
367329.3133767144
 20
-82401.55406806192
  0
LWPOLYLINE
  5
665
330
4F7
100
AcDbEntity
  8
_HATCH_253
  6
BYBLOCK
100
AcDbPolyline
 90
        2
 70
     0
 43
0.0
 10
367251.6276240814
 20
-82350.02624187844
 10
367251.6276240814
 20
-82401.55406806192
  0
LWPOLYLINE
  5
666
330
4F7
100
AcDbEntity
  8
_HATCH_253
  6
BYBLOCK
100
AcDbPolyline
 90
        2
 70
     0
 43
0.0
 10
367253.4421142097
 20
-82350.02624187844
 10
367253.4421142097
 20
-82401.55406806192
  0
LWPOLYLINE
  5
667
330
4F7
100
AcDbEntity
  8
_HATCH_253
  6
BYBLOCK
100
AcDbPolyline
 90
        2
 70
     0
 43
0.0
 10
367252.0797506337
 20
-82350.02624187844
 10
367252.0797506337
 20
-82401.55406806192
  0
LWPOLYLINE
  5
668
330
4F7
100
AcDbEntity
  8
_HATCH_253
  6
BYBLOCK
100
AcDbPolyline
 90
        2
 70
     0
 43
0.0
 10
367266.4928641747
 20
-82342.82260016577
 10
367266.4928641747
 20
-82408.75770977458
  0
LWPOLYLINE
  5
669
330
4F7
100
AcDbEntity
  8
_HATCH_253
  6
BYBLOCK
100
AcDbPolyline
 90
        2
 70
     0
 43
0.0
 10
367265.61679264
 20
-82342.82260016577
 10
367265.61679264
 20
-82408.75770977458
  0
LINE
  5
66A
330
4F7
100
AcDbEntity
  8
_HATCH_253
  6
BYBLOCK
100
AcDbLine
 10
367306.0280877612
 20
-82342.82260016577
 30
0.0
 11
367306.0280877612
 21
-82395.19645390699
 31
0.0
  0
LINE
  5
66B
330
4F7
100
AcDbEntity
  8
_HATCH_253
  6
BYBLOCK
100
AcDbLine
 10
367252.7562072649
 20
-82406.1031401329
 30
0.0
 11
367252.7562072649
 21
-82345.47716980746
 31
0.0
  0
LINE
  5
66C
330
4F7
100
AcDbEntity
  8
_HATCH_253
  6
BYBLOCK
100
AcDbLine
 10
367253.9217924252
 20
-82342.82260016577
 30
0.0
 11
367253.9217924252
 21
-82408.75770977458
 31
0.0
  0
LINE
  5
66D
330
4F7
100
AcDbEntity
  8
_HATCH_253
  6
BYBLOCK
100
AcDbLine
 10
367328.6274697687
 20
-82406.1031401329
 30
0.0
 11
367328.6274697687
 21
-82345.47716980746
 31
0.0
  0
ARC
  5
66E
330
4F7
100
AcDbEntity
  8
_HATCH_253
  6
BYBLOCK
100
AcDbCircle
 10
367289.1621238384
 20
-82350.20793964753
 30
0.0
 40
24.0597391914971
100
AcDbArc
 50
354.1512528299025
 51
13.06737195600752
  0
ARC
  5
66F
330
4F7
100
AcDbEntity
  8
_HATCH_253
  6
BYBLOCK
100
AcDbCircle
 10
367416.1937625053
 20
-82360.7831099652
 30
0.0
 40
90.88009011172528
100
AcDbArc
 50
169.850269315502
 51
190.149730684498
  0
ARC
  5
670
330
4F7
100
AcDbEntity
  8
_HATCH_253
  6
BYBLOCK
100
AcDbCircle
 10
367086.890666289
 20
-82354.62369117491
 30
0.0
 40
225.923236986236
100
AcDbArc
 50
357.9340834906894
 51
2.500239668951975
  0
LWPOLYLINE
  5
671
330
4F7
100
AcDbEntity
  8
_HATCH_253
  6
BYBLOCK
100
AcDbPolyline
 90
        3
 70
     0
 43
0.0
 10
367327.588490203
 20
-82408.75770977458
 10
367327.588490203
 20
-82406.1031401329
 10
367329.7930549289
 20
-82406.1031401329
  0
LWPOLYLINE
  5
672
330
4F7
100
AcDbEntity
  8
_HATCH_253
  6
BYBLOCK
100
AcDbPolyline
 90
        3
 70
     0
 43
0.0
 10
367251.7172276992
 20
-82408.75770977458
 10
367251.7172276992
 20
-82406.1031401329
 10
367253.9217924252
 20
-82406.1031401329
  0
ARC
  5
673
330
4F7
100
AcDbEntity
  8
_HATCH_253
  6
BYBLOCK
100
AcDbCircle
 10
367276.5918414713
 20
-82402.06155108886
 30
0.0
 40
15.25452888333852
100
AcDbArc
 50
333.9623278599876
 51
30.01737304179138
  0
LINE
  5
674
330
4F7
100
AcDbEntity
  8
_HATCH_253
  6
BYBLOCK
100
AcDbLine
 10
367306.0280877612
 20
-82395.19645390699
 30
0.0
 11
367290.2981214299
 21
-82408.75770977458
 31
0.0
  0
ARC
  5
675
330
4F7
100
AcDbEntity
  8
_HATCH_253
  6
BYBLOCK
100
AcDbCircle
 10
367344.5302506657
 20
-82385.80982794186
 30
0.0
 40
20.42528975520247
100
AcDbArc
 50
150.5975120922858
 51
171.1793057341803
  0
ARC
  5
676
330
4F7
100
AcDbEntity
  8
_HATCH_253
  6
BYBLOCK
100
AcDbCircle
 10
367320.7115686125
 20
-82374.28686139772
 30
0.0
 40
5.241546760276681
100
AcDbArc
 50
260.7217232958682
 51
325.7354236680146
  0
ARC
  5
677
330
4F7
100
AcDbEntity
  8
_HATCH_253
  6
BYBLOCK
100
AcDbCircle
 10
366791.5011437265
 20
-82403.49501459992
 30
0.0
 40
521.3127599483022
100
AcDbArc
 50
1.817161218613794
 51
2.996665852348094
  0
ARC
  5
678
330
4F7
100
AcDbEntity
  8
_HATCH_253
  6
BYBLOCK
100
AcDbCircle
 10
367410.6513690631
 20
-82391.29719997423
 30
0.0
 40
85.33769666956896
100
AcDbArc
 50
169.5249660774947
 51
190.4750339225053
  0
ARC
  5
679
330
4F7
100
AcDbEntity
  8
_HATCH_253
  6
BYBLOCK
100
AcDbCircle
 10
367328.3931062389
 20
-82394.10271790011
 30
0.0
 40
8.775598779056915
100
AcDbArc
 50
130.2521925173781
 51
169.2575563508891
  0
ARC
  5
67A
330
4F7
100
AcDbEntity
  8
_HATCH_253
  6
BYBLOCK
100
AcDbCircle
 10
367322.040892072
 20
-82386.59976170624
 30
0.0
 40
1.055218911603481
100
AcDbArc
 50
310.252192517378
 51
90.49364470263428
  0
ARC
  5
67B
330
4F7
100
AcDbEntity
  8
_HATCH_253
  6
BYBLOCK
100
AcDbCircle
 10
367312.0585355972
 20
-82387.71017801149
 30
0.0
 40
0.5238628932036851
100
AcDbArc
 50
107.5153131098475
 51
204.7446598015219
  0
ARC
  5
67C
330
4F7
100
AcDbEntity
  8
_HATCH_253
  6
BYBLOCK
100
AcDbCircle
 10
367319.8858799366
 20
-82384.4014145382
 30
0.0
 40
9.021565989300015
100
AcDbArc
 50
203.0209260954128
 51
261.7616206014071
  0
ARC
  5
67D
330
4F7
100
AcDbEntity
  8
_HATCH_253
  6
BYBLOCK
100
AcDbCircle
 10
367245.4754252023
 20
-82394.69823926354
 30
0.0
 40
67.33851045081299
100
AcDbArc
 50
1.418959673203737
 51
4.199843666699055
  0
ARC
  5
67E
330
4F7
100
AcDbEntity
  8
_HATCH_253
  6
BYBLOCK
100
AcDbCircle
 10
367310.9071021238
 20
-82383.60386653843
 30
0.0
 40
3.741140320562588
100
AcDbArc
 50
285.4045852417117
 51
5.592460115445122
  0
ARC
  5
67F
330
4F7
100
AcDbEntity
  8
_HATCH_253
  6
BYBLOCK
100
AcDbCircle
 10
367321.9788654567
 20
-82379.40070684293
 30
0.0
 40
6.144103155822339
100
AcDbArc
 50
209.3033945730434
 51
270.4936447026342
  0
ARC
  5
680
330
4F7
100
AcDbEntity
  8
_HATCH_253
  6
BYBLOCK
100
AcDbCircle
 10
367315.8525846414
 20
-82383.36674263088
 30
0.0
 40
1.22877742232281
100
AcDbArc
 50
51.29454248333515
 51
174.0461692683577
  0
ARC
  5
681
330
4F7
100
AcDbEntity
  8
_HATCH_253
  6
BYBLOCK
100
AcDbCircle
 10
367286.4226197115
 20
-82391.02325416861
 30
0.0
 40
30.56934476195656
100
AcDbArc
 50
328.9025029548387
 51
339.139739250979
  0
ARC
  5
682
330
4F7
100
AcDbEntity
  8
_HATCH_253
  6
BYBLOCK
100
AcDbCircle
 10
367319.6673623649
 20
-82426.47712720132
 30
0.0
 40
20.89673707035097
100
AcDbArc
 50
70.22910394897416
 51
109.7708960510259
  0
ARC
  5
683
330
4F7
100
AcDbEntity
  8
_HATCH_253
  6
BYBLOCK
100
AcDbCircle
 10
366791.5011437265
 20
-82397.66708879957
 30
0.0
 40
521.3127599483022
100
AcDbArc
 50
0.0403459274256888
 51
0.0472286356961782
  0
ARC
  5
684
330
4F7
100
AcDbEntity
  8
_HATCH_253
  6
BYBLOCK
100
AcDbCircle
 10
367111.2860007015
 20
-82397.50419093521
 30
0.0
 40
201.5279024963626
100
AcDbArc
 50
357.3527278322002
 51
2.187400758738393
  0
ARC
  5
685
330
4F7
100
AcDbEntity
  8
_HATCH_253
  6
BYBLOCK
100
AcDbCircle
 10
367289.1621238384
 20
-82401.37237029283
 30
0.0
 40
24.0597391914971
100
AcDbArc
 50
346.9326280439925
 51
5.84874717009756
  0
LWPOLYLINE
  5
686
330
4F7
100
AcDbEntity
  8
_HATCH_253
  6
BYBLOCK
100
AcDbPolyline
 90
        2
 70
     0
 43
0.0
 10
367329.7930549289
 20
-82401.55406806192
 10
367327.4988865861
 20
-82401.55406806192
  0
LWPOLYLINE
  5
687
330
4F7
100
AcDbEntity
  8
_HATCH_253
  6
BYBLOCK
100
AcDbPolyline
 90
        2
 70
     0
 43
0.0
 10
367253.9217924252
 20
-82401.55406806192
 10
367251.6276240814
 20
-82401.55406806192
  0
CIRCLE
  5
688
330
4F7
100
AcDbEntity
  8
_HATCH_253
  6
BYBLOCK
100
AcDbCircle
 10
367252.6754811173
 20
-82407.24327280132
 30
0.0
 40
0.8213620001911635
  0
CIRCLE
  5
689
330
4F7
100
AcDbEntity
  8
_HATCH_253
  6
BYBLOCK
100
AcDbCircle
 10
367328.5467436211
 20
-82407.24327280132
 30
0.0
 40
0.8213620001911635
  0
ARC
  5
68A
330
4F7
100
AcDbEntity
  8
_HATCH_253
  6
BYBLOCK
100
AcDbCircle
 10
367298.8531968202
 20
-82374.9254228905
 30
0.0
 40
21.50334296055688
100
AcDbArc
 50
245.1024039644703
 51
289.4913155704937
  0
ARC
  5
68B
330
4F7
100
AcDbEntity
  8
_HATCH_253
  6
BYBLOCK
100
AcDbCircle
 10
367318.5292999856
 20
-82347.70496760534
 30
0.0
 40
29.25199720225677
100
AcDbArc
 50
257.3054010039355
 51
286.2929183472365
  0
ARC
  5
68C
330
4F7
100
AcDbEntity
  8
_HATCH_253
  6
BYBLOCK
100
AcDbCircle
 10
366791.5011437265
 20
-82349.08529533951
 30
0.0
 40
521.3127599483022
100
AcDbArc
 50
357.0033341476519
 51
358.1828387813862
  0
ARC
  5
68D
330
4F7
100
AcDbEntity
  8
_HATCH_253
  6
BYBLOCK
100
AcDbCircle
 10
367320.7115686125
 20
-82378.2934485417
 30
0.0
 40
5.241546760276681
100
AcDbArc
 50
34.26457633198549
 51
99.2782767041318
  0
ARC
  5
68E
330
4F7
100
AcDbEntity
  8
_HATCH_253
  6
BYBLOCK
100
AcDbCircle
 10
367344.5302506657
 20
-82366.7704819985
 30
0.0
 40
20.42528975520247
100
AcDbArc
 50
188.8206942658197
 51
209.4024879077142
  0
ARC
  5
68F
330
4F7
100
AcDbEntity
  8
_HATCH_253
  6
BYBLOCK
100
AcDbCircle
 10
367318.5292999856
 20
-82404.87534233501
 30
0.0
 40
29.25199720225677
100
AcDbArc
 50
73.70708165276349
 51
102.6945989960646
  0
ARC
  5
690
330
4F7
100
AcDbEntity
  8
_HATCH_253
  6
BYBLOCK
100
AcDbCircle
 10
367315.8525846414
 20
-82369.21356730947
 30
0.0
 40
1.22877742232281
100
AcDbArc
 50
185.9538307316418
 51
308.7054575166649
  0
ARC
  5
691
330
4F7
100
AcDbEntity
  8
_HATCH_253
  6
BYBLOCK
100
AcDbCircle
 10
367321.9788654567
 20
-82373.17960309649
 30
0.0
 40
6.144103155822339
100
AcDbArc
 50
89.50635529736573
 51
150.6966054269566
  0
ARC
  5
692
330
4F7
100
AcDbEntity
  8
_HATCH_253
  6
BYBLOCK
100
AcDbCircle
 10
367310.9071021238
 20
-82368.97644340193
 30
0.0
 40
3.741140320562588
100
AcDbArc
 50
354.4075398845544
 51
74.59541475828829
  0
ARC
  5
693
330
4F7
100
AcDbEntity
  8
_HATCH_253
  6
BYBLOCK
100
AcDbCircle
 10
367245.4754252023
 20
-82357.88207067682
 30
0.0
 40
67.33851045081299
100
AcDbArc
 50
355.8001563333009
 51
358.5810403267963
  0
ARC
  5
694
330
4F7
100
AcDbEntity
  8
_HATCH_253
  6
BYBLOCK
100
AcDbCircle
 10
367321.2466400781
 20
-82368.1962366741
 30
0.0
 40
10.2936902064391
100
AcDbArc
 50
104.9382031304916
 51
159.8534400068831
  0
ARC
  5
695
330
4F7
100
AcDbEntity
  8
_HATCH_253
  6
BYBLOCK
100
AcDbCircle
 10
367312.0585355972
 20
-82364.87013192794
 30
0.0
 40
0.5238628932036851
100
AcDbArc
 50
155.2553401984781
 51
252.4846868901525
  0
ARC
  5
696
330
4F7
100
AcDbEntity
  8
_HATCH_253
  6
BYBLOCK
100
AcDbCircle
 10
367322.040892072
 20
-82365.98054823412
 30
0.0
 40
1.055218911603481
100
AcDbArc
 50
269.5063552973658
 51
49.74780748262194
  0
ARC
  5
697
330
4F7
100
AcDbEntity
  8
_HATCH_253
  6
BYBLOCK
100
AcDbCircle
 10
367317.5211038658
 20
-82360.23241061739
 30
0.0
 40
2.253345527519222
100
AcDbArc
 50
3.029651777678413
 51
61.59095055689305
  0
ARC
  5
698
330
4F7
100
AcDbEntity
  8
_HATCH_253
  6
BYBLOCK
100
AcDbCircle
 10
367328.3931062389
 20
-82358.47759204025
 30
0.0
 40
8.775598779056915
100
AcDbArc
 50
190.742443649111
 51
229.747807482622
  0
ARC
  5
699
330
4F7
100
AcDbEntity
  8
_HATCH_253
  6
BYBLOCK
100
AcDbCircle
 10
366791.5011437265
 20
-82353.91322114079
 30
0.0
 40
521.3127599483022
100
AcDbArc
 50
359.9527713643038
 51
359.9596540725743
  0
LWPOLYLINE
  5
69A
330
4F7
100
AcDbEntity
  8
_HATCH_253
  6
BYBLOCK
100
AcDbPolyline
 90
        2
 70
     0
 43
0.0
 10
367253.9217924252
 20
-82351.88247208337
 10
367306.0280877612
 20
-82351.88247208337
  0
LWPOLYLINE
  5
69B
330
4F7
100
AcDbEntity
  8
_HATCH_253
  6
BYBLOCK
100
AcDbPolyline
 90
        2
 70
     0
 43
0.0
 10
367253.9217924252
 20
-82352.65680598134
 10
367306.0280877612
 20
-82352.65680598134
  0
LWPOLYLINE
  5
69C
330
4F7
100
AcDbEntity
  8
_HATCH_253
  6
BYBLOCK
100
AcDbPolyline
 90
        2
 70
     0
 43
0.0
 10
367253.9217924252
 20
-82350.02624187844
 10
367251.6276240814
 20
-82350.02624187844
  0
LWPOLYLINE
  5
69D
330
4F7
100
AcDbEntity
  8
_HATCH_253
  6
BYBLOCK
100
AcDbPolyline
 90
        3
 70
     0
 43
0.0
 10
367251.7172276992
 20
-82342.82260016577
 10
367251.7172276992
 20
-82345.47716980746
 10
367253.9217924252
 20
-82345.47716980746
  0
LWPOLYLINE
  5
69E
330
4F7
100
AcDbEntity
  8
_HATCH_253
  6
BYBLOCK
100
AcDbPolyline
 90
        4
 70
     0
 43
0.0
 10
367251.7172276992
 20
-82342.82260016577
 10
367329.7930549289
 20
-82342.82260016577
 10
367329.7930549289
 20
-82408.75770977457
 10
367251.7172276992
 20
-82408.75770977551
  0
CIRCLE
  5
69F
330
4F7
100
AcDbEntity
  8
_HATCH_253
  6
BYBLOCK
100
AcDbCircle
 10
367252.6754811173
 20
-82344.3370371381
 30
0.0
 40
0.8213620001911635
  0
LWPOLYLINE
  5
6A0
330
4F7
100
AcDbEntity
  8
_HATCH_253
  6
BYBLOCK
100
AcDbPolyline
 90
        2
 70
     0
 43
0.0
 10
367329.7930549289
 20
-82350.02624187844
 10
367327.4988865861
 20
-82350.02624187844
  0
LWPOLYLINE
  5
6A1
330
4F7
100
AcDbEntity
  8
_HATCH_253
  6
BYBLOCK
100
AcDbPolyline
 90
        3
 70
     0
 43
0.0
 10
367327.588490203
 20
-82342.82260016577
 10
367327.588490203
 20
-82345.47716980746
 10
367329.7930549289
 20
-82345.47716980746
  0
ARC
  5
6A2
330
4F7
100
AcDbEntity
  8
_HATCH_253
  6
BYBLOCK
100
AcDbCircle
 10
367319.6673623649
 20
-82325.10318273904
 30
0.0
 40
20.89673707035097
100
AcDbArc
 50
250.2291039489741
 51
289.7708960510258
  0
CIRCLE
  5
6A3
330
4F7
100
AcDbEntity
  8
_HATCH_253
  6
BYBLOCK
100
AcDbCircle
 10
367328.5467436211
 20
-82344.3370371381
 30
0.0
 40
0.8213620001911635
  0
ARC
  5
6A4
330
4F7
100
AcDbEntity
  8
_HATCH_253
  6
BYBLOCK
100
AcDbCircle
 10
367286.4226197115
 20
-82360.55705577081
 30
0.0
 40
30.56934476195656
100
AcDbArc
 50
20.86026074902097
 51
31.09749704516129
  0
CIRCLE
  5
6A5
330
4F7
100
AcDbEntity
  8
_HATCH_253
 48
20.0
100
AcDbCircle
 10
367269.9243609559
 20
-82637.1135774526
 30
0.0
 40
24.0
  0
LWPOLYLINE
  5
6A6
330
4F7
100
AcDbEntity
  8
_HATCH_253
 48
20.0
100
AcDbPolyline
 90
        4
 70
     0
 43
0.0
 10
367292.1245658798
 20
-82627.99486584729
 10
367304.5649607066
 20
-82627.92841502023
 10
367304.6611069978
 20
-82645.92815823757
 10
367292.2207121711
 20
-82645.99460906471
  0
LWPOLYLINE
  5
6A7
330
4F7
100
AcDbEntity
  8
_HATCH_253
 48
20.0
100
AcDbPolyline
 90
        4
 70
     0
 43
0.0
 10
367292.5087234729
 20
-82628.99282812135
 10
367303.5703164329
 20
-82628.93374221522
 10
367303.6557798028
 20
-82644.93351396394
 10
367292.5941868429
 20
-82644.99259987008
  0
LWPOLYLINE
  5
6A8
330
4F7
100
AcDbEntity
  8
_HATCH_253
 48
20.0
100
AcDbPolyline
 90
        4
 70
     0
 43
0.0
 10
367247.628009741
 20
-82628.23254584047
 10
367235.1876149141
 20
-82628.2989966675
 10
367235.2837612054
 20
-82646.29873988486
 10
367247.7241560321
 20
-82646.2322890578
  0
LWPOLYLINE
  5
6A9
330
4F7
100
AcDbEntity
  8
_HATCH_253
 48
20.0
100
AcDbPolyline
 90
        4
 70
     0
 43
0.0
 10
367247.254535069
 20
-82629.2345550351
 10
367236.1929421091
 20
-82629.29364094127
 10
367236.278405479
 20
-82645.29341268999
 10
367247.339998439
 20
-82645.23432678386
  0
LWPOLYLINE
  5
6AA
330
4F7
100
AcDbEntity
  8
_HATCH_253
 48
20.0
100
AcDbPolyline
 90
        4
 70
     0
 43
0.0
 10
367260.8056493507
 20
-82614.91337252877
 10
367260.7391985237
 20
-82602.47297770204
 10
367278.7389417409
 20
-82602.3768314108
 10
367278.805392568
 20
-82614.81722623756
  0
LWPOLYLINE
  5
6AB
330
4F7
100
AcDbEntity
  8
_HATCH_253
 48
20.0
100
AcDbPolyline
 90
        4
 70
     0
 43
0.0
 10
367261.8036116247
 20
-82614.52921493558
 10
367261.7445257186
 20
-82603.46762197561
 10
367277.7442974673
 20
-82603.38215860567
 10
367277.8033833734
 20
-82614.44375156565
  0
LWPOLYLINE
  5
6AC
330
4F7
100
AcDbEntity
  8
_HATCH_253
 48
20.0
100
AcDbPolyline
 90
        4
 70
     0
 43
0.0
 10
367261.0433293438
 20
-82659.40992866759
 10
367261.109780171
 20
-82671.85032349438
 10
367279.1095233883
 20
-82671.75417720323
 10
367279.0430725612
 20
-82659.31378237644
  0
LWPOLYLINE
  5
6AD
330
4F7
100
AcDbEntity
  8
_HATCH_253
 48
20.0
100
AcDbPolyline
 90
        4
 70
     0
 43
0.0
 10
367262.0453385385
 20
-82659.78340333953
 10
367262.1044244446
 20
-82670.84499629936
 10
367278.1041961934
 20
-82670.75953292943
 10
367278.0451102871
 20
-82659.6979399696
  0
LWPOLYLINE
  5
6AE
330
4F7
100
AcDbEntity
  8
_HATCH_253
  6
BYBLOCK
100
AcDbPolyline
 90
        2
 70
     0
 43
0.0
 10
367105.5872232717
 20
-82364.25824125235
 10
367105.5872232717
 20
-82312.73041506887
  0
LWPOLYLINE
  5
6AF
330
4F7
100
AcDbEntity
  8
_HATCH_253
  6
BYBLOCK
100
AcDbPolyline
 90
        2
 70
     0
 43
0.0
 10
367105.1350967203
 20
-82364.25824125235
 10
367105.1350967203
 20
-82312.73041506887
  0
LWPOLYLINE
  5
6B0
330
4F7
100
AcDbEntity
  8
_HATCH_253
  6
BYBLOCK
100
AcDbPolyline
 90
        2
 70
     0
 43
0.0
 10
367103.7727331434
 20
-82364.25824125235
 10
367103.7727331434
 20
-82312.73041506887
  0
LWPOLYLINE
  5
6B1
330
4F7
100
AcDbEntity
  8
_HATCH_253
  6
BYBLOCK
100
AcDbPolyline
 90
        2
 70
     0
 43
0.0
 10
367181.4584857764
 20
-82364.25824125235
 10
367181.4584857764
 20
-82312.73041506887
  0
LWPOLYLINE
  5
6B2
330
4F7
100
AcDbEntity
  8
_HATCH_253
  6
BYBLOCK
100
AcDbPolyline
 90
        2
 70
     0
 43
0.0
 10
367179.6439956481
 20
-82364.25824125235
 10
367179.6439956481
 20
-82312.73041506887
  0
LWPOLYLINE
  5
6B3
330
4F7
100
AcDbEntity
  8
_HATCH_253
  6
BYBLOCK
100
AcDbPolyline
 90
        2
 70
     0
 43
0.0
 10
367181.0063592241
 20
-82364.25824125235
 10
367181.0063592241
 20
-82312.73041506887
  0
LWPOLYLINE
  5
6B4
330
4F7
100
AcDbEntity
  8
_HATCH_253
  6
BYBLOCK
100
AcDbPolyline
 90
        2
 70
     0
 43
0.0
 10
367166.5932456831
 20
-82371.46188296501
 10
367166.5932456831
 20
-82305.5267733562
  0
LWPOLYLINE
  5
6B5
330
4F7
100
AcDbEntity
  8
_HATCH_253
  6
BYBLOCK
100
AcDbPolyline
 90
        2
 70
     0
 43
0.0
 10
367167.4693172178
 20
-82371.46188296501
 10
367167.4693172178
 20
-82305.5267733562
  0
LINE
  5
6B6
330
4F7
100
AcDbEntity
  8
_HATCH_253
  6
BYBLOCK
100
AcDbLine
 10
367127.0580220966
 20
-82371.46188296501
 30
0.0
 11
367127.0580220966
 21
-82319.0880292238
 31
0.0
  0
LINE
  5
6B7
330
4F7
100
AcDbEntity
  8
_HATCH_253
  6
BYBLOCK
100
AcDbLine
 10
367180.3299025929
 20
-82308.1813429979
 30
0.0
 11
367180.3299025929
 21
-82368.80731332333
 31
0.0
  0
LINE
  5
6B8
330
4F7
100
AcDbEntity
  8
_HATCH_253
  6
BYBLOCK
100
AcDbLine
 10
367179.1643174327
 20
-82371.46188296501
 30
0.0
 11
367179.1643174327
 21
-82305.5267733562
 31
0.0
  0
LINE
  5
6B9
330
4F7
100
AcDbEntity
  8
_HATCH_253
  6
BYBLOCK
100
AcDbLine
 10
367104.4586400891
 20
-82308.1813429979
 30
0.0
 11
367104.4586400891
 21
-82368.80731332333
 31
0.0
  0
ARC
  5
6BA
330
4F7
100
AcDbEntity
  8
_HATCH_253
  6
BYBLOCK
100
AcDbCircle
 10
367143.9239860195
 20
-82364.07654348326
 30
0.0
 40
24.0597391914971
100
AcDbArc
 50
174.1512528299024
 51
193.0673719560071
  0
ARC
  5
6BB
330
4F7
100
AcDbEntity
  8
_HATCH_253
  6
BYBLOCK
100
AcDbCircle
 10
367016.8923473526
 20
-82353.50137316559
 30
0.0
 40
90.88009011172528
100
AcDbArc
 50
349.8502693155016
 51
10.14973068449796
  0
ARC
  5
6BC
330
4F7
100
AcDbEntity
  8
_HATCH_253
  6
BYBLOCK
100
AcDbCircle
 10
367346.1954435689
 20
-82359.66079195587
 30
0.0
 40
225.923236986236
100
AcDbArc
 50
177.9340834906894
 51
182.500239668952
  0
LWPOLYLINE
  5
6BD
330
4F7
100
AcDbEntity
  8
_HATCH_253
  6
BYBLOCK
100
AcDbPolyline
 90
        3
 70
     0
 43
0.0
 10
367105.4976196549
 20
-82305.5267733562
 10
367105.4976196549
 20
-82308.1813429979
 10
367103.2930549289
 20
-82308.1813429979
  0
LWPOLYLINE
  5
6BE
330
4F7
100
AcDbEntity
  8
_HATCH_253
  6
BYBLOCK
100
AcDbPolyline
 90
        3
 70
     0
 43
0.0
 10
367181.3688821587
 20
-82305.5267733562
 10
367181.3688821587
 20
-82308.1813429979
 10
367179.1643174327
 20
-82308.1813429979
  0
ARC
  5
6BF
330
4F7
100
AcDbEntity
  8
_HATCH_253
  6
BYBLOCK
100
AcDbCircle
 10
367156.4942683865
 20
-82312.22293204193
 30
0.0
 40
15.25452888333852
100
AcDbArc
 50
153.9623278599877
 51
210.0173730417914
  0
LINE
  5
6C0
330
4F7
100
AcDbEntity
  8
_HATCH_253
  6
BYBLOCK
100
AcDbLine
 10
367127.0580220966
 20
-82319.0880292238
 30
0.0
 11
367142.7879884279
 21
-82305.5267733562
 31
0.0
  0
ARC
  5
6C1
330
4F7
100
AcDbEntity
  8
_HATCH_253
  6
BYBLOCK
100
AcDbCircle
 10
367088.5558591922
 20
-82328.47465518893
 30
0.0
 40
20.42528975520247
100
AcDbArc
 50
330.5975120922858
 51
351.1793057341799
  0
ARC
  5
6C2
330
4F7
100
AcDbEntity
  8
_HATCH_253
  6
BYBLOCK
100
AcDbCircle
 10
367112.3745412453
 20
-82339.99762173307
 30
0.0
 40
5.241546760276681
100
AcDbArc
 50
80.7217232958682
 51
145.7354236680145
  0
ARC
  5
6C3
330
4F7
100
AcDbEntity
  8
_HATCH_253
  6
BYBLOCK
100
AcDbCircle
 10
367641.5849661314
 20
-82310.78946853087
 30
0.0
 40
521.3127599483022
100
AcDbArc
 50
181.8171612186138
 51
182.9966658523481
  0
ARC
  5
6C4
330
4F7
100
AcDbEntity
  8
_HATCH_253
  6
BYBLOCK
100
AcDbCircle
 10
367022.4347407947
 20
-82322.98728315656
 30
0.0
 40
85.33769666956896
100
AcDbArc
 50
349.5249660774947
 51
10.47503392250531
  0
ARC
  5
6C5
330
4F7
100
AcDbEntity
  8
_HATCH_253
  6
BYBLOCK
100
AcDbCircle
 10
367104.693003619
 20
-82320.18176523068
 30
0.0
 40
8.775598779056915
100
AcDbArc
 50
310.252192517378
 51
349.2575563508886
  0
ARC
  5
6C6
330
4F7
100
AcDbEntity
  8
_HATCH_253
  6
BYBLOCK
100
AcDbCircle
 10
367111.0452177859
 20
-82327.68472142455
 30
0.0
 40
1.055218911603481
100
AcDbArc
 50
130.2521925173781
 51
270.4936447026342
  0
ARC
  5
6C7
330
4F7
100
AcDbEntity
  8
_HATCH_253
  6
BYBLOCK
100
AcDbCircle
 10
367121.0275742606
 20
-82326.5743051193
 30
0.0
 40
0.5238628932036851
100
AcDbArc
 50
287.5153131098475
 51
24.74465980152189
  0
ARC
  5
6C8
330
4F7
100
AcDbEntity
  8
_HATCH_253
  6
BYBLOCK
100
AcDbCircle
 10
367113.2002299213
 20
-82329.8830685926
 30
0.0
 40
9.021565989300015
100
AcDbArc
 50
23.0209260954128
 51
81.76162060140709
  0
ARC
  5
6C9
330
4F7
100
AcDbEntity
  8
_HATCH_253
  6
BYBLOCK
100
AcDbCircle
 10
367187.6106846555
 20
-82319.58624386725
 30
0.0
 40
67.33851045081299
100
AcDbArc
 50
181.4189596732037
 51
184.199843666699
  0
ARC
  5
6CA
330
4F7
100
AcDbEntity
  8
_HATCH_253
  6
BYBLOCK
100
AcDbCircle
 10
367122.1790077341
 20
-82330.68061659236
 30
0.0
 40
3.741140320562588
100
AcDbArc
 50
105.4045852417117
 51
185.5924601154451
  0
ARC
  5
6CB
330
4F7
100
AcDbEntity
  8
_HATCH_253
  6
BYBLOCK
100
AcDbCircle
 10
367111.1072444011
 20
-82334.88377628785
 30
0.0
 40
6.144103155822339
100
AcDbArc
 50
29.30339457304341
 51
90.49364470263428
  0
ARC
  5
6CC
330
4F7
100
AcDbEntity
  8
_HATCH_253
  6
BYBLOCK
100
AcDbCircle
 10
367117.2335252165
 20
-82330.9177404999
 30
0.0
 40
1.22877742232281
100
AcDbArc
 50
231.2945424833351
 51
354.0461692683578
  0
ARC
  5
6CD
330
4F7
100
AcDbEntity
  8
_HATCH_253
  6
BYBLOCK
100
AcDbCircle
 10
367146.6634901463
 20
-82323.26122896218
 30
0.0
 40
30.56934476195656
100
AcDbArc
 50
148.9025029548387
 51
159.139739250979
  0
ARC
  5
6CE
330
4F7
100
AcDbEntity
  8
_HATCH_253
  6
BYBLOCK
100
AcDbCircle
 10
367113.4187474929
 20
-82287.80735592947
 30
0.0
 40
20.89673707035097
100
AcDbArc
 50
250.2291039489741
 51
289.7708960510258
  0
ARC
  5
6CF
330
4F7
100
AcDbEntity
  8
_HATCH_253
  6
BYBLOCK
100
AcDbCircle
 10
367641.5849661314
 20
-82316.61739433122
 30
0.0
 40
521.3127599483022
100
AcDbArc
 50
180.0403459274257
 51
180.0472286356962
  0
ARC
  5
6D0
330
4F7
100
AcDbEntity
  8
_HATCH_253
  6
BYBLOCK
100
AcDbCircle
 10
367321.8001091563
 20
-82316.78029219557
 30
0.0
 40
201.5279024963626
100
AcDbArc
 50
177.3527278322001
 51
182.1874007587384
  0
ARC
  5
6D1
330
4F7
100
AcDbEntity
  8
_HATCH_253
  6
BYBLOCK
100
AcDbCircle
 10
367143.9239860195
 20
-82312.91211283796
 30
0.0
 40
24.0597391914971
100
AcDbArc
 50
166.9326280439929
 51
185.8487471700976
  0
LWPOLYLINE
  5
6D2
330
4F7
100
AcDbEntity
  8
_HATCH_253
  6
BYBLOCK
100
AcDbPolyline
 90
        2
 70
     0
 43
0.0
 10
367103.2930549289
 20
-82312.73041506887
 10
367105.5872232717
 20
-82312.73041506887
  0
LWPOLYLINE
  5
6D3
330
4F7
100
AcDbEntity
  8
_HATCH_253
  6
BYBLOCK
100
AcDbPolyline
 90
        2
 70
     0
 43
0.0
 10
367179.1643174327
 20
-82312.73041506887
 10
367181.4584857764
 20
-82312.73041506887
  0
CIRCLE
  5
6D4
330
4F7
100
AcDbEntity
  8
_HATCH_253
  6
BYBLOCK
100
AcDbCircle
 10
367180.4106287406
 20
-82307.04121032947
 30
0.0
 40
0.8213620001911635
  0
CIRCLE
  5
6D5
330
4F7
100
AcDbEntity
  8
_HATCH_253
  6
BYBLOCK
100
AcDbCircle
 10
367104.5393662368
 20
-82307.04121032947
 30
0.0
 40
0.8213620001911635
  0
ARC
  5
6D6
330
4F7
100
AcDbEntity
  8
_HATCH_253
  6
BYBLOCK
100
AcDbCircle
 10
367134.2329130376
 20
-82339.35906024028
 30
0.0
 40
21.50334296055688
100
AcDbArc
 50
65.10240396447024
 51
109.4913155704938
  0
ARC
  5
6D7
330
4F7
100
AcDbEntity
  8
_HATCH_253
  6
BYBLOCK
100
AcDbCircle
 10
367114.5568098723
 20
-82366.57951552545
 30
0.0
 40
29.25199720225677
100
AcDbArc
 50
77.30540100393543
 51
106.2929183472365
  0
ARC
  5
6D8
330
4F7
100
AcDbEntity
  8
_HATCH_253
  6
BYBLOCK
100
AcDbCircle
 10
367641.5849661314
 20
-82365.19918779128
 30
0.0
 40
521.3127599483022
100
AcDbArc
 50
177.0033341476519
 51
178.1828387813862
  0
ARC
  5
6D9
330
4F7
100
AcDbEntity
  8
_HATCH_253
  6
BYBLOCK
100
AcDbCircle
 10
367112.3745412453
 20
-82335.99103458908
 30
0.0
 40
5.241546760276681
100
AcDbArc
 50
214.2645763319855
 51
279.2782767041318
  0
ARC
  5
6DA
330
4F7
100
AcDbEntity
  8
_HATCH_253
  6
BYBLOCK
100
AcDbCircle
 10
367088.5558591922
 20
-82347.5140011323
 30
0.0
 40
20.42528975520247
100
AcDbArc
 50
8.820694265820094
 51
29.40248790771419
  0
ARC
  5
6DB
330
4F7
100
AcDbEntity
  8
_HATCH_253
  6
BYBLOCK
100
AcDbCircle
 10
367114.5568098723
 20
-82309.40914079577
 30
0.0
 40
29.25199720225677
100
AcDbArc
 50
253.7070816527635
 51
282.6945989960646
  0
ARC
  5
6DC
330
4F7
100
AcDbEntity
  8
_HATCH_253
  6
BYBLOCK
100
AcDbCircle
 10
367117.2335252165
 20
-82345.07091582131
 30
0.0
 40
1.22877742232281
100
AcDbArc
 50
5.95383073164226
 51
128.7054575166649
  0
ARC
  5
6DD
330
4F7
100
AcDbEntity
  8
_HATCH_253
  6
BYBLOCK
100
AcDbCircle
 10
367111.1072444011
 20
-82341.1048800343
 30
0.0
 40
6.144103155822339
100
AcDbArc
 50
269.5063552973658
 51
330.6966054269566
  0
ARC
  5
6DE
330
4F7
100
AcDbEntity
  8
_HATCH_253
  6
BYBLOCK
100
AcDbCircle
 10
367122.1790077341
 20
-82345.30803972886
 30
0.0
 40
3.741140320562588
100
AcDbArc
 50
174.4075398845549
 51
254.5954147582883
  0
ARC
  5
6DF
330
4F7
100
AcDbEntity
  8
_HATCH_253
  6
BYBLOCK
100
AcDbCircle
 10
367187.6106846555
 20
-82356.40241245397
 30
0.0
 40
67.33851045081299
100
AcDbArc
 50
175.8001563333009
 51
178.5810403267963
  0
ARC
  5
6E0
330
4F7
100
AcDbEntity
  8
_HATCH_253
  6
BYBLOCK
100
AcDbCircle
 10
367111.8394697797
 20
-82346.08824645668
 30
0.0
 40
10.2936902064391
100
AcDbArc
 50
284.9382031304916
 51
339.8534400068831
  0
ARC
  5
6E1
330
4F7
100
AcDbEntity
  8
_HATCH_253
  6
BYBLOCK
100
AcDbCircle
 10
367121.0275742606
 20
-82349.41435120285
 30
0.0
 40
0.5238628932036851
100
AcDbArc
 50
335.2553401984781
 51
72.48468689015253
  0
ARC
  5
6E2
330
4F7
100
AcDbEntity
  8
_HATCH_253
  6
BYBLOCK
100
AcDbCircle
 10
367111.0452177859
 20
-82348.30393489667
 30
0.0
 40
1.055218911603481
100
AcDbArc
 50
89.50635529736573
 51
229.747807482622
  0
ARC
  5
6E3
330
4F7
100
AcDbEntity
  8
_HATCH_253
  6
BYBLOCK
100
AcDbCircle
 10
367115.5650059921
 20
-82354.0520725134
 30
0.0
 40
2.253345527519222
100
AcDbArc
 50
183.0296517776784
 51
241.5909505568931
  0
ARC
  5
6E4
330
4F7
100
AcDbEntity
  8
_HATCH_253
  6
BYBLOCK
100
AcDbCircle
 10
367104.693003619
 20
-82355.80689109054
 30
0.0
 40
8.775598779056915
100
AcDbArc
 50
10.74244364911096
 51
49.74780748262194
  0
ARC
  5
6E5
330
4F7
100
AcDbEntity
  8
_HATCH_253
  6
BYBLOCK
100
AcDbCircle
 10
367641.5849661314
 20
-82360.37126199
 30
0.0
 40
521.3127599483022
100
AcDbArc
 50
179.9527713643038
 51
179.9596540725743
  0
LWPOLYLINE
  5
6E6
330
4F7
100
AcDbEntity
  8
_HATCH_253
  6
BYBLOCK
100
AcDbPolyline
 90
        2
 70
     0
 43
0.0
 10
367179.1643174327
 20
-82362.40201104742
 10
367127.0580220966
 20
-82362.40201104742
  0
LWPOLYLINE
  5
6E7
330
4F7
100
AcDbEntity
  8
_HATCH_253
  6
BYBLOCK
100
AcDbPolyline
 90
        2
 70
     0
 43
0.0
 10
367179.1643174327
 20
-82361.62767714944
 10
367127.0580220966
 20
-82361.62767714944
  0
LWPOLYLINE
  5
6E8
330
4F7
100
AcDbEntity
  8
_HATCH_253
  6
BYBLOCK
100
AcDbPolyline
 90
        2
 70
     0
 43
0.0
 10
367179.1643174327
 20
-82364.25824125235
 10
367181.4584857764
 20
-82364.25824125235
  0
LWPOLYLINE
  5
6E9
330
4F7
100
AcDbEntity
  8
_HATCH_253
  6
BYBLOCK
100
AcDbPolyline
 90
        3
 70
     0
 43
0.0
 10
367181.3688821587
 20
-82371.46188296501
 10
367181.3688821587
 20
-82368.80731332333
 10
367179.1643174327
 20
-82368.80731332333
  0
LWPOLYLINE
  5
6EA
330
4F7
100
AcDbEntity
  8
_HATCH_253
  6
BYBLOCK
100
AcDbPolyline
 90
        4
 70
     0
 43
0.0
 10
367181.3688821587
 20
-82371.46188296501
 10
367103.2930549289
 20
-82371.46188296501
 10
367103.2930549289
 20
-82305.52677335622
 10
367181.3688821587
 20
-82305.52677335528
  0
CIRCLE
  5
6EB
330
4F7
100
AcDbEntity
  8
_HATCH_253
  6
BYBLOCK
100
AcDbCircle
 10
367180.4106287406
 20
-82369.94744599269
 30
0.0
 40
0.8213620001911635
  0
LWPOLYLINE
  5
6EC
330
4F7
100
AcDbEntity
  8
_HATCH_253
  6
BYBLOCK
100
AcDbPolyline
 90
        2
 70
     0
 43
0.0
 10
367103.2930549289
 20
-82364.25824125235
 10
367105.5872232717
 20
-82364.25824125235
  0
LWPOLYLINE
  5
6ED
330
4F7
100
AcDbEntity
  8
_HATCH_253
  6
BYBLOCK
100
AcDbPolyline
 90
        3
 70
     0
 43
0.0
 10
367105.4976196549
 20
-82371.46188296501
 10
367105.4976196549
 20
-82368.80731332333
 10
367103.2930549289
 20
-82368.80731332333
  0
ARC
  5
6EE
330
4F7
100
AcDbEntity
  8
_HATCH_253
  6
BYBLOCK
100
AcDbCircle
 10
367113.4187474929
 20
-82389.18130039175
 30
0.0
 40
20.89673707035097
100
AcDbArc
 50
70.22910394897416
 51
109.7708960510259
  0
CIRCLE
  5
6EF
330
4F7
100
AcDbEntity
  8
_HATCH_253
  6
BYBLOCK
100
AcDbCircle
 10
367104.5393662368
 20
-82369.94744599269
 30
0.0
 40
0.8213620001911635
  0
ARC
  5
6F0
330
4F7
100
AcDbEntity
  8
_HATCH_253
  6
BYBLOCK
100
AcDbCircle
 10
367146.6634901463
 20
-82353.72742735998
 30
0.0
 40
30.56934476195656
100
AcDbArc
 50
200.860260749021
 51
211.0974970451613
  0
ENDBLK
  5
6F1
330
4F7
100
AcDbEntity
  8
0
 48
12.0
100
AcDbBlockEnd
  0
BLOCK
  5
7FD
330
7FA
100
AcDbEntity
  8
0
 48
12.0
100
AcDbBlockBegin
  2
THRTHTY
 70
     0
 10
0.0
 20
0.0
 30
0.0
  3
THRTHTY
  1

  0
LWPOLYLINE
  5
7FE
330
7FA
100
AcDbEntity
  8
BEAM
  6
HIDDEN
 48
20.0
100
AcDbPolyline
 90
        4
 70
     0
 43
0.0
 10
374226.0187282285
 20
-82175.62980222626
 10
374410.0187163647
 20
-82175.62980222626
 10
374410.0187163583
 20
-82183.62980916111
 10
374466.0187282222
 20
-82183.62979531728
  0
LWPOLYLINE
  5
7FF
330
7FA
100
AcDbEntity
  8
BEAM
  6
HIDDEN
 48
20.0
100
AcDbPolyline
 90
        2
 70
     0
 43
0.0
 10
374466.0187282222
 20
-82183.62979531728
 10
374466.017978006
 20
-82781.63018633306
  0
LWPOLYLINE
  5
800
330
7FA
100
AcDbEntity
  8
BEAM
  6
HIDDEN
 48
20.0
100
AcDbPolyline
 90
        2
 70
     0
 43
0.0
 10
374457.0187282222
 20
-82183.62979754218
 10
374457.0187282222
 20
-82211.72863578961
  0
LWPOLYLINE
  5
801
330
7FA
100
AcDbEntity
  8
BEAM
  6
HIDDEN
 48
20.0
100
AcDbPolyline
 90
        2
 70
     0
 43
0.0
 10
374457.0187282222
 20
-82457.72863600565
 10
374457.0187282222
 20
-82598.72679633574
  0
LWPOLYLINE
  5
802
330
7FA
100
AcDbEntity
  8
BEAM
  6
HIDDEN
 48
20.0
100
AcDbPolyline
 90
        2
 70
     0
 43
0.0
 10
374457.0184155485
 20
-82745.72863600566
 10
374457.0523887825
 20
-82781.62967247602
  0
LWPOLYLINE
  5
803
330
7FA
100
AcDbEntity
  8
BEAM
  6
HIDDEN
 48
20.0
100
AcDbPolyline
 90
        2
 70
     0
 43
0.0
 10
374226.0187282221
 20
-82175.62980222626
 10
374226.0187282221
 20
-82781.6298022392
  0
LWPOLYLINE
  5
804
330
7FA
100
AcDbEntity
  8
BEAM
  6
HIDDEN
 48
20.0
100
AcDbPolyline
 90
        2
 70
     0
 43
0.0
 10
374235.0187282221
 20
-82175.62980222626
 10
374235.0187282221
 20
-82211.62862303946
  0
LWPOLYLINE
  5
805
330
7FA
100
AcDbEntity
  8
BEAM
  6
HIDDEN
 48
20.0
100
AcDbPolyline
 90
        2
 70
     0
 43
0.0
 10
374235.0187282221
 20
-82331.72974267598
 10
374235.0187282221
 20
-82394.72863600566
  0
LWPOLYLINE
  5
806
330
7FA
100
AcDbEntity
  8
BEAM
  6
HIDDEN
 48
20.0
100
AcDbPolyline
 90
        2
 70
     0
 43
0.0
 10
374235.0187282221
 20
-82399.22863600566
 10
374235.0187282221
 20
-82453.22745679664
  0
LWPOLYLINE
  5
807
330
7FA
100
AcDbEntity
  8
BEAM
  6
HIDDEN
 48
20.0
100
AcDbPolyline
 90
        2
 70
     0
 43
0.0
 10
374235.0187282221
 20
-82745.72659387985
 10
374235.0187282221
 20
-82781.6298022392
  0
LWPOLYLINE
  5
808
330
7FA
100
AcDbEntity
  8
BEAM
  6
HIDDEN
 48
20.0
100
AcDbPolyline
 90
        3
 70
     0
 43
0.0
 10
374235.0475095175
 20
-82211.62863600567
 10
374349.0172417492
 20
-82211.67592819346
 10
374349.0123622019
 20
-82175.62980222626
  0
LWPOLYLINE
  5
809
330
7FA
100
AcDbEntity
  8
BEAM
  6
HIDDEN
 48
20.0
100
AcDbPolyline
 90
        2
 70
     0
 43
0.0
 10
374367.0207749461
 20
-82211.68809100216
 10
374457.0192077979
 20
-82211.72863600566
  0
LWPOLYLINE
  5
80A
330
7FA
100
AcDbEntity
  8
BEAM
  6
HIDDEN
 48
20.0
100
AcDbPolyline
 90
        5
 70
     0
 43
0.0
 10
374235.0187282221
 20
-82327.3615308592
 10
374235.0187282221
 20
-82229.68060415148
 10
374349.0152147737
 20
-82229.73196046737
 10
374349.0187509256
 20
-82327.14495116798
 10
374235.0187997749
 20
-82327.10822433529
  0
LWPOLYLINE
  5
80B
330
7FA
100
AcDbEntity
  8
BEAM
  6
HIDDEN
 48
20.0
100
AcDbPolyline
 90
        2
 70
     0
 43
0.0
 10
374466.0187282222
 20
-82745.72673543518
 10
374466.0191975902
 20
-82745.72673543547
  0
LWPOLYLINE
  5
80C
330
7FA
100
AcDbEntity
  8
BEAM
  6
HIDDEN
 48
20.0
100
AcDbPolyline
 90
        2
 70
     0
 43
0.0
 10
374466.0187282222
 20
-82736.72673543518
 10
374466.0192031053
 20
-82736.72673543547
  0
LWPOLYLINE
  5
80D
330
7FA
100
AcDbEntity
  8
BEAM
  6
HIDDEN
 48
20.0
100
AcDbPolyline
 90
        2
 70
     0
 43
0.0
 10
374235.0192077794
 20
-82598.72679633698
 10
374305.5187282283
 20
-82598.72679633659
  0
LWPOLYLINE
  5
80E
330
7FA
100
AcDbEntity
  8
BEAM
  6
HIDDEN
 48
20.0
100
AcDbPolyline
 90
        5
 70
     0
 43
0.0
 10
374235.0202754049
 20
-82610.62802898421
 10
374384.9287951615
 20
-82610.6298686388
 10
374384.9739220276
 20
-82691.78413470488
 10
374235.0635547776
 20
-82691.78426636824
 10
374235.0202754049
 20
-82610.62802898421
  0
LWPOLYLINE
  5
80F
330
7FA
100
AcDbEntity
  8
BEAM
  6
HIDDEN
 48
20.0
100
AcDbPolyline
 90
        5
 70
     0
 43
0.0
 10
374393.9291759834
 20
-82610.62894880468
 10
374457.0187282222
 20
-82610.62894880433
 10
374457.0187282222
 20
-82727.6289488044
 10
374393.9291128129
 20
-82727.62870200427
 10
374393.9291861822
 20
-82610.62894880451
  0
LWPOLYLINE
  5
810
330
7FA
100
AcDbEntity
  8
BEAM
  6
HIDDEN
 48
20.0
100
AcDbPolyline
 90
        2
 70
     0
 43
0.0
 10
374235.0185651272
 20
-82396.12980222855
 10
374301.0188675955
 20
-82396.12980224981
  0
LWPOLYLINE
  5
811
330
7FA
100
AcDbEntity
  8
BEAM
  6
HIDDEN
 48
20.0
100
AcDbPolyline
 90
        4
 70
     0
 43
0.0
 10
374235.0188677697
 20
-82391.65480223908
 10
374301.018565295
 20
-82391.6548022393
 10
374301.0187281457
 20
-82336.22273579512
 10
374235.0187454943
 20
-82336.17824608937
  0
LWPOLYLINE
  5
812
330
7FA
100
AcDbEntity
  8
BEAM
  6
HIDDEN
 48
20.0
100
AcDbPolyline
 90
        4
 70
     0
 43
0.0
 10
374230.5187282063
 20
-82598.72679633654
 10
374230.5187282063
 20
-82457.72737618857
 10
374305.5192077797
 20
-82457.72871967652
 10
374305.5187282221
 20
-82598.72863600569
  0
LWPOLYLINE
  5
813
330
7FA
100
AcDbEntity
  8
BEAM
  6
HIDDEN
 48
20.0
100
AcDbPolyline
 90
        2
 70
     0
 43
0.0
 10
374235.019283048
 20
-82453.22745680655
 10
374301.0187251596
 20
-82453.22863600629
  0
LWPOLYLINE
  5
814
330
7FA
100
AcDbEntity
  8
BEAM
  6
HIDDEN
 48
20.0
100
AcDbPolyline
 90
        2
 70
     0
 43
0.0
 10
374301.0187251596
 20
-82399.22863600563
 10
374301.0192047269
 20
-82453.22863601486
  0
LWPOLYLINE
  5
815
330
7FA
100
AcDbEntity
  8
BEAM
  6
HIDDEN
 48
20.0
100
AcDbPolyline
 90
        4
 70
     0
 43
0.0
 10
374457.0187282222
 20
-82442.62894880451
 10
374457.0187282222
 20
-82229.72858221216
 10
374367.018738421
 20
-82229.70628310544
 10
374367.018738421
 20
-82378.12980222623
  0
LWPOLYLINE
  5
816
330
7FA
100
AcDbEntity
  8
BEAM
  6
HIDDEN
 48
20.0
100
AcDbPolyline
 90
        3
 70
     0
 43
0.0
 10
374314.5186655306
 20
-82457.72747211052
 10
374314.518185975
 20
-82598.72679633653
 10
374457.0191975896
 20
-82598.72679633574
  0
LWPOLYLINE
  5
817
330
7FA
100
AcDbEntity
  8
BEAM
  6
HIDDEN
 48
20.0
100
AcDbPolyline
 90
        4
 70
     1
 43
0.0
 10
374235.0186445693
 20
-82727.62808036273
 10
374235.0184257546
 20
-82703.82864897192
 10
374384.9291226692
 20
-82703.82864897192
 10
374384.9291115198
 20
-82727.62866679717
  0
LWPOLYLINE
  5
818
330
7FA
100
AcDbEntity
  8
BEAM
  6
HIDDEN
 48
20.0
100
AcDbPolyline
 90
        2
 70
     0
 43
0.0
 10
374235.0184257458
 20
-82399.27838874074
 10
374301.0192047269
 20
-82453.22863601486
  0
LWPOLYLINE
  5
819
330
7FA
100
AcDbEntity
  8
BEAM
  6
HIDDEN
 48
20.0
100
AcDbPolyline
 90
        2
 70
     0
 43
0.0
 10
374235.019283048
 20
-82453.22745680655
 10
374301.0187282141
 20
-82399.278388762
  0
MTEXT
  5
81A
330
7FA
100
AcDbEntity
  8
TEXT
100
AcDbMText
 10
374339.8646207228
 20
-82713.96645242273
 30
0.0
 40
2.789587674644085
 41
33.13605142501183
 71
     1
 72
     5
  1
6" SUNK
  7
TEXT
1001
ACAD
1000
ACAD_MTEXT_COLUMN_INFO_BEGIN
1070
    75
1070
     2
1070
    79
1070
     0
1070
    76
1070
     1
1070
    78
1070
     0
1070
    48
1040
33.13605142501183
1070
    49
1040
25.0
1070
    50
1070
     1
1040
0.0
1000
ACAD_MTEXT_COLUMN_INFO_END
  0
MTEXT
  5
81B
330
7FA
100
AcDbEntity
  8
TEXT
100
AcDbMText
 10
374242.5001206049
 20
-82759.15125361728
 30
0.0
 40
2.789587674644085
 41
33.13605142501183
 71
     1
 72
     5
  1
6" SUNK
  7
TEXT
1001
ACAD
1000
ACAD_MTEXT_COLUMN_INFO_BEGIN
1070
    75
1070
     2
1070
    79
1070
     0
1070
    76
1070
     1
1070
    78
1070
     0
1070
    48
1040
33.13605142501183
1070
    49
1040
25.0
1070
    50
1070
     1
1040
0.0
1000
ACAD_MTEXT_COLUMN_INFO_END
  0
MTEXT
  5
81C
330
7FA
100
AcDbEntity
  8
TEXT
100
AcDbMText
 10
374406.9411801016
 20
-82699.85449294082
 30
0.0
 40
2.789587674644085
 41
33.13605142501183
 71
     1
 72
     5
  1
6" SUNK
  7
TEXT
1001
ACAD
1000
ACAD_MTEXT_COLUMN_INFO_BEGIN
1070
    75
1070
     2
1070
    79
1070
     0
1070
    76
1070
     1
1070
    78
1070
     0
1070
    48
1040
33.13605142501183
1070
    49
1040
25.0
1070
    50
1070
     1
1040
0.0
1000
ACAD_MTEXT_COLUMN_INFO_END
  0
MTEXT
  5
81D
330
7FA
100
AcDbEntity
  8
TEXT
100
AcDbMText
 10
374258.1095967581
 20
-82363.14753882389
 30
0.0
 40
2.789587674644085
 41
33.13605142501183
 71
     1
 72
     5
  1
6" SUNK
  7
TEXT
1001
ACAD
1000
ACAD_MTEXT_COLUMN_INFO_BEGIN
1070
    75
1070
     2
1070
    79
1070
     0
1070
    76
1070
     1
1070
    78
1070
     0
1070
    48
1040
33.13605142501183
1070
    49
1040
25.0
1070
    50
1070
     1
1040
0.0
1000
ACAD_MTEXT_COLUMN_INFO_END
  0
LWPOLYLINE
  5
81E
330
7FA
100
AcDbEntity
  8
BEAM
  6
HIDDEN
 48
20.0
100
AcDbPolyline
 90
        2
 70
     0
 43
0.0
 10
374367.0207743975
 20
-82211.68403734459
 10
374367.015894328
 20
-82175.62980222626
  0
TEXT
  5
81F
330
7FA
100
AcDbEntity
  8
TEXT
100
AcDbText
 10
374254.4377795087
 20
-82222.30487625477
 30
0.0
 40
2.789587674644085
  1
B1(18"X12")
  7
TEXT
100
AcDbText
1001
ACAD
1000
ACAD_MTEXT_DEFINED_HEIGHT_BEGIN
1070
    46
1040
75.68874848891875
1000
ACAD_MTEXT_DEFINED_HEIGHT_END
  0
MTEXT
  5
820
330
7FA
100
AcDbEntity
  8
TEXT
100
AcDbMText
 10
374386.1747670906
 20
-82191.20610311737
 30
0.0
 40
2.789587674644085
 41
33.13605142501183
 71
     1
 72
     5
  1
3" SUNK
  7
TEXT
1001
ACAD
1000
ACAD_MTEXT_COLUMN_INFO_BEGIN
1070
    75
1070
     2
1070
    79
1070
     0
1070
    76
1070
     1
1070
    78
1070
     0
1070
    48
1040
33.13605142501183
1070
    49
1040
25.0
1070
    50
1070
     1
1040
0.0
1000
ACAD_MTEXT_COLUMN_INFO_END
  0
TEXT
  5
821
330
7FA
100
AcDbEntity
  8
TEXT
100
AcDbText
 10
374361.5479165536
 20
-82316.4800715231
 30
0.0
 40
2.372476828180635
  1
B20(18"X12")
 50
90.0
  7
TEXT
100
AcDbText
1001
ACAD
1000
ACAD_MTEXT_DEFINED_HEIGHT_BEGIN
1070
    46
1040
75.68874848891875
1000
ACAD_MTEXT_DEFINED_HEIGHT_END
  0
TEXT
  5
822
330
7FA
100
AcDbEntity
  8
TEXT
100
AcDbText
 10
374350.3123409992
 20
-82595.19584894524
 30
0.0
 40
2.789587674644085
  1
B8(12"X12")
  7
TEXT
100
AcDbText
1001
ACAD
1000
ACAD_MTEXT_DEFINED_HEIGHT_BEGIN
1070
    46
1040
75.68874848891875
1000
ACAD_MTEXT_DEFINED_HEIGHT_END
  0
TEXT
  5
823
330
7FA
100
AcDbEntity
  8
TEXT
100
AcDbText
 10
374349.9463902476
 20
-82699.52335186512
 30
0.0
 40
2.789587674644085
  1
B9(12"X12")
  7
TEXT
100
AcDbText
1001
ACAD
1000
ACAD_MTEXT_DEFINED_HEIGHT_BEGIN
1070
    46
1040
75.68874848891875
1000
ACAD_MTEXT_DEFINED_HEIGHT_END
  0
TEXT
  5
824
330
7FA
100
AcDbEntity
  8
TEXT
100
AcDbText
 10
374335.9937761162
 20
-82742.48557245932
 30
0.0
 40
2.789587674644085
  1
B10(18"X12")
  7
TEXT
100
AcDbText
1001
ACAD
1000
ACAD_MTEXT_DEFINED_HEIGHT_BEGIN
1070
    46
1040
75.68874848891875
1000
ACAD_MTEXT_DEFINED_HEIGHT_END
  0
TEXT
  5
825
330
7FA
100
AcDbEntity
  8
TEXT
100
AcDbText
 10
374255.042692807
 20
-82463.95973215257
 30
0.0
 40
2.789587674644085
  1
B5(4.5"X12")
  7
TEXT
100
AcDbText
1001
ACAD
1000
ACAD_MTEXT_DEFINED_HEIGHT_BEGIN
1070
    46
1040
75.68874848891875
1000
ACAD_MTEXT_DEFINED_HEIGHT_END
  0
TEXT
  5
826
330
7FA
100
AcDbEntity
  8
TEXT
100
AcDbText
 10
374255.4054592252
 20
-82400.99206199335
 30
0.0
 40
2.789587674644085
  1
B3(4.5"X12")
  7
TEXT
100
AcDbText
1001
ACAD
1000
ACAD_MTEXT_DEFINED_HEIGHT_BEGIN
1070
    46
1040
75.68874848891875
1000
ACAD_MTEXT_DEFINED_HEIGHT_END
  0
TEXT
  5
827
330
7FA
100
AcDbEntity
  8
TEXT
100
AcDbText
 10
374315.9504814457
 20
-82376.0863637705
 30
0.0
 40
2.372476828180635
  1
B19(9"X12")
 50
90.0
  7
TEXT
100
AcDbText
1001
ACAD
1000
ACAD_MTEXT_DEFINED_HEIGHT_BEGIN
1070
    46
1040
75.68874848891875
1000
ACAD_MTEXT_DEFINED_HEIGHT_END
  0
TEXT
  5
828
330
7FA
100
AcDbEntity
  8
TEXT
100
AcDbText
 10
374262.7913736907
 20
-82341.67930817157
 30
0.0
 40
2.789587674644085
  1
B2(9"X12")
  7
TEXT
100
AcDbText
1001
ACAD
1000
ACAD_MTEXT_DEFINED_HEIGHT_BEGIN
1070
    46
1040
75.68874848891875
1000
ACAD_MTEXT_DEFINED_HEIGHT_END
  0
TEXT
  5
829
330
7FA
100
AcDbEntity
  8
TEXT
100
AcDbText
 10
374316.5152651208
 20
-82439.23560168713
 30
0.0
 40
2.372476828180635
  1
B18(9"X12")
 50
90.0
  7
TEXT
100
AcDbText
1001
ACAD
1000
ACAD_MTEXT_DEFINED_HEIGHT_BEGIN
1070
    46
1040
75.68874848891875
1000
ACAD_MTEXT_DEFINED_HEIGHT_END
  0
TEXT
  5
82A
330
7FA
100
AcDbEntity
  8
TEXT
100
AcDbText
 10
374321.5071295149
 20
-82547.67286658555
 30
0.0
 40
2.372476828180635
  1
B17(9"X12")
 50
90.0
  7
TEXT
100
AcDbText
1001
ACAD
1000
ACAD_MTEXT_DEFINED_HEIGHT_BEGIN
1070
    46
1040
75.68874848891875
1000
ACAD_MTEXT_DEFINED_HEIGHT_END
  0
TEXT
  5
82B
330
7FA
100
AcDbEntity
  8
TEXT
100
AcDbText
 10
374381.5619882058
 20
-82685.09700942741
 30
0.0
 40
2.372476828180635
  1
B23(9"X12")
 50
90.0
  7
TEXT
100
AcDbText
1001
ACAD
1000
ACAD_MTEXT_DEFINED_HEIGHT_BEGIN
1070
    46
1040
75.68874848891875
1000
ACAD_MTEXT_DEFINED_HEIGHT_END
  0
TEXT
  5
82C
330
7FA
100
AcDbEntity
  8
TEXT
100
AcDbText
 10
374470.8706727199
 20
-82492.6540318583
 30
0.0
 40
2.372476828180635
  1
B26(9"X15")
 50
90.0
  7
TEXT
100
AcDbText
1001
ACAD
1000
ACAD_MTEXT_DEFINED_HEIGHT_BEGIN
1070
    46
1040
75.68874848891875
1000
ACAD_MTEXT_DEFINED_HEIGHT_END
  0
TEXT
  5
82D
330
7FA
100
AcDbEntity
  8
TEXT
100
AcDbText
 10
374223.3258756485
 20
-82522.17137998044
 30
0.0
 40
2.372476828180635
  1
B13(4.5"X15")
 50
90.0
  7
TEXT
100
AcDbText
1001
ACAD
1000
ACAD_MTEXT_DEFINED_HEIGHT_BEGIN
1070
    46
1040
75.68874848891875
1000
ACAD_MTEXT_DEFINED_HEIGHT_END
  0
TEXT
  5
82E
330
7FA
100
AcDbEntity
  8
TEXT
100
AcDbText
 10
374223.3697444294
 20
-82279.94856937403
 30
0.0
 40
2.372476828180635
  1
B15(9"X15")
 50
90.0
  7
TEXT
100
AcDbText
1001
ACAD
1000
ACAD_MTEXT_DEFINED_HEIGHT_BEGIN
1070
    46
1040
75.68874848891875
1000
ACAD_MTEXT_DEFINED_HEIGHT_END
  0
TEXT
  5
82F
330
7FA
100
AcDbEntity
  8
TEXT
100
AcDbText
 10
374222.7492172105
 20
-82683.94012660216
 30
0.0
 40
2.372476828180635
  1
B12(9"X15")
 50
90.0
  7
TEXT
100
AcDbText
1001
ACAD
1000
ACAD_MTEXT_DEFINED_HEIGHT_BEGIN
1070
    46
1040
75.68874848891875
1000
ACAD_MTEXT_DEFINED_HEIGHT_END
  0
LWPOLYLINE
  5
830
330
7FA
100
AcDbEntity
  8
BEAM
  6
HIDDEN
 48
20.0
100
AcDbPolyline
 90
        2
 70
     0
 43
0.0
 10
374457.0184257567
 20
-82437.26515356443
 10
374457.0184257567
 20
-82457.72863600565
  0
LWPOLYLINE
  5
831
330
7FA
100
AcDbEntity
  8
BEAM
  6
HIDDEN
 48
20.0
100
AcDbPolyline
 90
        2
 70
     0
 43
0.0
 10
374457.0187282222
 20
-82457.72863600565
 10
374457.0184257567
 20
-82442.62894880451
  0
LWPOLYLINE
  5
832
330
7FA
100
AcDbEntity
  8
BEAM
  6
HIDDEN
 48
20.0
100
AcDbPolyline
 90
        3
 70
     0
 43
0.0
 10
374457.0181139894
 20
-82745.6871082775
 10
374393.9285719586
 20
-82745.68652793083
 10
374393.9285709054
 20
-82787.62989066368
  0
LWPOLYLINE
  5
833
330
7FA
100
AcDbEntity
  8
BEAM
  6
HIDDEN
 48
20.0
100
AcDbPolyline
 90
        3
 70
     0
 43
0.0
 10
374384.9260819043
 20
-82787.62987936969
 10
374384.9260819043
 20
-82745.63000200123
 10
374235.0184257565
 20
-82745.628623034
  0
TEXT
  5
834
330
7FA
100
AcDbEntity
  8
TEXT
100
AcDbText
 10
374224.3771366656
 20
-82201.44225267367
 30
0.0
 40
2.372476828180635
  1
B16(9"X9")
 50
90.0
  7
TEXT
100
AcDbText
1001
ACAD
1000
ACAD_MTEXT_DEFINED_HEIGHT_BEGIN
1070
    46
1040
75.68874848891875
1000
ACAD_MTEXT_DEFINED_HEIGHT_END
  0
TEXT
  5
835
330
7FA
100
AcDbEntity
  8
TEXT
100
AcDbText
 10
374357.1508749204
 20
-82204.44716125158
 30
0.0
 40
2.372476828180635
  1
B21(18"X9")
 50
90.0
  7
TEXT
100
AcDbText
1001
ACAD
1000
ACAD_MTEXT_DEFINED_HEIGHT_BEGIN
1070
    46
1040
75.68874848891875
1000
ACAD_MTEXT_DEFINED_HEIGHT_END
  0
TEXT
  5
836
330
7FA
100
AcDbEntity
  8
TEXT
100
AcDbText
 10
374470.6602322929
 20
-82208.37877822807
 30
0.0
 40
2.372476828180635
  1
B28(9"X9")
 50
90.0
  7
TEXT
100
AcDbText
1001
ACAD
1000
ACAD_MTEXT_DEFINED_HEIGHT_BEGIN
1070
    46
1040
75.68874848891875
1000
ACAD_MTEXT_DEFINED_HEIGHT_END
  0
TEXT
  5
837
330
7FA
100
AcDbEntity
  8
TEXT
100
AcDbText
 10
374471.6693812941
 20
-82289.30243336364
 30
0.0
 40
2.372476828180635
  1
B27(9"X15")
 50
90.0
  7
TEXT
100
AcDbText
1001
ACAD
1000
ACAD_MTEXT_DEFINED_HEIGHT_BEGIN
1070
    46
1040
75.68874848891875
1000
ACAD_MTEXT_DEFINED_HEIGHT_END
  0
TEXT
  5
838
330
7FA
100
AcDbEntity
  8
TEXT
100
AcDbText
 10
374224.2094157508
 20
-82439.23560168713
 30
0.0
 40
2.372476828180635
  1
B14(9"X15")
 50
90.0
  7
TEXT
100
AcDbText
1001
ACAD
1000
ACAD_MTEXT_DEFINED_HEIGHT_BEGIN
1070
    46
1040
75.68874848891875
1000
ACAD_MTEXT_DEFINED_HEIGHT_END
  0
TEXT
  5
839
330
7FA
100
AcDbEntity
  8
TEXT
100
AcDbText
 10
374256.0634252958
 20
-82595.55946601559
 30
0.0
 40
2.789587674644085
  1
B7(12"X12")
  7
TEXT
100
AcDbText
1001
ACAD
1000
ACAD_MTEXT_DEFINED_HEIGHT_BEGIN
1070
    46
1040
75.68874848891875
1000
ACAD_MTEXT_DEFINED_HEIGHT_END
  0
TEXT
  5
83A
330
7FA
100
AcDbEntity
  8
TEXT
100
AcDbText
 10
374470.9945576007
 20
-82685.57565953328
 30
0.0
 40
2.372476828180635
  1
B25(9"X15")
 50
90.0
  7
TEXT
100
AcDbText
1001
ACAD
1000
ACAD_MTEXT_DEFINED_HEIGHT_BEGIN
1070
    46
1040
75.68874848891875
1000
ACAD_MTEXT_DEFINED_HEIGHT_END
  0
TEXT
  5
83B
330
7FA
100
AcDbEntity
  8
TEXT
100
AcDbText
 10
374223.5890831391
 20
-82780.52232812613
 30
0.0
 40
2.372476828180635
  1
B11(9"X12")
 50
90.0
  7
TEXT
100
AcDbText
1001
ACAD
1000
ACAD_MTEXT_DEFINED_HEIGHT_BEGIN
1070
    46
1040
75.68874848891875
1000
ACAD_MTEXT_DEFINED_HEIGHT_END
  0
TEXT
  5
83C
330
7FA
100
AcDbEntity
  8
TEXT
100
AcDbText
 10
374382.6961320223
 20
-82774.27771484459
 30
0.0
 40
2.372476828180635
  1
B22(9"X9")
 50
90.0
  7
TEXT
100
AcDbText
1001
ACAD
1000
ACAD_MTEXT_DEFINED_HEIGHT_BEGIN
1070
    46
1040
75.68874848891875
1000
ACAD_MTEXT_DEFINED_HEIGHT_END
  0
TEXT
  5
83D
330
7FA
100
AcDbEntity
  8
TEXT
100
AcDbText
 10
374470.8308292782
 20
-82777.26785866803
 30
0.0
 40
2.372476828180635
  1
B24(9"X12")
 50
90.0
  7
TEXT
100
AcDbText
1001
ACAD
1000
ACAD_MTEXT_DEFINED_HEIGHT_BEGIN
1070
    46
1040
75.68874848891875
1000
ACAD_MTEXT_DEFINED_HEIGHT_END
  0
LINE
  5
83E
330
7FA
100
AcDbEntity
  8
BEAM
  6
HIDDEN
 48
20.0
100
AcDbLine
 10
374305.5187282132
 20
-82499.62862303943
 30
0.0
 11
374230.5187384162
 21
-82598.72797553666
 31
0.0
  0
LINE
  5
83F
330
7FA
100
AcDbEntity
  8
BEAM
  6
HIDDEN
 48
20.0
100
AcDbLine
 10
374305.5187384207
 20
-82598.72797554586
 30
0.0
 11
374230.5187282092
 21
-82498.88750458376
 31
0.0
  0
LWPOLYLINE
  5
840
330
7FA
100
AcDbEntity
  8
BEAM
  6
HIDDEN
 48
20.0
100
AcDbPolyline
 90
        2
 70
     0
 43
0.0
 10
374230.5187282132
 20
-82499.62862303943
 10
374305.5187282132
 20
-82499.62862303943
  0
LWPOLYLINE
  5
841
330
7FA
100
AcDbEntity
  8
BEAM
  6
HIDDEN
 48
20.0
100
AcDbPolyline
 90
        5
 70
     0
 43
0.0
 10
374260.9144565202
 20
-82303.62980223916
 10
374260.9144565202
 20
-82327.1298022392
 10
374235.1648109943
 20
-82303.62980223916
 10
374260.9144565202
 20
-82303.62980223916
 10
374235.0187282221
 20
-82327.1782455775
  0
MTEXT
  5
842
330
7FA
100
AcDbEntity
  8
TEXT
100
AcDbMText
 10
374262.1542431958
 20
-82423.12676245988
 30
0.0
 40
2.789587674644085
 41
33.13605142501183
 71
     1
 72
     5
  1
LIFT
  7
TEXT
1001
ACAD
1000
ACAD_MTEXT_COLUMN_INFO_BEGIN
1070
    75
1070
     2
1070
    79
1070
     0
1070
    76
1070
     1
1070
    78
1070
     0
1070
    48
1040
33.13605142501183
1070
    49
1040
25.0
1070
    50
1070
     1
1040
0.0
1000
ACAD_MTEXT_COLUMN_INFO_END
  0
MTEXT
  5
843
330
7FA
100
AcDbEntity
  8
TEXT
100
AcDbMText
 10
374258.2366564804
 20
-82547.57435152646
 30
0.0
 40
2.789587674644085
 41
33.13605142501183
 71
     1
 72
     5
  1
STAIRCASE
  7
TEXT
1001
ACAD
1000
ACAD_MTEXT_COLUMN_INFO_BEGIN
1070
    75
1070
     2
1070
    79
1070
     0
1070
    76
1070
     1
1070
    78
1070
     0
1070
    48
1040
33.13605142501183
1070
    49
1040
25.0
1070
    50
1070
     1
1040
0.0
1000
ACAD_MTEXT_COLUMN_INFO_END
  0
LWPOLYLINE
  5
844
330
7FA
100
AcDbEntity
  8
BEAM
 48
20.0
100
AcDbPolyline
 90
        6
 70
     0
 43
0.0
 10
374226.0187163614
 20
-82781.6298022392
 10
374323.4450664569
 20
-82781.6298022392
 10
374323.4450338795
 20
-82787.62980223917
 10
374457.0523888128
 20
-82787.62996985512
 10
374457.0523887825
 20
-82781.63017508536
 10
374466.0187295337
 20
-82781.630186334
  0
LINE
  5
845
330
7FA
100
AcDbEntity
  8
BEAM
  6
HIDDEN
 48
20.0
100
AcDbLine
 10
374349.0181565383
 20
-82378.12980222623
 30
0.0
 11
374349.018738421
 21
-82336.21497289548
 31
0.0
  0
LINE
  5
846
330
7FA
100
AcDbEntity
  8
BEAM
  6
HIDDEN
 48
20.0
100
AcDbLine
 10
374349.018738421
 20
-82336.21497289548
 30
0.0
 11
374310.0192077839
 21
-82336.21497289548
 31
0.0
  0
LINE
  5
847
330
7FA
100
AcDbEntity
  8
BEAM
  6
HIDDEN
 48
20.0
100
AcDbLine
 10
374310.0192077839
 20
-82336.21497289548
 30
0.0
 11
374310.0192077839
 21
-82442.62894880451
 31
0.0
  0
ENDBLK
  5
848
330
7FA
100
AcDbEntity
  8
0
 48
12.0
100
AcDbBlockEnd
  0
BLOCK
  5
784
330
783
100
AcDbEntity
  8
0
 62
     5
 48
12.0
100
AcDbBlockBegin
  2
*D39
 70
     1
 10
0.0
 20
0.0
 30
0.0
  3
*D39
  1

  0
LINE
  5
785
330
783
100
AcDbEntity
  8
_DIMENSION
 62
     7
 48
12.0
100
AcDbLine
 10
374468.4819983577
 20
-84220.75965640448
 30
0.0
 11
374467.4810982191
 21
-84220.75965640448
 31
0.0
  0
LINE
  5
786
330
783
100
AcDbEntity
  8
_DIMENSION
 62
     7
 48
12.0
100
AcDbLine
 10
374468.4810982147
 20
-84228.75927122691
 30
0.0
 11
374469.4810982191
 21
-84228.75927122691
 31
0.0
  0
LINE
  5
787
330
783
100
AcDbEntity
  8
_DIMENSION
 62
     7
 48
12.0
100
AcDbLine
 10
374468.4810982191
 20
-84220.75965640448
 30
0.0
 11
374468.4810982191
 21
-84221.93402002873
 31
0.0
  0
LINE
  5
788
330
783
100
AcDbEntity
  8
_DIMENSION
 62
     7
 48
12.0
100
AcDbLine
 10
374468.4810982191
 20
-84228.75927122691
 30
0.0
 11
374468.4810982191
 21
-84227.58490760268
 31
0.0
  0
INSERT
  5
789
330
783
100
AcDbEntity
  8
_DIMENSION
  6
CONTINOUS
 62
     7
 48
12.0
100
AcDbBlockReference
  2
_OBLIQUE
 10
374468.4810982191
 20
-84220.75965640448
 30
0.0
 50
90.0
  0
INSERT
  5
78A
330
783
100
AcDbEntity
  8
_DIMENSION
  6
CONTINOUS
 62
     7
 48
12.0
100
AcDbBlockReference
  2
_OBLIQUE
 10
374468.4810982191
 20
-84228.75927122691
 30
0.0
 50
270.0
  0
MTEXT
  5
78B
330
783
100
AcDbEntity
  8
_DIMENSION
  6
CONTINOUS
 48
12.0
100
AcDbMText
 10
374468.4810982191
 20
-84224.7594638158
 30
0.0
 40
4.0
 41
0.0
 71
     5
 72
     1
  1
\A1;8"
  7
DL
 11
6.123233995736766E-17
 21
1.0
 31
0.0
  0
POINT
  5
78C
330
783
100
AcDbEntity
  8
DEFPOINTS
  6
CONTINOUS
 62
     0
 48
12.0
100
AcDbPoint
 10
374468.4819983577
 20
-84220.75965640448
 30
0.0
  0
POINT
  5
78D
330
783
100
AcDbEntity
  8
DEFPOINTS
  6
CONTINOUS
 62
     0
 48
12.0
100
AcDbPoint
 10
374468.4810982147
 20
-84228.75927122691
 30
0.0
  0
POINT
  5
78E
330
783
100
AcDbEntity
  8
DEFPOINTS
  6
CONTINOUS
 62
     0
 48
12.0
100
AcDbPoint
 10
374468.4810982191
 20
-84228.75927122691
 30
0.0
  0
ENDBLK
  5
78F
330
783
100
AcDbEntity
  8
0
 62
     5
 48
12.0
100
AcDbBlockEnd
  0
BLOCK
  5
792
330
791
100
AcDbEntity
  8
0
 62
     5
 48
12.0
100
AcDbBlockBegin
  2
*D40
 70
     1
 10
0.0
 20
0.0
 30
0.0
  3
*D40
  1

  0
LINE
  5
793
330
791
100
AcDbEntity
  8
_DIMENSION
 62
     7
 48
12.0
100
AcDbLine
 10
374377.0390577911
 20
-84155.83442569019
 30
0.0
 11
374377.0390577911
 21
-84157.61093545509
 31
0.0
  0
LINE
  5
794
330
791
100
AcDbEntity
  8
_DIMENSION
 62
     7
 48
12.0
100
AcDbLine
 10
374396.0390577912
 20
-84155.83442569019
 30
0.0
 11
374396.0390577912
 21
-84157.61093545509
 31
0.0
  0
LINE
  5
795
330
791
100
AcDbEntity
  8
_DIMENSION
 62
     7
 48
12.0
100
AcDbLine
 10
374377.0390577911
 20
-84156.61093545509
 30
0.0
 11
374380.8852116372
 21
-84156.61093545509
 31
0.0
  0
LINE
  5
796
330
791
100
AcDbEntity
  8
_DIMENSION
 62
     7
 48
12.0
100
AcDbLine
 10
374396.0390577912
 20
-84156.61093545509
 30
0.0
 11
374392.192903945
 21
-84156.61093545509
 31
0.0
  0
INSERT
  5
797
330
791
100
AcDbEntity
  8
_DIMENSION
  6
CONTINOUS
 62
     7
 48
12.0
100
AcDbBlockReference
  2
_OBLIQUE
 10
374377.0390577911
 20
-84156.61093545509
 30
0.0
 50
180.0
  0
INSERT
  5
798
330
791
100
AcDbEntity
  8
_DIMENSION
  6
CONTINOUS
 62
     7
 48
12.0
100
AcDbBlockReference
  2
_OBLIQUE
 10
374396.0390577912
 20
-84156.61093545509
 30
0.0
  0
MTEXT
  5
799
330
791
100
AcDbEntity
  8
_DIMENSION
  6
CONTINOUS
 48
12.0
100
AcDbMText
 10
374386.5390577911
 20
-84156.61093545509
 30
0.0
 40
4.0
 41
0.0
 71
     5
 72
     1
  1
\A1;1'-7"
  7
DL
  0
POINT
  5
79A
330
791
100
AcDbEntity
  8
DEFPOINTS
  6
CONTINOUS
 62
     0
 48
12.0
100
AcDbPoint
 10
374377.0390577911
 20
-84155.83442569019
 30
0.0
  0
POINT
  5
79B
330
791
100
AcDbEntity
  8
DEFPOINTS
  6
CONTINOUS
 62
     0
 48
12.0
100
AcDbPoint
 10
374396.0390577912
 20
-84155.83442569019
 30
0.0
  0
POINT
  5
79C
330
791
100
AcDbEntity
  8
DEFPOINTS
  6
CONTINOUS
 62
     0
 48
12.0
100
AcDbPoint
 10
374396.0390577912
 20
-84156.61093545509
 30
0.0
  0
ENDBLK
  5
79D
330
791
100
AcDbEntity
  8
0
 62
     5
 48
12.0
100
AcDbBlockEnd
  0
BLOCK
  5
7A0
330
79F
100
AcDbEntity
  8
0
 62
     5
 48
12.0
100
AcDbBlockBegin
  2
*D41
 70
     1
 10
0.0
 20
0.0
 30
0.0
  3
*D41
  1

  0
LINE
  5
7A1
330
79F
100
AcDbEntity
  8
_DIMENSION
 62
     7
 48
12.0
100
AcDbLine
 10
374396.0390577912
 20
-84156.61093545509
 30
0.0
 11
374396.0390577912
 21
-84155.61093545509
 31
0.0
  0
LINE
  5
7A2
330
79F
100
AcDbEntity
  8
_DIMENSION
 62
     7
 48
12.0
100
AcDbLine
 10
374489.7705073653
 20
-84156.61093545509
 30
0.0
 11
374489.7705073653
 21
-84155.61093545509
 31
0.0
  0
LINE
  5
7A3
330
79F
100
AcDbEntity
  8
_DIMENSION
 62
     7
 48
12.0
100
AcDbLine
 10
374396.0390577912
 20
-84156.61093545509
 30
0.0
 11
374440.0270638458
 21
-84156.61093545509
 31
0.0
  0
LINE
  5
7A4
330
79F
100
AcDbEntity
  8
_DIMENSION
 62
     7
 48
12.0
100
AcDbLine
 10
374489.7705073653
 20
-84156.61093545509
 30
0.0
 11
374453.2548744966
 21
-84156.61093545509
 31
0.0
  0
MTEXT
  5
7A5
330
79F
100
AcDbEntity
  8
_DIMENSION
  6
CONTINOUS
 48
12.0
100
AcDbMText
 10
374446.6409691712
 20
-84156.61093545509
 30
0.0
 40
4.0
 41
0.0
 71
     5
 72
     1
  1
\A1;7'-9{\H0.5x;\S1/2;}"
  7
DL
  0
INSERT
  5
7A6
330
79F
100
AcDbEntity
  8
_DIMENSION
  6
CONTINOUS
 62
     7
 48
12.0
100
AcDbBlockReference
  2
_OBLIQUE
 10
374396.0390577912
 20
-84156.61093545509
 30
0.0
 50
180.0
  0
INSERT
  5
7A7
330
79F
100
AcDbEntity
  8
_DIMENSION
  6
CONTINOUS
 62
     7
 48
12.0
100
AcDbBlockReference
  2
_OBLIQUE
 10
374489.7705073653
 20
-84156.61093545509
 30
0.0
  0
POINT
  5
7A8
330
79F
100
AcDbEntity
  8
DEFPOINTS
  6
CONTINOUS
 62
     0
 48
12.0
100
AcDbPoint
 10
374396.0390577912
 20
-84156.61093545509
 30
0.0
  0
POINT
  5
7A9
330
79F
100
AcDbEntity
  8
DEFPOINTS
  6
CONTINOUS
 62
     0
 48
12.0
100
AcDbPoint
 10
374489.7705073653
 20
-84156.61093545509
 30
0.0
  0
POINT
  5
7AA
330
79F
100
AcDbEntity
  8
DEFPOINTS
  6
CONTINOUS
 62
     0
 48
12.0
100
AcDbPoint
 10
374489.7705073653
 20
-84156.61093545509
 30
0.0
  0
ENDBLK
  5
7AB
330
79F
100
AcDbEntity
  8
0
 62
     5
 48
12.0
100
AcDbBlockEnd
  0
BLOCK
  5
7AE
330
7AD
100
AcDbEntity
  8
0
 62
     5
 48
12.0
100
AcDbBlockBegin
  2
*D42
 70
     1
 10
0.0
 20
0.0
 30
0.0
  3
*D42
  1

  0
LINE
  5
7AF
330
7AD
100
AcDbEntity
  8
_DIMENSION
 62
     7
 48
12.0
100
AcDbLine
 10
374489.7705073653
 20
-84156.61093545509
 30
0.0
 11
374489.7705073653
 21
-84155.61093545509
 31
0.0
  0
LINE
  5
7B0
330
7AD
100
AcDbEntity
  8
_DIMENSION
 62
     7
 48
12.0
100
AcDbLine
 10
374526.9780569277
 20
-84156.53321964206
 30
0.0
 11
374526.9780569277
 21
-84157.61093545509
 31
0.0
  0
LINE
  5
7B1
330
7AD
100
AcDbEntity
  8
_DIMENSION
 62
     7
 48
12.0
100
AcDbLine
 10
374489.7705073653
 20
-84156.61093545509
 30
0.0
 11
374502.5251697205
 21
-84156.61093545509
 31
0.0
  0
LINE
  5
7B2
330
7AD
100
AcDbEntity
  8
_DIMENSION
 62
     7
 48
12.0
100
AcDbLine
 10
374526.9780569277
 20
-84156.61093545509
 30
0.0
 11
374514.2233945726
 21
-84156.61093545509
 31
0.0
  0
INSERT
  5
7B3
330
7AD
100
AcDbEntity
  8
_DIMENSION
  6
CONTINOUS
 62
     7
 48
12.0
100
AcDbBlockReference
  2
_OBLIQUE
 10
374489.7705073653
 20
-84156.61093545509
 30
0.0
 50
180.0
  0
INSERT
  5
7B4
330
7AD
100
AcDbEntity
  8
_DIMENSION
  6
CONTINOUS
 62
     7
 48
12.0
100
AcDbBlockReference
  2
_OBLIQUE
 10
374526.9780569277
 20
-84156.61093545509
 30
0.0
  0
MTEXT
  5
7B5
330
7AD
100
AcDbEntity
  8
_DIMENSION
  6
CONTINOUS
 48
12.0
100
AcDbMText
 10
374508.3742821466
 20
-84156.61093545509
 30
0.0
 40
4.0
 41
0.0
 71
     5
 72
     1
  1
\A1;3'-1"
  7
DL
  0
POINT
  5
7B6
330
7AD
100
AcDbEntity
  8
DEFPOINTS
  6
CONTINOUS
 62
     0
 48
12.0
100
AcDbPoint
 10
374489.7705073653
 20
-84156.61093545509
 30
0.0
  0
POINT
  5
7B7
330
7AD
100
AcDbEntity
  8
DEFPOINTS
  6
CONTINOUS
 62
     0
 48
12.0
100
AcDbPoint
 10
374526.9780569277
 20
-84156.53321964206
 30
0.0
  0
POINT
  5
7B8
330
7AD
100
AcDbEntity
  8
DEFPOINTS
  6
CONTINOUS
 62
     0
 48
12.0
100
AcDbPoint
 10
374526.9780569277
 20
-84156.61093545509
 30
0.0
  0
ENDBLK
  5
7B9
330
7AD
100
AcDbEntity
  8
0
 62
     5
 48
12.0
100
AcDbBlockEnd
  0
BLOCK
  5
7D8
330
7D7
100
AcDbEntity
  8
0
 62
     5
 48
12.0
100
AcDbBlockBegin
  2
*D43
 70
     1
 10
0.0
 20
0.0
 30
0.0
  3
*D43
  1

  0
LINE
  5
7D9
330
7D7
100
AcDbEntity
  8
_DIMENSION
 62
     7
 48
12.0
100
AcDbLine
 10
374468.4819983577
 20
-84220.75965640448
 30
0.0
 11
374467.4810982192
 21
-84220.75965640448
 31
0.0
  0
LINE
  5
7DA
330
7D7
100
AcDbEntity
  8
_DIMENSION
 62
     7
 48
12.0
100
AcDbLine
 10
374467.7827708191
 20
-84201.75927122727
 30
0.0
 11
374469.4810982192
 21
-84201.75927122727
 31
0.0
  0
LINE
  5
7DB
330
7D7
100
AcDbEntity
  8
_DIMENSION
 62
     7
 48
12.0
100
AcDbLine
 10
374468.4810982192
 20
-84220.75965640448
 30
0.0
 11
374468.4810982192
 21
-84216.91330996972
 31
0.0
  0
LINE
  5
7DC
330
7D7
100
AcDbEntity
  8
_DIMENSION
 62
     7
 48
12.0
100
AcDbLine
 10
374468.4810982192
 20
-84201.75927122727
 30
0.0
 11
374468.4810982192
 21
-84205.60561766203
 31
0.0
  0
INSERT
  5
7DD
330
7D7
100
AcDbEntity
  8
_DIMENSION
  6
CONTINOUS
 62
     7
 48
12.0
100
AcDbBlockReference
  2
_OBLIQUE
 10
374468.4810982192
 20
-84220.75965640448
 30
0.0
 50
270.0
  0
INSERT
  5
7DE
330
7D7
100
AcDbEntity
  8
_DIMENSION
  6
CONTINOUS
 62
     7
 48
12.0
100
AcDbBlockReference
  2
_OBLIQUE
 10
374468.4810982192
 20
-84201.75927122727
 30
0.0
 50
90.0
  0
MTEXT
  5
7DF
330
7D7
100
AcDbEntity
  8
_DIMENSION
  6
CONTINOUS
 48
12.0
100
AcDbMText
 10
374468.4810982192
 20
-84211.25946381598
 30
0.0
 40
4.0
 41
0.0
 71
     5
 72
     1
  1
\A1;1'-7"
  7
DL
 11
6.123233995736766E-17
 21
1.0
 31
0.0
  0
POINT
  5
7E0
330
7D7
100
AcDbEntity
  8
DEFPOINTS
  6
CONTINOUS
 62
     0
 48
12.0
100
AcDbPoint
 10
374468.4819983577
 20
-84220.75965640448
 30
0.0
  0
POINT
  5
7E1
330
7D7
100
AcDbEntity
  8
DEFPOINTS
  6
CONTINOUS
 62
     0
 48
12.0
100
AcDbPoint
 10
374467.7827708191
 20
-84201.75927122727
 30
0.0
  0
POINT
  5
7E2
330
7D7
100
AcDbEntity
  8
DEFPOINTS
  6
CONTINOUS
 62
     0
 48
12.0
100
AcDbPoint
 10
374468.4810982192
 20
-84201.75927122727
 30
0.0
  0
ENDBLK
  5
7E3
330
7D7
100
AcDbEntity
  8
0
 62
     5
 48
12.0
100
AcDbBlockEnd
  0
BLOCK
  5
774
330
773
100
AcDbEntity
  8
0
 62
     5
 48
12.0
100
AcDbBlockBegin
  2
*D44
 70
     1
 10
0.0
 20
0.0
 30
0.0
  3
*D44
  1

  0
LINE
  5
775
330
773
100
AcDbEntity
  8
_DIMENSION
 62
     7
 48
12.0
100
AcDbLine
 10
374468.6826955249
 20
-84132.25927122691
 30
0.0
 11
374469.6826955279
 21
-84132.25927122691
 31
0.0
  0
LINE
  5
776
330
773
100
AcDbEntity
  8
_DIMENSION
 62
     7
 48
12.0
100
AcDbLine
 10
374485.0547145507
 20
-84201.81480676083
 30
0.0
 11
374467.6826955279
 21
-84201.81480676083
 31
0.0
  0
LINE
  5
777
330
773
100
AcDbEntity
  8
_DIMENSION
 62
     7
 48
12.0
100
AcDbLine
 10
374468.6826955279
 20
-84132.25927122691
 30
0.0
 11
374468.6826955279
 21
-84160.45567804712
 31
0.0
  0
LINE
  5
778
330
773
100
AcDbEntity
  8
_DIMENSION
 62
     7
 48
12.0
100
AcDbLine
 10
374468.6826955279
 20
-84201.81480676083
 30
0.0
 11
374468.6826955279
 21
-84173.6183999406
 31
0.0
  0
INSERT
  5
779
330
773
100
AcDbEntity
  8
_DIMENSION
  6
CONTINOUS
 62
     7
 48
12.0
100
AcDbBlockReference
  2
_OBLIQUE
 10
374468.6826955279
 20
-84132.25927122691
 30
0.0
 50
90.0
  0
INSERT
  5
77A
330
773
100
AcDbEntity
  8
_DIMENSION
  6
CONTINOUS
 62
     7
 48
12.0
100
AcDbBlockReference
  2
_OBLIQUE
 10
374468.6826955279
 20
-84201.81480676083
 30
0.0
 50
270.0
  0
MTEXT
  5
77B
330
773
100
AcDbEntity
  8
_DIMENSION
  6
CONTINOUS
 48
12.0
100
AcDbMText
 10
374468.6826955279
 20
-84167.03703899396
 30
0.0
 40
4.0
 41
0.0
 71
     5
 72
     1
  1
\A1;5'-9{\H0.5x;\S1/2;}"
  7
DL
 11
6.123233995736766E-17
 21
1.0
 31
0.0
  0
POINT
  5
77D
330
773
100
AcDbEntity
  8
DEFPOINTS
  6
CONTINOUS
 62
     0
 48
12.0
100
AcDbPoint
 10
374468.6826955249
 20
-84132.25927122691
 30
0.0
  0
POINT
  5
77F
330
773
100
AcDbEntity
  8
DEFPOINTS
  6
CONTINOUS
 62
     0
 48
12.0
100
AcDbPoint
 10
374485.0547145507
 20
-84201.81480676083
 30
0.0
  0
POINT
  5
780
330
773
100
AcDbEntity
  8
DEFPOINTS
  6
CONTINOUS
 62
     0
 48
12.0
100
AcDbPoint
 10
374468.6826955279
 20
-84201.81480676083
 30
0.0
  0
ENDBLK
  5
781
330
773
100
AcDbEntity
  8
0
 62
     5
 48
12.0
100
AcDbBlockEnd
  0
BLOCK
  5
7E8
330
7E7
100
AcDbEntity
  8
0
 62
     5
 48
12.0
100
AcDbBlockBegin
  2
*D45
 70
     1
 10
0.0
 20
0.0
 30
0.0
  3
*D45
  1

  0
LINE
  5
7E9
330
7E7
100
AcDbEntity
  8
_DIMENSION
 62
     7
 48
12.0
100
AcDbLine
 10
374468.6826955249
 20
-84132.25927122691
 30
0.0
 11
374469.6826955281
 21
-84132.25927122691
 31
0.0
  0
LINE
  5
7EA
330
7E7
100
AcDbEntity
  8
_DIMENSION
 62
     7
 48
12.0
100
AcDbLine
 10
374465.681980397
 20
-84113.25927122685
 30
0.0
 11
374469.6826955281
 21
-84113.25927122685
 31
0.0
  0
LINE
  5
7EB
330
7E7
100
AcDbEntity
  8
_DIMENSION
 62
     7
 48
12.0
100
AcDbLine
 10
374468.6826955281
 20
-84132.25927122691
 30
0.0
 11
374468.6826955281
 21
-84128.41311738073
 31
0.0
  0
LINE
  5
7EC
330
7E7
100
AcDbEntity
  8
_DIMENSION
 62
     7
 48
12.0
100
AcDbLine
 10
374468.6826955281
 20
-84113.25927122685
 30
0.0
 11
374468.6826955281
 21
-84117.10542507304
 31
0.0
  0
INSERT
  5
7ED
330
7E7
100
AcDbEntity
  8
_DIMENSION
  6
CONTINOUS
 62
     7
 48
12.0
100
AcDbBlockReference
  2
_OBLIQUE
 10
374468.6826955281
 20
-84132.25927122691
 30
0.0
 50
270.0
  0
INSERT
  5
7EE
330
7E7
100
AcDbEntity
  8
_DIMENSION
  6
CONTINOUS
 62
     7
 48
12.0
100
AcDbBlockReference
  2
_OBLIQUE
 10
374468.6826955281
 20
-84113.25927122685
 30
0.0
 50
90.0
  0
MTEXT
  5
7EF
330
7E7
100
AcDbEntity
  8
_DIMENSION
  6
CONTINOUS
 48
12.0
100
AcDbMText
 10
374468.6826955281
 20
-84122.75927122698
 30
0.0
 40
4.0
 41
0.0
 71
     5
 72
     1
  1
\A1;1'-7"
  7
DL
 11
6.123233995736766E-17
 21
1.0
 31
0.0
  0
POINT
  5
7F0
330
7E7
100
AcDbEntity
  8
DEFPOINTS
  6
CONTINOUS
 62
     0
 48
12.0
100
AcDbPoint
 10
374468.6826955249
 20
-84132.25927122691
 30
0.0
  0
POINT
  5
7F1
330
7E7
100
AcDbEntity
  8
DEFPOINTS
  6
CONTINOUS
 62
     0
 48
12.0
100
AcDbPoint
 10
374465.681980397
 20
-84113.25927122685
 30
0.0
  0
POINT
  5
7F2
330
7E7
100
AcDbEntity
  8
DEFPOINTS
  6
CONTINOUS
 62
     0
 48
12.0
100
AcDbPoint
 10
374468.6826955281
 20
-84113.25927122685
 30
0.0
  0
ENDBLK
  5
7F3
330
7E7
100
AcDbEntity
  8
0
 62
     5
 48
12.0
100
AcDbBlockEnd
  0
ENDSEC
  0
SECTION
  2
ENTITIES
  0
LWPOLYLINE
  5
7D
330
2
100
AcDbEntity
  8
BEAM
 62
    12
 48
12.0
100
AcDbPolyline
 90
        4
 70
     0
 43
0.0
 39
6.0
 10
374382.7812145364
 20
-83851.26523044861
 10
374382.7812145364
 20
-83828.66955975699
 10
374388.7812145364
 20
-83828.66955975699
 10
374388.7812145364
 20
-83851.42558862054
  0
LWPOLYLINE
  5
81
330
2
100
AcDbEntity
  8
FORMAT_BODER
100
AcDbPolyline
 90
        2
 70
     0
 43
0.0
 10
374267.735757612
 20
-84312.54655578524
 10
374282.1126178226
 20
-84312.54655578524
  0
LWPOLYLINE
  5
83
330
2
100
AcDbEntity
  8
FORMAT_BODER
100
AcDbPolyline
 90
        2
 70
     0
 43
0.0
 10
374311.0468395589
 20
-84312.54655578524
 10
374762.5266561451
 20
-84312.54655578524
  0
LWPOLYLINE
  5
84
330
2
100
AcDbEntity
  8
FORMAT_BODER
100
AcDbPolyline
 90
        2
 70
     0
 43
0.0
 10
374762.5266561451
 20
-84315.93553454232
 10
374312.3322910198
 20
-84315.93553454232
  0
HATCH
  5
85
330
2
100
AcDbEntity
  8
HATCH
 62
    43
100
AcDbHatch
 10
0.0
 20
0.0
 30
0.0
210
0.0
220
0.0
230
1.0
  2
SOLID
 70
     1
 71
     1
 91
        2
 92
        1
 93
        4
 72
     1
 10
374266.0412682334
 20
-83663.76618366918
 11
374764.2211455237
 21
-83663.76618366918
 72
     1
 10
374764.2211455237
 20
-83663.76618366918
 11
374764.2211455237
 21
-84370.36825451953
 72
     1
 10
374764.2211455237
 20
-84370.36825451953
 11
374266.0412682334
 21
-84370.36825451953
 72
     1
 10
374266.0412682334
 20
-84370.36825451953
 11
374266.0412682334
 21
-83663.76618366918
 97
        1
330
8D
 92
       16
 93
        4
 72
     1
 10
374267.735757612
 20
-83665.4606730477
 11
374762.5266561451
 21
-83665.4606730477
 72
     1
 10
374762.5266561451
 20
-83665.4606730477
 11
374762.5266561451
 21
-84368.673765141
 72
     1
 10
374762.5266561451
 20
-84368.673765141
 11
374267.735757612
 21
-84368.673765141
 72
     1
 10
374267.735757612
 20
-84368.673765141
 11
374267.735757612
 21
-83665.4606730477
 97
        1
330
8E
 75
     1
 76
     1
 98
        1
 10
370459.4952435127
 20
-71303.10173442597
1001
GRADIENTCOLOR1ACI
1070
     5
1001
GRADIENTCOLOR2ACI
1070
     2
1001
ACAD
1010
0.0
1020
0.0
1030
0.0
  0
LWPOLYLINE
  5
8B
330
2
100
AcDbEntity
  8
FORMAT_TEXT
100
AcDbPolyline
 90
        4
 70
     1
 43
0.0
 10
374263.4995341657
 20
-83661.22444960134
 10
374766.7628795915
 20
-83661.22444960134
 10
374766.7628795915
 20
-84372.90998858734
 10
374263.4995341657
 20
-84372.90998858734
  0
LWPOLYLINE
  5
8D
102
{ACAD_REACTORS
330
85
102
}
330
2
100
AcDbEntity
  8
FORMAT_BODER
100
AcDbPolyline
 90
        4
 70
     1
 43
0.0
 10
374266.0412682334
 20
-83663.76618366918
 10
374764.2211455237
 20
-83663.76618366918
 10
374764.2211455237
 20
-84370.36825451953
 10
374266.0412682334
 20
-84370.36825451953
  0
LWPOLYLINE
  5
8E
102
{ACAD_REACTORS
330
85
102
}
330
2
100
AcDbEntity
  8
FORMAT_BODER
100
AcDbPolyline
 90
        4
 70
     1
 43
0.0
 10
374267.735757612
 20
-83665.4606730477
 10
374762.5266561451
 20
-83665.4606730477
 10
374762.5266561451
 20
-84368.673765141
 10
374267.735757612
 20
-84368.673765141
  0
MTEXT
  5
8F
330
2
100
AcDbEntity
  8
FORMAT_TEXT
100
AcDbMText
 10
374324.1791220138
 20
-84338.26718272544
 30
0.0
 40
6.777957514152206
 41
362.0554863719011
 71
     1
 72
     1
  1
{\fMistral|b0|i0|c0|p66;INDIA}
1001
ACAD
1000
ACAD_MTEXT_DEFINED_HEIGHT_BEGIN
1070
    46
1040
60.65121380392402
1000
ACAD_MTEXT_DEFINED_HEIGHT_END
  0
MTEXT
  5
90
330
2
100
AcDbEntity
  8
FORMAT_TEXT
100
AcDbMText
 10
374271.6918006858
 20
-84357.18274403544
 30
0.0
 40
4.066774508491323
 41
362.0554863719011
 71
     1
 72
     1
  1
{\fMistral|b0|i0|c0|p66;ARCHITECTURE,INTERIORS PLANNING}
1001
ACAD
1000
ACAD_MTEXT_DEFINED_HEIGHT_BEGIN
1070
    46
1040
60.65121380392402
1000
ACAD_MTEXT_DEFINED_HEIGHT_END
  0
INSERT
  5
91
330
2
100
AcDbEntity
  8
FORMAT_BODER
100
AcDbBlockReference
  2
54TRGF
 10
361903.7413213209
 20
-88171.98182532808
 30
0.0
 41
1.694489378538051
 42
1.694489378538051
 43
1.694489378538051
  0
HATCH
  5
99
330
2
100
AcDbEntity
  8
HATCH
 62
    43
100
AcDbHatch
 10
0.0
 20
0.0
 30
0.0
210
0.0
220
0.0
230
1.0
  2
SOLID
 70
     1
 71
     1
 91
        1
 92
        1
 93
        4
 72
     1
 10
374762.5266561451
 20
-84315.93553454232
 11
374460.1544633429
 21
-84315.93553454232
 72
     1
 10
374460.1544633429
 20
-84315.93553454232
 11
374460.1544633429
 21
-84331.39499881316
 72
     1
 10
374460.1544633429
 20
-84331.39499881316
 11
374762.5266561451
 21
-84331.39499881316
 72
     1
 10
374762.5266561451
 20
-84331.39499881316
 11
374762.5266561451
 21
-84315.93553454232
 97
        1
330
9A
 75
     1
 76
     1
 98
        1
 10
361905.3768189903
 20
-88173.52530048338
1001
GRADIENTCOLOR1ACI
1070
     5
1001
GRADIENTCOLOR2ACI
1070
     2
1001
ACAD
1010
0.0
1020
0.0
1030
0.0
  0
LWPOLYLINE
  5
9A
102
{ACAD_REACTORS
330
99
102
}
330
2
100
AcDbEntity
  8
FORMAT_BODER
100
AcDbPolyline
 90
        4
 70
     1
 43
0.0
 10
374762.5266561451
 20
-84315.93553454232
 10
374460.1544633429
 20
-84315.93553454232
 10
374460.1544633429
 20
-84331.39499881316
 10
374762.5266561451
 20
-84331.39499881316
  0
LWPOLYLINE
  5
9B
330
2
100
AcDbEntity
  8
FORMAT_BODER
100
AcDbPolyline
 90
        4
 70
     1
 43
0.0
 10
374460.1544633429
 20
-84331.39499881316
 10
374762.5266561451
 20
-84331.39499881316
 10
374762.5266561451
 20
-84368.673765141
 10
374460.1544633429
 20
-84368.673765141
  0
HATCH
  5
9C
330
2
100
AcDbEntity
  8
HATCH
 62
    43
100
AcDbHatch
 10
0.0
 20
0.0
 30
0.0
210
0.0
220
0.0
230
1.0
  2
SOLID
 70
     1
 71
     0
 91
        1
 92
        1
 93
        4
 72
     1
 10
374345.398000117
 20
-84315.93553454228
 11
374345.398000117
 21
-84365.28478638387
 72
     1
 10
374345.398000117
 20
-84365.2847863839
 11
374455.0709952072
 21
-84365.2847863839
 72
     1
 10
374455.0709952072
 20
-84365.2847863839
 11
374455.0709952072
 21
-84315.93553454231
 72
     1
 10
374455.0709952072
 20
-84315.93553454228
 11
374345.398000117
 21
-84315.93553454228
 97
        0
 75
     1
 76
     1
 98
        1
 10
374427.14301572
 20
-84332.7650526191
1001
GRADIENTCOLOR1ACI
1070
     5
1001
GRADIENTCOLOR2ACI
1070
     2
1001
ACAD
1010
0.0
1020
0.0
1030
0.0
  0
LWPOLYLINE
  5
9D
330
2
100
AcDbEntity
  8
FORMAT_BODER
100
AcDbPolyline
 90
        5
 70
     0
 43
0.0
 10
374455.0709952072
 20
-84315.93553454232
 10
374455.0709952072
 20
-84365.28478638393
 10
374271.1247363691
 20
-84365.28478638393
 10
374271.1247363691
 20
-84315.93553454232
 10
374281.0288000972
 20
-84315.93553454232
  0
LWPOLYLINE
  5
9E
330
2
100
AcDbEntity
  8
FORMAT_BODER
100
AcDbPolyline
 90
        2
 70
     0
 43
0.0
 10
374660.8322302153
 20
-84334.78397757023
 10
374660.8322302153
 20
-84365.28478638393
  0
HATCH
  5
9F
330
2
100
AcDbEntity
  8
HATCH
 62
    43
100
AcDbHatch
 10
0.0
 20
0.0
 30
0.0
210
0.0
220
0.0
230
1.0
  2
SOLID
 70
     1
 71
     1
 91
        1
 92
        1
 93
        1
 72
     2
 10
374738.8769300707
 20
-84350.22910800528
 40
13.14695964541602
 50
0.0
 51
360.0
 73
     1
 97
        1
330
A0
 75
     1
 76
     1
 98
        1
 10
361696.9546254302
 20
-88176.91427924046
1001
GRADIENTCOLOR1ACI
1070
     5
1001
GRADIENTCOLOR2ACI
1070
     2
1001
ACAD
1010
0.0
1020
0.0
1030
0.0
  0
CIRCLE
  5
A0
102
{ACAD_REACTORS
330
9F
102
}
330
2
100
AcDbEntity
  8
FORMAT_BODER
100
AcDbCircle
 10
374738.8769300707
 20
-84350.22910800528
 30
0.0
 40
13.14695964541602
  0
LWPOLYLINE
  5
A1
330
2
100
AcDbEntity
  8
FORMAT_BODER
100
AcDbPolyline
 90
        2
 70
     0
 43
0.0
 10
374579.2585908324
 20
-84343.82125425574
 10
374722.6654860558
 20
-84343.82125425574
  0
LWPOLYLINE
  5
A2
330
2
100
AcDbEntity
  8
FORMAT_BODER
100
AcDbPolyline
 90
        2
 70
     0
 43
0.0
 10
374720.4768995615
 20
-84357.14849884377
 10
374606.8028759456
 20
-84357.14849884377
  0
MTEXT
  5
A3
102
{ACAD_XDICTIONARY
360
932
102
}
330
2
100
AcDbEntity
  8
FORMAT_TEXT
100
AcDbMText
 10
374662.029026932
 20
-84339.46977600313
 30
0.0
 40
3.388978757076103
 41
81.4544722624807
 71
     1
 72
     1
  1
DRAWN BY     -
1001
ACAD
1000
ACAD_MTEXT_COLUMN_INFO_BEGIN
1070
    75
1070
     2
1070
    79
1070
     0
1070
    76
1070
     1
1070
    78
1070
     0
1070
    48
1040
81.4544722624807
1070
    49
1040
21.18111723172564
1070
    50
1070
     1
1040
0.0
1000
ACAD_MTEXT_COLUMN_INFO_END
  0
MTEXT
  5
A5
330
2
100
AcDbEntity
  8
FORMAT_TEXT
100
AcDbMText
 10
374731.8527135345
 20
-84340.75978974297
 30
0.0
 40
3.388978757076103
 41
81.4544722624807
 71
     1
 72
     5
  1
{\fMistral|b0|i0|c0|p66;REVISION}
1001
ACAD
1000
ACAD_MTEXT_COLUMN_INFO_BEGIN
1070
    75
1070
     2
1070
    79
1070
     0
1070
    76
1070
     1
1070
    78
1070
     0
1070
    48
1040
81.4544722624807
1070
    49
1040
21.18111723172564
1070
    50
1070
     1
1040
0.0
1000
ACAD_MTEXT_COLUMN_INFO_END
  0
MTEXT
  5
A6
330
2
100
AcDbEntity
  8
FORMAT_TEXT
100
AcDbMText
 10
374735.1240737504
 20
-84344.95307735007
 30
0.0
 40
13.55591502830441
 41
81.4544722624807
 71
     1
 72
     5
  1
{\fMistral|b0|i0|c0|p66;2}
1001
ACAD
1000
ACAD_MTEXT_COLUMN_INFO_BEGIN
1070
    75
1070
     2
1070
    79
1070
     0
1070
    76
1070
     1
1070
    78
1070
     0
1070
    48
1040
81.4544722624807
1070
    49
1040
21.18111723172564
1070
    50
1070
     1
1040
13.43109528729516
1000
ACAD_MTEXT_COLUMN_INFO_END
  0
HATCH
  5
A7
330
2
100
AcDbEntity
  8
HATCH
 62
   254
100
AcDbHatch
 10
0.0
 20
0.0
 30
0.0
210
0.0
220
0.0
230
1.0
  2
SOLID
 70
     1
 71
     1
 91
        1
 92
        7
 72
     1
 73
     1
 93
        2
 10
374745.5263547418
 20
-84357.18940325629
 42
1.0
 10
374757.7402569083
 20
-84357.18940325629
 42
1.0
 97
        1
330
A8
 75
     1
 76
     1
 47
0.0883311171375244
 98
        1
 10
374753.0830768222
 20
-84355.88107792694
1001
GRADIENTCOLOR1ACI
1070
     5
1001
GRADIENTCOLOR2ACI
1070
     2
1001
ACAD
1010
0.0
1020
0.0
1030
0.0
  0
CIRCLE
  5
A8
102
{ACAD_REACTORS
330
A7
102
}
330
2
100
AcDbEntity
  8
FORMAT_TEXT
100
AcDbCircle
 10
374751.6333058251
 20
-84357.18940325629
 30
0.0
 40
6.106951083226165
  0
MTEXT
  5
A9
330
2
100
AcDbEntity
  8
FORMAT_TEXT
100
AcDbMText
 10
374748.3070751084
 20
-84355.63448135596
 30
0.0
 40
3.388978757076103
 41
81.4544722624807
 71
     1
 72
     5
  1
{\fMistral|b0|i0|c0|p66;F.C-2}
1001
ACAD
1000
ACAD_MTEXT_COLUMN_INFO_BEGIN
1070
    75
1070
     2
1070
    79
1070
     0
1070
    76
1070
     1
1070
    78
1070
     0
1070
    48
1040
81.4544722624807
1070
    49
1040
21.18111723172564
1070
    50
1070
     1
1040
0.0
1000
ACAD_MTEXT_COLUMN_INFO_END
  0
MTEXT
  5
AA
330
2
100
AcDbEntity
  8
FORMAT_TEXT
100
AcDbMText
 10
374751.0016182585
 20
-84365.2316640876
 30
0.0
 40
2.541734067807077
 41
81.4544722624807
 71
     1
 72
     5
  1
{\fMistral|b0|i0|c0|p66;DWG.NO}
1001
ACAD
1000
ACAD_MTEXT_COLUMN_INFO_BEGIN
1070
    75
1070
     2
1070
    79
1070
     0
1070
    76
1070
     1
1070
    78
1070
     0
1070
    48
1040
81.4544722624807
1070
    49
1040
21.18111723172564
1070
    50
1070
     1
1040
0.0
1000
ACAD_MTEXT_COLUMN_INFO_END
  0
MTEXT
  5
AB
102
{ACAD_XDICTIONARY
360
AC
102
}
330
2
100
AcDbEntity
  8
FORMAT_TEXT
100
AcDbMText
 10
374651.8861087189
 20
-84320.41212336702
 30
0.0
 40
6.777957514152206
 41
144.8655858311107
 71
     1
 72
     5
  1
{\fMistral|b0|i0|c0|p66;TYPICAL FLOOR FALSE CEILING}
1001
ACADANNOTATIVE
1000
AnnotativeData
1002
{
1070
     1
1070
     1
1002
}
1001
ACAD
1000
ACAD_MTEXT_COLUMN_INFO_BEGIN
1070
    75
1070
     2
1070
    79
1070
     0
1070
    76
1070
     1
1070
    78
1070
     0
1070
    48
1040
144.8655858311107
1070
    49
1040
21.18111723172564
1070
    50
1070
     1
1040
0.0
1000
ACAD_MTEXT_COLUMN_INFO_END
  0
LWPOLYLINE
  5
B1
330
2
100
AcDbEntity
  8
FORMAT_BODER
100
AcDbPolyline
 90
        2
 70
     0
 43
0.0
 10
374662.8724978301
 20
-84328.18134030155
 10
374758.0852944732
 20
-84328.18134030155
  0
LWPOLYLINE
  5
B2
330
2
100
AcDbEntity
  8
FORMAT_TEXT
100
AcDbPolyline
 90
        2
 70
     0
 43
0.0
 10
374751.0535012377
 20
-84317.63002392088
 10
374751.0535012377
 20
-84330.54775412388
  0
MTEXT
  5
B3
330
2
100
AcDbEntity
  8
FORMAT_TEXT
100
AcDbMText
 10
374688.0756557343
 20
-84339.46977600313
 30
0.0
 40
3.388978757076103
 41
81.4544722624807
 71
     1
 72
     1
  1
{\fMistral|b0|i0|c0|p66;KAVITA SHARMA}
1001
ACAD
1000
ACAD_MTEXT_COLUMN_INFO_BEGIN
1070
    75
1070
     2
1070
    79
1070
     0
1070
    76
1070
     1
1070
    78
1070
     0
1070
    48
1040
81.4544722624807
1070
    49
1040
21.18111723172564
1070
    50
1070
     1
1040
0.0
1000
ACAD_MTEXT_COLUMN_INFO_END
  0
MTEXT
  5
B4
102
{ACAD_XDICTIONARY
360
934
102
}
330
2
100
AcDbEntity
  8
FORMAT_TEXT
100
AcDbMText
 10
374663.4722976013
 20
-84362.59289807075
 30
0.0
 40
3.388978757076103
 41
81.4544722624807
 71
     1
 72
     1
  1
DATE  -
1001
ACAD
1000
ACAD_MTEXT_COLUMN_INFO_BEGIN
1070
    75
1070
     2
1070
    79
1070
     0
1070
    76
1070
     1
1070
    78
1070
     0
1070
    48
1040
81.4544722624807
1070
    49
1040
21.18111723172564
1070
    50
1070
     1
1040
0.0
1000
ACAD_MTEXT_COLUMN_INFO_END
  0
MTEXT
  5
B6
330
2
100
AcDbEntity
  8
FORMAT_TEXT
100
AcDbMText
 10
374689.4366670813
 20
-84362.22167704339
 30
0.0
 40
3.388978757076103
 41
81.4544722624807
 71
     1
 72
     1
  1
{\fMistral|b0|i0|c0|p66;21-03-2023}
1001
ACAD
1000
ACAD_MTEXT_COLUMN_INFO_BEGIN
1070
    75
1070
     2
1070
    79
1070
     0
1070
    76
1070
     1
1070
    78
1070
     0
1070
    48
1040
81.4544722624807
1070
    49
1040
21.18111723172564
1070
    50
1070
     1
1040
0.0
1000
ACAD_MTEXT_COLUMN_INFO_END
  0
LWPOLYLINE
  5
B7
330
2
100
AcDbEntity
  8
FORMAT_BODER
100
AcDbPolyline
 90
        2
 70
     0
 43
0.0
 10
374613.4257627259
 20
-84367.26771618366
 10
374720.7983011022
 20
-84367.26771618366
  0
MTEXT
  5
B8
102
{ACAD_XDICTIONARY
360
936
102
}
330
2
100
AcDbEntity
  8
FORMAT_TEXT
100
AcDbMText
 10
374364.6803511363
 20
-84348.53632630616
 30
0.0
 40
4.236223446345129
 41
362.0554863719011
 71
     1
 72
     1
  1
N-3/38 DLF-2 BASEMENT, GURGAON                        \P+91-124-4000880,  +91 -9911704805                                                          
1001
ACAD
1000
ACAD_MTEXT_DEFINED_HEIGHT_BEGIN
1070
    46
1040
60.65121380392402
1000
ACAD_MTEXT_DEFINED_HEIGHT_END
  0
MTEXT
  5
BA
102
{ACAD_XDICTIONARY
360
938
102
}
330
2
100
AcDbEntity
  8
FORMAT_TEXT
100
AcDbMText
 10
374362.7477362252
 20
-84331.29590796612
 30
0.0
 40
4.236223446345129
 41
362.0554863719011
 71
     1
 72
     1
  1
 M-39, BASEMENT, GREATER KAILASH-2, DELHI  \P +91-1141600880, +91-9911704805           
1001
ACAD
1000
ACAD_MTEXT_DEFINED_HEIGHT_BEGIN
1070
    46
1040
85.23679492667084
1000
ACAD_MTEXT_DEFINED_HEIGHT_END
  0
LWPOLYLINE
  5
BC
330
2
100
AcDbEntity
  8
FORMAT_TEXT
100
AcDbPolyline
 90
        2
 70
     0
 43
0.0
 10
374352.9131387502
 20
-84346.61715852501
 10
374455.0709952072
 20
-84346.61715852501
  0
LWPOLYLINE
  5
BD
330
2
100
AcDbEntity
  8
FORMAT_TEXT
100
AcDbPolyline
 90
        2
 70
     0
 43
0.0
 10
374363.0382182372
 20
-84319.32451329939
 10
374363.0382182372
 20
-84362.28833590701
  0
MTEXT
  5
BE
330
2
100
AcDbEntity
  8
FORMAT_TEXT
100
AcDbMText
 10
374364.8721039315
 20
-84321.10533247121
 30
0.0
 40
4.236223446345129
 41
362.0554863719011
 71
     1
 72
     1
  1
{\fMistral|b0|i0|c0|p66;EMAIL - TEAM@ASROINDIA.IN}
1001
ACAD
1000
ACAD_MTEXT_DEFINED_HEIGHT_BEGIN
1070
    46
1040
85.23679492667084
1000
ACAD_MTEXT_DEFINED_HEIGHT_END
  0
LWPOLYLINE
  5
BF
330
2
100
AcDbEntity
  8
FORMAT_TEXT
100
AcDbPolyline
 90
        2
 70
     0
 43
0.0
 10
374352.9131387502
 20
-84329.18263709707
 10
374455.0709952072
 20
-84329.18263709707
  0
MTEXT
  5
C0
102
{ACAD_XDICTIONARY
360
C1
102
}
330
2
100
AcDbEntity
  8
FORMAT_TEXT
100
AcDbMText
 10
374551.807641372
 20
-84339.14016447938
 30
0.0
 40
3.388978757076103
 41
81.4544722624807
 71
     1
 72
     1
  1
{\fMistral|b0|i0|c0|p66;DIRECTION}
1001
ACAD
1000
ACAD_MTEXT_COLUMN_INFO_BEGIN
1070
    75
1070
     2
1070
    79
1070
     0
1070
    76
1070
     1
1070
    78
1070
     0
1070
    48
1040
81.4544722624807
1070
    49
1040
21.18111723172564
1070
    50
1070
     1
1040
0.0
1000
ACAD_MTEXT_COLUMN_INFO_END
  0
MTEXT
  5
C2
102
{ACAD_XDICTIONARY
360
C3
102
}
330
2
100
AcDbEntity
  8
FORMAT_TEXT
100
AcDbMText
 10
374465.0879149029
 20
-84321.94891596095
 30
0.0
 40
4.236223446345129
 41
122.5409224436513
 71
     1
 72
     5
  1
{\fMistral|b0|i0|c0|p66;\H1.08333x;PRINCIPAL ARCHITECT- AR.ROBIN SISODIYA}
1001
ACAD
1000
ACAD_MTEXT_COLUMN_INFO_BEGIN
1070
    75
1070
     2
1070
    79
1070
     0
1070
    76
1070
     1
1070
    78
1070
     0
1070
    48
1040
122.5409224436513
1070
    49
1040
21.18111723172564
1070
    50
1070
     1
1040
0.0
1000
ACAD_MTEXT_COLUMN_INFO_END
  0
MTEXT
  5
C4
102
{ACAD_XDICTIONARY
360
C5
102
}
330
2
100
AcDbEntity
  8
FORMAT_TEXT
100
AcDbMText
 10
374611.7230807045
 20
-84352.82717877552
 30
0.0
 40
3.388978757076103
 41
81.4544722624807
 71
     1
 72
     1
  1
{\fMistral|b0|i0|c0|p66;CLIENT -   }
1001
ACAD
1000
ACAD_MTEXT_COLUMN_INFO_BEGIN
1070
    75
1070
     2
1070
    79
1070
     0
1070
    76
1070
     1
1070
    78
1070
     0
1070
    48
1040
81.4544722624807
1070
    49
1040
21.18111723172564
1070
    50
1070
     1
1040
0.0
1000
ACAD_MTEXT_COLUMN_INFO_END
  0
MTEXT
  5
C6
102
{ACAD_XDICTIONARY
360
C7
102
}
330
2
100
AcDbEntity
  8
FORMAT_TEXT
100
AcDbMText
 10
374620.4129009835
 20
-84362.75890902369
 30
0.0
 40
3.388978757076103
 41
81.4544722624807
 71
     1
 72
     1
  1
{\fMistral|b0|i0|c0|p66;PROJECT -   }
1001
ACAD
1000
ACAD_MTEXT_COLUMN_INFO_BEGIN
1070
    75
1070
     2
1070
    79
1070
     0
1070
    76
1070
     1
1070
    78
1070
     0
1070
    48
1040
81.4544722624807
1070
    49
1040
21.18111723172564
1070
    50
1070
     1
1040
0.0
1000
ACAD_MTEXT_COLUMN_INFO_END
  0
MTEXT
  5
C8
102
{ACAD_XDICTIONARY
360
C9
102
}
330
2
100
AcDbEntity
  8
FORMAT_TEXT
100
AcDbMText
 10
374642.2440141382
 20
-84362.9758649909
 30
0.0
 40
3.388978757076103
 41
81.4544722624807
 71
     1
 72
     1
  1
{\fMistral|b0|i0|c0|p66;RESIDENCE}
1001
ACAD
1000
ACAD_MTEXT_COLUMN_INFO_BEGIN
1070
    75
1070
     2
1070
    79
1070
     0
1070
    76
1070
     1
1070
    78
1070
     0
1070
    48
1040
81.4544722624807
1070
    49
1040
21.18111723172564
1070
    50
1070
     1
1040
0.0
1000
ACAD_MTEXT_COLUMN_INFO_END
  0
MTEXT
  5
CA
102
{ACAD_XDICTIONARY
360
CB
102
}
330
2
100
AcDbEntity
  8
FORMAT_TEXT
100
AcDbMText
 10
374585.991285303
 20
-84339.13728476968
 30
0.0
 40
3.388978757076103
 41
81.4544722624807
 71
     1
 72
     1
  1
{\fMistral|b0|i0|c0|p66;ADDRESS -   }
1001
ACAD
1000
ACAD_MTEXT_COLUMN_INFO_BEGIN
1070
    75
1070
     2
1070
    79
1070
     0
1070
    76
1070
     1
1070
    78
1070
     0
1070
    48
1040
81.4544722624807
1070
    49
1040
21.18111723172564
1070
    50
1070
     1
1040
0.0
1000
ACAD_MTEXT_COLUMN_INFO_END
  0
MTEXT
  5
CC
102
{ACAD_XDICTIONARY
360
CD
102
}
330
2
100
AcDbEntity
  8
FORMAT_TEXT
100
AcDbMText
 10
374606.0545735215
 20
-84339.11313221013
 30
0.0
 40
3.388978757076103
 41
81.4544722624807
 71
     1
 72
     1
  1
{\fMistral|b0|i0|c0|p66;H-59, MAHAVIR ENCLAVE, DELHI}
1001
ACAD
1000
ACAD_MTEXT_COLUMN_INFO_BEGIN
1070
    75
1070
     2
1070
    79
1070
     0
1070
    76
1070
     1
1070
    78
1070
     0
1070
    48
1040
81.4544722624807
1070
    49
1040
21.18111723172564
1070
    50
1070
     1
1040
0.0
1000
ACAD_MTEXT_COLUMN_INFO_END
  0
LWPOLYLINE
  5
CE
330
2
100
AcDbEntity
  8
FORMAT_BODER
100
AcDbPolyline
 90
        2
 70
     0
 43
0.0
 10
374577.6462449821
 20
-84334.78397757023
 10
374577.6462449821
 20
-84365.28478638393
  0
LWPOLYLINE
  5
CF
330
2
100
AcDbEntity
  8
FORMAT_BODER
100
AcDbPolyline
 90
        2
 70
     0
 43
0.0
 10
374549.507505275
 20
-84334.78397757023
 10
374549.507505275
 20
-84365.28478638393
  0
LWPOLYLINE
  5
D0
330
2
100
AcDbEntity
  8
FORMAT_BODER
100
AcDbPolyline
 90
        2
 70
     0
 43
0.0
 10
374486.372735708
 20
-84343.82125425574
 10
374573.0456503292
 20
-84343.82125425574
  0
MTEXT
  5
D1
102
{ACAD_XDICTIONARY
360
D2
102
}
330
2
100
AcDbEntity
  8
FORMAT_TEXT
100
AcDbMText
 10
374527.1115518889
 20
-84339.06326080443
 30
0.0
 40
3.388978757076103
 41
81.4544722624807
 71
     1
 72
     1
  1
{\fMistral|b0|i0|c0|p66;RECEIVED BY}
1001
ACAD
1000
ACAD_MTEXT_COLUMN_INFO_BEGIN
1070
    75
1070
     2
1070
    79
1070
     0
1070
    76
1070
     1
1070
    78
1070
     0
1070
    48
1040
81.4544722624807
1070
    49
1040
21.18111723172564
1070
    50
1070
     1
1040
0.0
1000
ACAD_MTEXT_COLUMN_INFO_END
  0
LWPOLYLINE
  5
D3
330
2
100
AcDbEntity
  8
FORMAT_BODER
100
AcDbPolyline
 90
        2
 70
     0
 43
0.0
 10
374525.1286271901
 20
-84334.78397757023
 10
374525.1286271901
 20
-84365.28478638393
  0
LWPOLYLINE
  5
D4
330
2
100
AcDbEntity
  8
FORMAT_BODER
100
AcDbPolyline
 90
        2
 70
     0
 43
0.0
 10
374493.6865488776
 20
-84357.14849884377
 10
374540.8187459423
 20
-84357.14849884377
  0
MTEXT
  5
D5
102
{ACAD_XDICTIONARY
360
D6
102
}
330
2
100
AcDbEntity
  8
FORMAT_TEXT
100
AcDbMText
 10
374502.8128679891
 20
-84352.45022495903
 30
0.0
 40
3.388978757076103
 41
122.5409224436513
 71
     1
 72
     1
  1
{\fMistral|b0|i0|c0|p66;\H1.08333x;SCALE- N.T.S}
1001
ACAD
1000
ACAD_MTEXT_COLUMN_INFO_BEGIN
1070
    75
1070
     2
1070
    79
1070
     0
1070
    76
1070
     1
1070
    78
1070
     0
1070
    48
1040
122.5409224436513
1070
    49
1040
21.18111723172564
1070
    50
1070
     1
1040
0.0
1000
ACAD_MTEXT_COLUMN_INFO_END
  0
MTEXT
  5
D7
102
{ACAD_XDICTIONARY
360
D8
102
}
330
2
100
AcDbEntity
  8
FORMAT_TEXT
100
AcDbMText
 10
374461.2675576887
 20
-84338.76545741105
 30
0.0
 40
3.388978757076103
 41
122.5409224436513
 71
     1
 72
     1
  1
{\H1.08333x;©ASROINDIA.ALL RIGHT'S RESERVED}
1001
ACAD
1000
ACAD_MTEXT_COLUMN_INFO_BEGIN
1070
    75
1070
     2
1070
    79
1070
     0
1070
    76
1070
     1
1070
    78
1070
     0
1070
    48
1040
122.5409224436513
1070
    49
1040
21.18111723172564
1070
    50
1070
     1
1040
0.0
1000
ACAD_MTEXT_COLUMN_INFO_END
  0
LWPOLYLINE
  5
D9
330
2
100
AcDbEntity
  8
FORMAT_BODER
100
AcDbPolyline
 90
        4
 70
     1
 43
0.0
 10
374759.1376773881
 20
-84309.15757702815
 10
374674.2587140201
 20
-84309.15757702815
 10
374674.2587140201
 20
-84247.37349494408
 10
374759.1376773881
 20
-84247.37349494408
  0
HATCH
  5
DA
330
2
100
AcDbEntity
  8
HATCH
 62
    43
100
AcDbHatch
 10
0.0
 20
0.0
 30
0.0
210
0.0
220
0.0
230
1.0
  2
SOLID
 70
     1
 71
     1
 91
        1
 92
        1
 93
        4
 72
     1
 10
374674.2587140201
 20
-84254.15145245822
 11
374759.1376773881
 21
-84254.15145245822
 72
     1
 10
374759.1376773881
 20
-84254.15145245822
 11
374759.1376773881
 21
-84247.37349494408
 72
     1
 10
374759.1376773881
 20
-84247.37349494408
 11
374674.2587140201
 21
-84247.37349494408
 72
     1
 10
374674.2587140201
 20
-84247.37349494408
 11
374674.2587140201
 21
-84254.15145245822
 97
        1
330
DB
 75
     1
 76
     1
 98
        1
 10
361728.2675449618
 20
-88146.0605214344
1001
GRADIENTCOLOR2ACI
1070
     7
1001
ACAD
1010
0.0
1020
0.0
1030
0.0
  0
LWPOLYLINE
  5
DB
102
{ACAD_REACTORS
330
DA
102
}
330
2
100
AcDbEntity
  8
FORMAT_BODER
100
AcDbPolyline
 90
        4
 70
     1
 43
0.0
 10
374674.2587140201
 20
-84254.15145245822
 10
374759.1376773881
 20
-84254.15145245822
 10
374759.1376773881
 20
-84247.37349494408
 10
374674.2587140201
 20
-84247.37349494408
  0
MTEXT
  5
DC
330
2
100
AcDbEntity
  8
FORMAT_TEXT
100
AcDbMText
 10
374676.3798995368
 20
-84248.25651105927
 30
0.0
 40
4.236223446345129
 41
81.4544722624807
 71
     1
 72
     5
  1
{\fMistral|b0|i0|c0|p66;NOTE :}
1001
ACAD
1000
ACAD_MTEXT_COLUMN_INFO_BEGIN
1070
    75
1070
     2
1070
    79
1070
     0
1070
    76
1070
     1
1070
    78
1070
     0
1070
    48
1040
81.4544722624807
1070
    49
1040
21.18111723172564
1070
    50
1070
     1
1040
0.0
1000
ACAD_MTEXT_COLUMN_INFO_END
  0
LWPOLYLINE
  5
DD
330
2
100
AcDbEntity
  8
FORMAT_BODER
100
AcDbPolyline
 90
        2
 70
     0
 43
0.0
 10
374674.2587140201
 20
-84272.83258378935
 10
374755.0688050515
 20
-84272.83258378935
  0
LWPOLYLINE
  5
DE
330
2
100
AcDbEntity
  8
FORMAT_BODER
100
AcDbPolyline
 90
        2
 70
     0
 43
0.0
 10
374674.2587140201
 20
-84293.06012083507
 10
374748.8713108117
 20
-84293.06012083507
  0
LWPOLYLINE
  5
DF
330
2
100
AcDbEntity
  8
FORMAT_BODER
100
AcDbPolyline
 90
        2
 70
     0
 43
0.0
 10
374674.2587140201
 20
-84301.03622235483
 10
374734.2108467506
 20
-84301.03622235483
  0
LWPOLYLINE
  5
E0
330
2
100
AcDbEntity
  8
FORMAT_BODER
100
AcDbPolyline
 90
        3
 70
     0
 43
0.0
 10
374670.8697352632
 20
-84312.54655578524
 10
374670.8697352632
 20
-84243.47784565334
 10
374762.5266561451
 20
-84243.47784565334
  0
MTEXT
  5
E1
102
{ACAD_XDICTIONARY
360
93B
102
}
330
2
100
AcDbEntity
  8
FORMAT_TEXT
100
AcDbMText
 10
374682.4293884272
 20
-84275.59074509035
 30
0.0
 40
3.388978757076103
 41
172.7026449089704
 71
     1
 72
     5
  1
DRAWING AND DIMENSIONS ARE ONLY\PTO BE READ AND NOT SCALED.\PUNLESS OTHERWISE MENTIONED
1001
ACAD
1000
ACAD_MTEXT_COLUMN_INFO_BEGIN
1070
    75
1070
     2
1070
    79
1070
     0
1070
    76
1070
     1
1070
    78
1070
     0
1070
    48
1040
172.7026449089704
1070
    49
1040
21.18111723172564
1070
    50
1070
     1
1040
37.31861063361758
1000
ACAD_MTEXT_COLUMN_INFO_END
  0
MTEXT
  5
E3
102
{ACAD_XDICTIONARY
360
93D
102
}
330
2
100
AcDbEntity
  8
FORMAT_TEXT
100
AcDbMText
 10
374682.5887865517
 20
-84255.74363751305
 30
0.0
 40
3.388978757076103
 41
185.8520498255662
 71
     1
 72
     5
  1
IN CASE OF ANY CHANGES \PTHAT ARE NOT REELECTED IN DRAWINGS .\PMIGHT BE OUCCER DUE TO ON SITE CONDITION.
1001
ACAD
1000
ACAD_MTEXT_COLUMN_INFO_BEGIN
1070
    75
1070
     2
1070
    79
1070
     0
1070
    76
1070
     1
1070
    78
1070
     0
1070
    48
1040
185.8520498255662
1070
    49
1040
21.18111723172564
1070
    50
1070
     1
1040
38.20757833362644
1000
ACAD_MTEXT_COLUMN_INFO_END
  0
MTEXT
  5
E5
330
2
100
AcDbEntity
  8
FORMAT_TEXT
100
AcDbMText
 10
374682.5620219411
 20
-84294.5258859905
 30
0.0
 40
3.388978757076103
 41
113.5427447600421
 71
     1
 72
     5
  1
{\fTw Cen MT Condensed|b0|i0|c0|p34;STANDARD LINTEL HEIGHT TO BE -7'-9"}
1001
ACAD
1000
ACAD_MTEXT_COLUMN_INFO_BEGIN
1070
    75
1070
     2
1070
    79
1070
     0
1070
    76
1070
     1
1070
    78
1070
     0
1070
    48
1040
113.5427447600421
1070
    49
1040
21.18111723172564
1070
    50
1070
     1
1040
14.87102907638645
1000
ACAD_MTEXT_COLUMN_INFO_END
  0
MTEXT
  5
E6
330
2
100
AcDbEntity
  8
FORMAT_TEXT
100
AcDbMText
 10
374682.5626167103
 20
-84302.77674041282
 30
0.0
 40
3.388978757076103
 41
113.5427447600421
 71
     1
 72
     5
  1
{\fTw Cen MT Condensed|b0|i0|c0|p34;F.F.L TO B.O.S HEIGHT TO BE -9'-2"}
1001
ACAD
1000
ACAD_MTEXT_COLUMN_INFO_BEGIN
1070
    75
1070
     2
1070
    79
1070
     0
1070
    76
1070
     1
1070
    78
1070
     0
1070
    48
1040
113.5427447600421
1070
    49
1040
21.18111723172564
1070
    50
1070
     1
1040
14.87102907638645
1000
ACAD_MTEXT_COLUMN_INFO_END
  0
MTEXT
  5
E7
330
2
100
AcDbEntity
  8
FORMAT_TEXT
100
AcDbMText
 10
374676.573063327
 20
-84255.46666372383
 30
0.0
 40
4.236223446345129
 41
81.4544722624807
 71
     1
 72
     5
  1
{\fTw Cen MT Condensed|b0|i0|c0|p34;1.}
1001
ACAD
1000
ACAD_MTEXT_COLUMN_INFO_BEGIN
1070
    75
1070
     2
1070
    79
1070
     0
1070
    76
1070
     1
1070
    78
1070
     0
1070
    48
1040
81.4544722624807
1070
    49
1040
21.18111723172564
1070
    50
1070
     1
1040
0.0
1000
ACAD_MTEXT_COLUMN_INFO_END
  0
MTEXT
  5
E8
330
2
100
AcDbEntity
  8
FORMAT_TEXT
100
AcDbMText
 10
374676.573063327
 20
-84275.56664933234
 30
0.0
 40
4.236223446345129
 41
81.4544722624807
 71
     1
 72
     5
  1
{\fTw Cen MT Condensed|b0|i0|c0|p34;2.}
1001
ACAD
1000
ACAD_MTEXT_COLUMN_INFO_BEGIN
1070
    75
1070
     2
1070
    79
1070
     0
1070
    76
1070
     1
1070
    78
1070
     0
1070
    48
1040
81.4544722624807
1070
    49
1040
21.18111723172564
1070
    50
1070
     1
1040
0.0
1000
ACAD_MTEXT_COLUMN_INFO_END
  0
MTEXT
  5
E9
330
2
100
AcDbEntity
  8
FORMAT_TEXT
100
AcDbMText
 10
374676.573063327
 20
-84293.95224110752
 30
0.0
 40
4.236223446345129
 41
81.4544722624807
 71
     1
 72
     5
  1
{\fTw Cen MT Condensed|b0|i0|c0|p34;3.}
1001
ACAD
1000
ACAD_MTEXT_COLUMN_INFO_BEGIN
1070
    75
1070
     2
1070
    79
1070
     0
1070
    76
1070
     1
1070
    78
1070
     0
1070
    48
1040
81.4544722624807
1070
    49
1040
21.18111723172564
1070
    50
1070
     1
1040
0.0
1000
ACAD_MTEXT_COLUMN_INFO_END
  0
MTEXT
  5
EA
330
2
100
AcDbEntity
  8
FORMAT_BODER
100
AcDbMText
 10
374676.573063327
 20
-84302.1032927289
 30
0.0
 40
4.236223446345129
 41
81.4544722624807
 71
     1
 72
     5
  1
{\fTw Cen MT Condensed|b0|i0|c0|p34;4.}
1001
ACAD
1000
ACAD_MTEXT_COLUMN_INFO_BEGIN
1070
    75
1070
     2
1070
    79
1070
     0
1070
    76
1070
     1
1070
    78
1070
     0
1070
    48
1040
81.4544722624807
1070
    49
1040
21.18111723172564
1070
    50
1070
     1
1040
0.0
1000
ACAD_MTEXT_COLUMN_INFO_END
  0
MTEXT
  5
EB
102
{ACAD_XDICTIONARY
360
EC
102
}
330
2
100
AcDbEntity
  8
FORMAT_TEXT
100
AcDbMText
 10
374626.3314359855
 20
-84352.44037679816
 30
0.0
 40
3.388978757076103
 41
81.4544722624807
 71
     1
 72
     1
  1
{\fMistral|b0|i0|c0|p66;MR. NITIN KHIRWAR}
1001
ACAD
1000
ACAD_MTEXT_COLUMN_INFO_BEGIN
1070
    75
1070
     2
1070
    79
1070
     0
1070
    76
1070
     1
1070
    78
1070
     0
1070
    48
1040
81.4544722624807
1070
    49
1040
21.18111723172564
1070
    50
1070
     1
1040
0.0
1000
ACAD_MTEXT_COLUMN_INFO_END
  0
INSERT
  5
ED
330
2
100
AcDbEntity
  8
WALL
 48
12.0
100
AcDbBlockReference
  2
A$C5E3C4737
 10
374551.6487323702
 20
-84367.08256197178
 30
0.0
 41
0.9279732311827359
 42
0.9279732311827359
 43
0.9279732311827359
  0
INSERT
  5
111
330
2
100
AcDbEntity
  8
_DIMENSION
100
AcDbBlockReference
  2
HH
 10
250343.0633473484
 20
-55902.64898033386
 30
0.0
 41
0.3410751181016229
 42
0.3410751181016229
 43
0.3410751181016229
  0
LWPOLYLINE
  5
462
330
2
100
AcDbEntity
  8
FORMAT_BODER
100
AcDbPolyline
 90
        4
 70
     1
 43
0.0
 10
374670.8697352632
 20
-84243.47784565334
 10
374759.1376773881
 20
-84243.47784565334
 10
374759.1376773881
 20
-83968.90546048716
 10
374670.8697352632
 20
-83968.90546048716
  0
LINE
  5
463
330
2
100
AcDbEntity
  8
FORMAT_BODER
100
AcDbLine
 10
374670.8697352632
 20
-83734.37267118506
 30
0.0
 11
374762.5266561452
 21
-83734.37267118506
 31
0.0
  0
LINE
  5
464
330
2
100
AcDbEntity
  8
FORMAT_BODER
100
AcDbLine
 10
374670.8697352632
 20
-83748.7475767967
 30
0.0
 11
374762.5266561452
 21
-83748.7475767967
 31
0.0
  0
LINE
  5
465
330
2
100
AcDbEntity
  8
FORMAT_BODER
100
AcDbLine
 10
374670.8697352632
 20
-83763.12248240825
 30
0.0
 11
374762.5266561452
 21
-83763.12248240825
 31
0.0
  0
LINE
  5
466
330
2
100
AcDbEntity
  8
FORMAT_BODER
100
AcDbLine
 10
374670.8697352632
 20
-83671.35400729897
 30
0.0
 11
374762.5266561452
 21
-83671.35400729897
 31
0.0
  0
MTEXT
  5
467
330
2
100
AcDbEntity
  8
FORMAT_TEXT
100
AcDbMText
 10
374673.8460925507
 20
-83673.3848750469
 30
0.0
 40
3.377109475172858
 41
185.2011368131817
 71
     1
 72
     5
  1
{\fISOCPEUR|b0|i0|c0|p34;Legends:-}
  0
LINE
  5
468
330
2
100
AcDbEntity
  8
FORMAT_BODER
100
AcDbLine
 10
374671.0232725018
 20
-83680.46624548722
 30
0.0
 11
374762.5266561452
 21
-83680.46624548722
 31
0.0
  0
INSERT
  5
469
330
2
100
AcDbEntity
  8
_ELEVATION__09
  6
BYBLOCK
100
AcDbBlockReference
  2
SUSPENDED_LIGHTS
 10
373382.1883973509
 20
-58241.10149921834
 30
0.0
 41
0.9418776517640198
 42
0.9418776517640198
 43
0.9418776517640198
  0
INSERT
  5
476
330
2
100
AcDbEntity
  8
_HIDDEN
  6
BYBLOCK
100
AcDbBlockReference
  2
CONCEALED_LIGHTS
 10
431518.8172799419
 20
-80369.3574857164
 30
0.0
 41
2.119224716469045
 42
2.119224716469045
 43
2.119224716469045
 50
270.0
  0
INSERT
  5
481
330
2
100
AcDbEntity
  8
_HIDDEN
  6
BYBLOCK
100
AcDbBlockReference
  2
FAN
 10
373008.3198018921
 20
-55316.40398271991
 30
0.0
 41
1.059612358234522
 42
1.059612358234522
 43
1.059612358234522
  0
LWPOLYLINE
  5
488
330
2
100
AcDbEntity
  8
FORMAT_BODER
100
AcDbPolyline
 90
        2
 70
     0
 43
0.0
 10
374671.7951298231
 20
-83691.93701882484
 10
374762.5266561452
 20
-83691.93701882484
  0
LWPOLYLINE
  5
489
330
2
100
AcDbEntity
  8
FORMAT_BODER
100
AcDbPolyline
 90
        2
 70
     0
 43
0.0
 10
374671.7951298231
 20
-83706.59957763838
 10
374762.5266561452
 20
-83706.59957763838
  0
LWPOLYLINE
  5
48A
330
2
100
AcDbEntity
  8
FORMAT_BODER
100
AcDbPolyline
 90
        2
 70
     0
 43
0.0
 10
374671.7951298231
 20
-83719.32586743627
 10
374762.5266561452
 20
-83719.32586743627
  0
MTEXT
  5
48B
330
2
100
AcDbEntity
  8
FORMATE_TEXT
 48
100.0
100
AcDbMText
 10
374674.3405062244
 20
-83697.3527151766
 30
0.0
 40
4.171667114270611
 41
461.6470214577668
 71
     1
 72
     5
  1
{\fISOCPEUR|b0|i0|c0|p34;\C131;02.}
  7
FORMATE
  0
MTEXT
  5
48E
330
2
100
AcDbEntity
  8
FORMATE_TEXT
 48
100.0
100
AcDbMText
 10
374674.3405062244
 20
-83710.6263282446
 30
0.0
 40
4.171667114270611
 41
461.6470214577668
 71
     1
 72
     5
  1
{\fISOCPEUR|b0|i0|c0|p34;\C131;03.}
  7
FORMATE
  0
MTEXT
  5
48F
330
2
100
AcDbEntity
  8
FORMATE_TEXT
 48
100.0
100
AcDbMText
 10
374674.3405062244
 20
-83723.23355193847
 30
0.0
 40
4.171667114270611
 41
461.6470214577668
 71
     1
 72
     5
  1
{\fISOCPEUR|b0|i0|c0|p34;\C131;04.}
  7
FORMATE
  0
MTEXT
  5
490
330
2
100
AcDbEntity
  8
FORMATE_TEXT
 48
100.0
100
AcDbMText
 10
374713.6631560489
 20
-83696.34610550645
 30
0.0
 40
4.171667114270611
 41
461.6470214577668
 71
     1
 72
     5
  1
{\fISOCPEUR|b0|i0|c0|p34;\C131;Suspended Light}
  7
FORMATE
  0
MTEXT
  5
491
330
2
100
AcDbEntity
  8
FORMATE_TEXT
 48
100.0
100
AcDbMText
 10
374713.6631560489
 20
-83710.37872747603
 30
0.0
 40
4.171667114270611
 41
461.6470214577668
 71
     1
 72
     5
  1
{\fISOCPEUR|b0|i0|c0|p34;\C131;Halogen}
  7
FORMATE
  0
MTEXT
  5
492
330
2
100
AcDbEntity
  8
FORMATE_TEXT
 48
100.0
100
AcDbMText
 10
374713.6631560489
 20
-83723.90048573985
 30
0.0
 40
4.171667114270611
 41
461.6470214577668
 71
     1
 72
     5
  1
{\fISOCPEUR|b0|i0|c0|p34;\C131;Fan Point}
  7
FORMATE
  0
LWPOLYLINE
  5
493
330
2
100
AcDbEntity
  8
FORMAT_BODER
100
AcDbPolyline
 90
        2
 70
     0
 43
0.0
 10
374685.3018006523
 20
-83680.46624548722
 10
374685.3018006525
 20
-83777.49738801987
  0
LWPOLYLINE
  5
494
330
2
100
AcDbEntity
  8
FORMAT_BODER
100
AcDbPolyline
 90
        2
 70
     0
 43
0.0
 10
374708.0702577502
 20
-83680.46624548722
 10
374708.0702577502
 20
-83777.49738801987
  0
MTEXT
  5
495
330
2
100
AcDbEntity
  8
FORMATE_TEXT
 48
100.0
100
AcDbMText
 10
374710.0044802137
 20
-83737.4506704191
 30
0.0
 40
4.171667114270611
 41
461.6470214577668
 71
     1
 72
     5
  1
{\C131;Button Spot Light}
  7
FORMATE
  0
MTEXT
  5
496
330
2
100
AcDbEntity
  8
FORMATE_TEXT
 48
100.0
100
AcDbMText
 10
374674.3405062244
 20
-83738.49186240404
 30
0.0
 40
4.171667114270611
 41
461.6470214577668
 71
     1
 72
     5
  1
{\C131;05.}
  7
FORMATE
  0
INSERT
  5
497
330
2
100
AcDbEntity
  8
_DIMENSION
  6
CONTINUOUS
100
AcDbBlockReference
  2
HTHH
 10
106896.4785813382
 20
7255.379569027862
 30
0.0
 41
1.197908800966358
 42
1.197908800966358
 43
1.197908800966358
  0
INSERT
  5
4A0
330
2
100
AcDbEntity
  8
_DIMENSION
  6
CONTINUOUS
100
AcDbBlockReference
  2
RETT5T5
 10
105887.9641264158
 20
7226.489023357739
 30
0.0
 41
1.197908800966358
 42
1.197908800966358
 43
1.197908800966358
  0
INSERT
  5
4A8
330
2
100
AcDbEntity
  8
_DIMENSION
  6
CONTINUOUS
100
AcDbBlockReference
  2
HTRHTRH
 10
105897.6751307639
 20
7211.499960101235
 30
0.0
 41
1.197908800966358
 42
1.197908800966358
 43
1.197908800966358
  0
MTEXT
  5
4B2
330
2
100
AcDbEntity
  8
FORMATE_TEXT
 48
100.0
100
AcDbMText
 10
374719.2232364448
 20
-83753.49783610995
 30
0.0
 40
4.171667114270611
 41
461.6470214577668
 71
     1
 72
     5
  1
{\C131;down light}
  7
FORMATE
  0
MTEXT
  5
4B3
330
2
100
AcDbEntity
  8
FORMATE_TEXT
 48
100.0
100
AcDbMText
 10
374717.0134150011
 20
-83767.67007896265
 30
0.0
 40
4.171667114270611
 41
461.6470214577668
 71
     1
 72
     5
  1
{\C131;pendant light}
  7
FORMATE
  0
MTEXT
  5
4B4
330
2
100
AcDbEntity
  8
FORMATE_TEXT
 48
100.0
100
AcDbMText
 10
374674.3405062244
 20
-83753.95021916705
 30
0.0
 40
4.171667114270611
 41
461.6470214577668
 71
     1
 72
     5
  1
{\C131;06.}
  7
FORMATE
  0
MTEXT
  5
4B5
330
2
100
AcDbEntity
  8
FORMATE_TEXT
 48
100.0
100
AcDbMText
 10
374674.3405062244
 20
-83767.84317302624
 30
0.0
 40
4.171667114270611
 41
461.6470214577668
 71
     1
 72
     5
  1
{\C131;07.}
  7
FORMATE
  0
INSERT
  5
4B6
330
2
100
AcDbEntity
  8
_HATCH_251
100
AcDbBlockReference
  2
KT
 10
374696.4588027866
 20
-83690.3690014197
 30
0.0
 41
-1.353949168651392
 42
1.353949168651392
 43
1.353949168687357
 50
270.0
  0
MTEXT
  5
4EF
330
2
100
AcDbEntity
  8
FORMATE_TEXT
 48
100.0
100
AcDbMText
 10
374710.3420699069
 20
-83686.47624027511
 30
0.0
 40
3.747182809090149
 41
414.6725362521337
 71
     1
 72
     5
  1
{\fISOCPEUR|b0|i0|c0|p34;\C131;Switch Board}
  7
FORMATE
  0
LINE
  5
4F0
330
2
100
AcDbEntity
  8
FORMAT_BODER
100
AcDbLine
 10
374670.8697352632
 20
-84312.54655578524
 30
0.0
 11
374670.8697352632
 21
-83968.90546048716
 31
0.0
  0
LWPOLYLINE
  5
4F1
330
2
100
AcDbEntity
  8
FORMAT_BODER
100
AcDbPolyline
 90
        3
 70
     0
 43
0.0
 10
374670.8697352632
 20
-83665.4606730477
 10
374670.8697352632
 20
-83777.49738801987
 10
374762.5266561452
 20
-83777.49738801987
  0
MTEXT
  5
4F2
330
2
100
AcDbEntity
  8
FORMATE_TEXT
 48
100.0
100
AcDbMText
 10
374674.3405062244
 20
-83684.94539935591
 30
0.0
 40
4.171667114270611
 41
461.6470214577668
 71
     1
 72
     5
  1
{\C131;01.}
  7
FORMATE
  0
HATCH
  5
4F3
330
2
100
AcDbEntity
  8
HATCH
 62
    43
100
AcDbHatch
 10
0.0
 20
0.0
 30
0.0
210
0.0
220
0.0
230
1.0
  2
SOLID
 70
     1
 71
     1
 91
        1
 92
        1
 93
        4
 72
     1
 10
374674.2587140201
 20
-83978.31559133215
 11
374759.1376773881
 21
-83978.31559133215
 72
     1
 10
374759.1376773881
 20
-83978.31559133215
 11
374759.1376773881
 21
-83971.537633818
 72
     1
 10
374759.1376773881
 20
-83971.537633818
 11
374674.2587140201
 21
-83971.537633818
 72
     1
 10
374674.2587140201
 20
-83971.537633818
 11
374674.2587140201
 21
-83978.31559133215
 97
        1
330
4F4
 75
     1
 76
     1
 98
        1
 10
361728.2675449618
 20
-87870.22466030832
1001
GRADIENTCOLOR2ACI
1070
     7
1001
ACAD
1010
0.0
1020
0.0
1030
0.0
  0
LWPOLYLINE
  5
4F4
102
{ACAD_REACTORS
330
4F3
102
}
330
2
100
AcDbEntity
  8
FORMAT_BODER
100
AcDbPolyline
 90
        4
 70
     1
 43
0.0
 10
374674.2587140201
 20
-83978.31559133215
 10
374759.1376773881
 20
-83978.31559133215
 10
374759.1376773881
 20
-83971.537633818
 10
374674.2587140201
 20
-83971.537633818
  0
MTEXT
  5
4F5
330
2
100
AcDbEntity
  8
FORMAT_TEXT
100
AcDbMText
 10
374676.3798995368
 20
-83972.42064993319
 30
0.0
 40
4.236223446345129
 41
81.4544722624807
 71
     1
 72
     5
  1
{\fMistral|b0|i0|c0|p66;KEY PLAN :-}
1001
ACAD
1000
ACAD_MTEXT_COLUMN_INFO_BEGIN
1070
    75
1070
     2
1070
    79
1070
     0
1070
    76
1070
     1
1070
    78
1070
     0
1070
    48
1040
81.4544722624807
1070
    49
1040
21.18111723172564
1070
    50
1070
     1
1040
0.0
1000
ACAD_MTEXT_COLUMN_INFO_END
  0
INSERT
  5
4F6
330
2
100
AcDbEntity
  8
_DIMENSION
100
AcDbBlockReference
  2
GTGT
 10
7273.74600286223
 20
-1410.23249787066
 30
0.0
  0
LWPOLYLINE
  5
6F2
330
2
100
AcDbEntity
  8
BEAM
  6
CONTINOUS
 62
     2
 48
12.0
100
AcDbPolyline
 90
        2
 70
     0
 43
0.0
 39
6.0
 10
374495.5390577912
 20
-83730.25927122688
 10
374599.0390577911
 20
-83730.25927122688
  0
LWPOLYLINE
  5
6F4
330
2
100
AcDbEntity
  8
BEAM
  6
CONTINOUS
 62
     2
 48
12.0
100
AcDbPolyline
 90
        2
 70
     0
 43
0.0
 39
6.0
 10
374495.5390577912
 20
-83729.25927122688
 10
374599.0390577911
 20
-83729.25927122688
  0
MTEXT
  5
6F5
330
2
100
AcDbEntity
  8
_TEXT
 48
12.0
100
AcDbMText
 10
374539.1981552055
 20
-83724.40281554127
 30
0.0
 40
2.908634597735789
 41
45.15216526784552
 71
     1
 72
     5
  1
\A1;PELMET
  7
6_IN
1001
ACAD
1000
ACAD_MTEXT_COLUMN_INFO_BEGIN
1070
    75
1070
     2
1070
    79
1070
     0
1070
    76
1070
     1
1070
    78
1070
     0
1070
    48
1040
45.15216526784552
1070
    49
1040
14.54317298867895
1070
    50
1070
     1
1040
3.815350840004041
1000
ACAD_MTEXT_COLUMN_INFO_END
  0
INSERT
  5
6F6
330
2
100
AcDbEntity
  8
_DIMENSION
100
AcDbBlockReference
  2
TRTHTRH
 10
342111.0056204335
 20
-84705.74594237762
 30
0.0
 41
0.7708890572495575
 42
0.7708890572495575
 43
0.7708890572495575
  0
INSERT
  5
702
330
2
100
AcDbEntity
  8
_DIMENSION
100
AcDbBlockReference
  2
TRTHTRH
 10
342197.3617547562
 20
-84705.74594237762
 30
0.0
 41
0.7708890572495575
 42
0.7708890572495575
 43
0.7708890572495575
  0
INSERT
  5
703
330
2
100
AcDbEntity
  8
CEIL-CENTRE_LINE
 48
25.0
100
AcDbBlockReference
  2
CF
 10
374549.5393553796
 20
-83791.79847891042
 30
0.0
  0
LWPOLYLINE
  5
715
330
2
100
AcDbEntity
  8
_DIMENSION
 62
     5
 48
20.0
100
AcDbPolyline
 90
        4
 70
     1
 43
0.0
 10
374515.039173398
 20
-83749.75927122688
 10
374584.0395373611
 20
-83749.75927122688
 10
374584.0395373611
 20
-83835.33768659388
 10
374515.039173398
 20
-83835.33768659388
  0
INSERT
  5
716
330
2
100
AcDbEntity
  8
_HIDDEN
  6
BYBLOCK
100
AcDbBlockReference
  2
CONCEALED_LIGHTS
 10
376214.9925100119
 20
-112474.455851389
 30
0.0
 41
1.06788682975941
 42
1.06788682975941
 43
1.06788682975941
 50
180.0
  0
INSERT
  5
717
330
2
100
AcDbEntity
  8
_HIDDEN
  6
BYBLOCK
100
AcDbBlockReference
  2
CONCEALED_LIGHTS
 10
372884.0862007471
 20
-112474.455851389
 30
0.0
 41
-1.06788682975941
 42
1.06788682975941
 43
1.06788682975941
 50
180.0
  0
INSERT
  5
718
330
2
100
AcDbEntity
  8
_HIDDEN
  6
BYBLOCK
100
AcDbBlockReference
  2
CONCEALED_LIGHTS
 10
376193.9159211056
 20
-55131.61888238101
 30
0.0
 41
-1.06788682975941
 42
1.06788682975941
 43
1.06788682975941
  0
INSERT
  5
719
330
2
100
AcDbEntity
  8
_HIDDEN
  6
BYBLOCK
100
AcDbBlockReference
  2
CONCEALED_LIGHTS
 10
376193.9159211056
 20
-112453.4780754398
 30
0.0
 41
1.06788682975941
 42
1.06788682975941
 43
1.06788682975941
 50
180.0
  0
INSERT
  5
71A
330
2
100
AcDbEntity
  8
_HIDDEN
  6
BYBLOCK
100
AcDbBlockReference
  2
CONCEALED_LIGHTS
 10
372905.1627896535
 20
-55140.65809006455
 30
0.0
 41
1.06788682975941
 42
1.06788682975941
 43
1.06788682975941
  0
INSERT
  5
71B
330
2
100
AcDbEntity
  8
_HIDDEN
  6
BYBLOCK
100
AcDbBlockReference
  2
CONCEALED_LIGHTS
 10
372905.1627896535
 20
-112442.9388677563
 30
0.0
 41
-1.06788682975941
 42
1.06788682975941
 43
1.06788682975941
 50
180.0
  0
HATCH
  5
71C
330
2
100
AcDbEntity
  8
_DIMENSION
 62
   251
 48
20.0
100
AcDbHatch
 10
0.0
 20
0.0
 30
0.0
210
0.0
220
0.0
230
1.0
  2
ANSI31
 70
     0
 71
     0
 91
        3
 92
       16
 93
        4
 72
     1
 10
374515.0386938381
 20
-83835.33560648811
 11
374515.039173398
 21
-83749.75927122688
 72
     1
 10
374515.039173398
 20
-83749.75927122688
 11
374584.0395373611
 21
-83749.75927122688
 72
     1
 10
374584.0395373611
 20
-83749.75927122688
 11
374584.0390578012
 21
-83835.33560648811
 72
     1
 10
374584.0390578012
 20
-83835.33560648811
 11
374515.0386938381
 21
-83835.33560648811
 97
        0
 92
       16
 93
        4
 72
     1
 10
374515.0391733979
 20
-83864.08001573119
 11
374515.0391733979
 21
-83854.83377743291
 72
     1
 10
374515.0391733979
 20
-83854.83377743291
 11
374584.0395373611
 21
-83854.83377743291
 72
     1
 10
374584.0395373611
 20
-83854.83377743291
 11
374584.0395373611
 21
-83864.08001573119
 72
     1
 10
374584.0395373611
 20
-83864.08001573119
 11
374515.0391733979
 21
-83864.08001573119
 97
        0
 92
        1
 93
        4
 72
     1
 10
374603.5392878435
 20
-83730.25722285436
 11
374495.5390577909
 21
-83730.25720037323
 72
     1
 10
374495.5390577909
 20
-83730.25720037323
 11
374495.5390577909
 21
-83883.75927122694
 72
     1
 10
374495.5390577909
 20
-83883.75927122694
 11
374603.5392878435
 21
-83883.75929370806
 72
     1
 10
374603.5392878435
 20
-83883.75929370806
 11
374603.5392878435
 21
-83730.25722285436
 97
        0
 75
     1
 76
     1
 52
0.0
 41
31.0
 77
     0
 78
     1
 53
45.0
 43
0.0
 44
-1374.215838302858
 45
-2.740038777097872
 46
2.740038777097872
 79
     0
 98
        2
 10
374555.2838237107
 20
-83856.0052736185
 10
374555.2838237107
 20
-83856.0052736185
1001
GRADIENTCOLOR1ACI
1070
     5
1001
GRADIENTCOLOR2ACI
1070
     2
1001
ACAD
1010
0.0
1020
0.0
1030
0.0
  0
LWPOLYLINE
  5
71D
330
2
100
AcDbEntity
  8
_DIMENSION
 62
     5
 48
20.0
100
AcDbPolyline
 90
        4
 70
     1
 43
0.0
 10
374515.039173398
 20
-83864.08001573119
 10
374584.0395373611
 20
-83864.08001573119
 10
374584.0395373611
 20
-83854.83377743291
 10
374515.039173398
 20
-83854.83377743291
  0
LWPOLYLINE
  5
71E
330
2
100
AcDbEntity
  8
_DIMENSION
  6
DASHED
 62
     3
 48
20.0
100
AcDbPolyline
 90
        4
 70
     1
 43
0.0
 10
374512.039173398
 20
-83867.08001573119
 10
374587.0395373611
 20
-83867.08001573119
 10
374587.0395373611
 20
-83851.83377743291
 10
374512.039173398
 20
-83851.83377743291
  0
MTEXT
  5
71F
330
2
100
AcDbEntity
  8
_TEXT
 48
12.0
100
AcDbMText
 10
374515.7312868682
 20
-83846.07957153398
 30
0.0
 40
2.242299619697536
 41
49.8339120621065
 71
     1
 72
     5
  1
\A1; POP BO AC PIPE LVL.
  7
6_IN
1001
ACAD
1000
ACAD_MTEXT_COLUMN_INFO_BEGIN
1070
    75
1070
     2
1070
    79
1070
     0
1070
    76
1070
     1
1070
    78
1070
     0
1070
    48
1040
49.8339120621065
1070
    49
1040
11.21149809848768
1070
    50
1070
     1
1040
2.941297522972962
1000
ACAD_MTEXT_COLUMN_INFO_END
  0
MTEXT
  5
720
330
2
100
AcDbEntity
  8
_TEXT
 48
12.0
100
AcDbMText
 10
374531.6861603862
 20
-83858.18852711246
 30
0.0
 40
2.242299619697536
 41
34.80831971380099
 71
     1
 72
     5
  1
\A1;POP BOS LVL.
  7
6_IN
1001
ACAD
1000
ACAD_MTEXT_COLUMN_INFO_BEGIN
1070
    75
1070
     2
1070
    79
1070
     0
1070
    76
1070
     1
1070
    78
1070
     0
1070
    48
1040
34.80831971380099
1070
    49
1040
11.21149809848768
1070
    50
1070
     1
1040
2.941297522972962
1000
ACAD_MTEXT_COLUMN_INFO_END
  0
MTEXT
  5
721
330
2
100
AcDbEntity
  8
_TEXT
 48
12.0
100
AcDbMText
 10
374540.4552664927
 20
-83824.29784745585
 30
0.0
 40
2.242299619697536
 41
34.80831971380099
 71
     1
 72
     5
  1
\A1; POP BOS  LVL. 
  7
6_IN
1001
ACAD
1000
ACAD_MTEXT_COLUMN_INFO_BEGIN
1070
    75
1070
     2
1070
    79
1070
     0
1070
    76
1070
     1
1070
    78
1070
     0
1070
    48
1040
34.80831971380099
1070
    49
1040
11.21149809848768
1070
    50
1070
     1
1040
2.941297522972962
1000
ACAD_MTEXT_COLUMN_INFO_END
  0
LWPOLYLINE
  5
722
330
2
100
AcDbEntity
  8
BEAM
  6
CONTINOUS
 62
     2
 48
12.0
100
AcDbPolyline
 90
        4
 70
     0
 43
0.0
 39
6.0
 10
374377.0900505082
 20
-83698.25927115358
 10
374483.0354480953
 20
-83698.24492937441
 10
374483.0390578989
 20
-83716.21235168871
 10
374491.0390577913
 20
-83716.21235168872
  0
LWPOLYLINE
  5
723
330
2
100
AcDbEntity
  8
BEAM
  6
CONTINOUS
 62
     2
 48
12.0
100
AcDbPolyline
 90
        4
 70
     0
 43
0.0
 39
6.0
 10
374377.0899151387
 20
-83697.25927116275
 10
374484.0352841212
 20
-83697.24479401793
 10
374484.0403693035
 20
-83715.70511226603
 10
374491.0405331479
 20
-83715.70511226605
  0
LWPOLYLINE
  5
724
330
2
100
AcDbEntity
  8
BEAM
  6
CONTINOUS
 62
     2
 48
12.0
100
AcDbPolyline
 90
        2
 70
     0
 43
0.0
 39
6.0
 10
374484.0390576972
 20
-83720.25927122688
 10
374484.0390578854
 20
-83720.26041898408
  0
LINE
  5
725
330
2
100
AcDbEntity
  8
BEAM
  6
CONTINOUS
 62
     2
 48
12.0
100
AcDbLine
 39
6.0
 10
374483.0390578989
 20
-83719.26058294938
 30
0.0
 11
374483.0388939335
 21
-83719.26058294938
 31
0.0
  0
MTEXT
  5
726
330
2
100
AcDbEntity
  8
_TEXT
 48
12.0
100
AcDbMText
 10
374444.7008225434
 20
-83691.88308522184
 30
0.0
 40
2.908634597735789
 41
45.15216526784552
 71
     1
 72
     5
  1
\A1;PELMET
  7
6_IN
1001
ACAD
1000
ACAD_MTEXT_COLUMN_INFO_BEGIN
1070
    75
1070
     2
1070
    79
1070
     0
1070
    76
1070
     1
1070
    78
1070
     0
1070
    48
1040
45.15216526784552
1070
    49
1040
14.54317298867895
1070
    50
1070
     1
1040
3.815350840004041
1000
ACAD_MTEXT_COLUMN_INFO_END
  0
INSERT
  5
727
330
2
100
AcDbEntity
  8
_DIMENSION
100
AcDbBlockReference
  2
TRTHTRH
 10
342081.4989890427
 20
-84674.01978412244
 30
0.0
 41
0.7708890572495575
 42
0.7708890572495575
 43
0.7708890572495575
  0
INSERT
  5
728
330
2
100
AcDbEntity
  8
_DIMENSION
100
AcDbBlockReference
  2
TRTHTRH
 10
373507.2386211043
 20
-51314.47023604141
 30
0.0
 41
0.7708890572495575
 42
0.7708890572495575
 43
0.7708890572495575
 50
270.0
  0
INSERT
  5
729
330
2
100
AcDbEntity
  8
CEIL-CENTRE_LINE
 48
25.0
100
AcDbBlockReference
  2
CF
 10
374434.1901985483
 20
-83755.59919043122
 30
0.0
  0
INSERT
  5
72A
330
2
100
AcDbEntity
  8
_HIDDEN
  6
BYBLOCK
100
AcDbBlockReference
  2
CONCEALED_LIGHTS
 10
372776.0731511054
 20
-55077.11131710092
 30
0.0
 41
1.06788682975941
 42
1.06788682975941
 43
1.06788682975941
  0
INSERT
  5
72B
330
2
100
AcDbEntity
  8
_HIDDEN
  6
BYBLOCK
100
AcDbBlockReference
  2
CONCEALED_LIGHTS
 10
376091.9795987921
 20
-55077.11131710092
 30
0.0
 41
-1.06788682975941
 42
1.06788682975941
 43
1.06788682975941
  0
INSERT
  5
72C
330
2
100
AcDbEntity
  8
_HIDDEN
  6
BYBLOCK
100
AcDbBlockReference
  2
CONCEALED_LIGHTS
 10
372776.0731511054
 20
-112430.3996988213
 30
0.0
 41
-1.06788682975941
 42
1.06788682975941
 43
1.06788682975941
 50
180.0
  0
INSERT
  5
72D
330
2
100
AcDbEntity
  8
_HIDDEN
  6
BYBLOCK
100
AcDbBlockReference
  2
CONCEALED_LIGHTS
 10
376091.9795987921
 20
-112430.3996988213
 30
0.0
 41
1.06788682975941
 42
1.06788682975941
 43
1.06788682975941
 50
180.0
  0
INSERT
  5
72E
330
2
100
AcDbEntity
  8
_HIDDEN
  6
BYBLOCK
100
AcDbBlockReference
  2
CONCEALED_LIGHTS
 10
372794.0811008909
 20
-112412.3996988213
 30
0.0
 41
-1.06788682975941
 42
1.06788682975941
 43
1.06788682975941
 50
180.0
  0
INSERT
  5
72F
330
2
100
AcDbEntity
  8
_HIDDEN
  6
BYBLOCK
100
AcDbBlockReference
  2
CONCEALED_LIGHTS
 10
372794.0811008909
 20
-55095.11131710092
 30
0.0
 41
1.06788682975941
 42
1.06788682975941
 43
1.06788682975941
  0
MTEXT
  5
730
330
2
100
AcDbEntity
  8
_TEXT
 48
12.0
100
AcDbMText
 10
374425.889788744
 20
-83805.67679965623
 30
0.0
 40
2.242299619697536
 41
34.80831971380099
 71
     1
 72
     5
  1
\A1; POP BOB  LVL.B(1)
  7
6_IN
1001
ACAD
1000
ACAD_MTEXT_COLUMN_INFO_BEGIN
1070
    75
1070
     2
1070
    79
1070
     0
1070
    76
1070
     1
1070
    78
1070
     0
1070
    48
1040
34.80831971380099
1070
    49
1040
11.21149809848768
1070
    50
1070
     1
1040
2.941297522972962
1000
ACAD_MTEXT_COLUMN_INFO_END
  0
LWPOLYLINE
  5
731
330
2
100
AcDbEntity
  8
_ELEVATION__30
 48
12.0
100
AcDbPolyline
 90
        8
 70
     1
 43
0.0
 10
374515.0423632175
 20
-83906.25927122684
 10
374571.5423894473
 20
-83906.25927122684
 42
-0.414213562373095
 10
374577.5423894473
 20
-83912.25927122684
 10
374577.5423894472
 20
-84078.7592746803
 42
-0.414213562373095
 10
374571.5423894472
 20
-84084.7592746803
 10
374515.0423632174
 20
-84084.7592746803
 42
-0.414213562373095
 10
374509.0423632174
 20
-84078.7592746803
 10
374509.0423632175
 20
-83912.25927122684
 42
-0.414213562373095
  0
INSERT
  5
733
330
2
100
AcDbEntity
  8
_HIDDEN
  6
BYBLOCK
100
AcDbBlockReference
  2
CONCEALED_LIGHTS
 10
372815.0890266035
 20
-112700.1496635262
 30
0.0
 41
-1.06788682975941
 42
1.06788682975941
 43
1.06788682975941
 50
180.0
  0
INSERT
  5
734
330
2
100
AcDbEntity
  8
_HIDDEN
  6
BYBLOCK
100
AcDbBlockReference
  2
CONCEALED_LIGHTS
 10
376225.7457129466
 20
-112726.8842765963
 30
0.0
 41
1.06788682975941
 42
1.06788682975941
 43
1.06788682975941
 50
180.0
  0
INSERT
  5
735
330
2
100
AcDbEntity
  8
_HIDDEN
  6
BYBLOCK
100
AcDbBlockReference
  2
CONCEALED_LIGHTS
 10
376230.7457129466
 20
-112726.8842765963
 30
0.0
 41
1.06788682975941
 42
1.06788682975941
 43
1.06788682975941
 50
180.0
  0
MTEXT
  5
736
330
2
100
AcDbEntity
  8
_TEXT
 48
12.0
100
AcDbMText
 10
374473.8834630527
 20
-84090.89284587331
 30
0.0
 40
2.242299619697536
 41
49.8339120621065
 71
     1
 72
     5
  1
\A1; POP BOB LVL. B(8)
  7
6_IN
1001
ACAD
1000
ACAD_MTEXT_COLUMN_INFO_BEGIN
1070
    75
1070
     2
1070
    79
1070
     0
1070
    76
1070
     1
1070
    78
1070
     0
1070
    48
1040
49.8339120621065
1070
    49
1040
11.21149809848768
1070
    50
1070
     1
1040
2.941297522972962
1000
ACAD_MTEXT_COLUMN_INFO_END
  0
INSERT
  5
737
330
2
100
AcDbEntity
  8
PL-RWP
 62
   252
100
AcDbBlockReference
  2
R_W_P
 10
-374603.9589638759
 20
-84229.49437888312
 30
-0.0000000000000033
 41
-1.0
 43
-1.0
 50
358.7661657752257
210
0.0
220
0.0
230
-1.0
1001
AEC_XDATA_BOUND_SPACE
1000

  0
LWPOLYLINE
  5
73A
330
2
100
AcDbEntity
  8
WALL
 48
12.0
100
AcDbPolyline
 90
        3
 70
     0
 43
0.0
 39
6.0
 10
374599.0395400274
 20
-84234.75809215497
 10
374599.0395400274
 20
-84225.75809215497
 10
374603.5390577911
 20
-84225.75809215497
  0
INSERT
  5
73B
330
2
100
AcDbEntity
  8
_ELEVATION__30
100
AcDbBlockReference
  2
F_VC_X
 10
512957.950520909
 20
39766.57191458435
 30
0.0
 50
270.0
  0
INSERT
  5
741
330
2
100
AcDbEntity
  8
_ELEVATION__30
100
AcDbBlockReference
  2
F_VC_X
 10
512976.1163811243
 20
39803.03627982936
 30
0.0
 50
270.0
  0
LWPOLYLINE
  5
742
330
2
100
AcDbEntity
  8
BEAM
 62
    12
 48
12.0
100
AcDbPolyline
 90
        4
 70
     0
 43
0.0
 39
6.0
 10
374569.6958265183
 20
-84236.01054326474
 10
374569.6958265183
 20
-84258.60621395636
 10
374575.6958265183
 20
-84258.60621395636
 10
374575.6958265183
 20
-84235.85018509282
  0
LWPOLYLINE
  5
743
330
2
100
AcDbEntity
  8
BEAM
 62
    12
 48
12.0
100
AcDbPolyline
 90
        4
 70
     0
 43
0.0
 39
6.0
 10
374587.5691709364
 20
-84199.37391472883
 10
374587.5691709364
 20
-84257.60215794083
 10
374593.5691709364
 20
-84257.60215794083
 10
374593.5691709364
 20
-84199.38430868922
  0
INSERT
  5
744
330
2
100
AcDbEntity
  8
CEIL-CENTRE_LINE
 48
25.0
100
AcDbBlockReference
  2
CF
 10
374557.7146350271
 20
-84176.5121837115
 30
0.0
 41
0.5035773940340078
 42
0.5035773940340078
 43
0.5035773940340078
  0
LEADER
  5
745
330
2
100
AcDbEntity
  8
_DIMENSION
 62
     2
 48
12.0
100
AcDbLeader
  3
SCALE_75
 76
     2
 10
374592.9310306482
 20
-84213.60007022716
 30
0.0
 10
374620.9177710618
 20
-84213.60007022716
 30
0.0
1001
ACAD
1000
DSTYLE
1002
{
1070
     5
1000
OPEN90
1070
   147
1040
0.5
1070
    77
1070
     0
1070
    90
1070
     1
1002
}
  0
MTEXT
  5
746
330
2
100
AcDbEntity
  8
_TEXT
 48
12.0
100
AcDbMText
 10
374610.2664312979
 20
-84210.8620149575
 30
0.0
 40
2.242299619697536
 41
34.80831971380099
 71
     1
 72
     5
  1
\A1;CHIMNEY\P PIPE
  7
6_IN
1001
ACAD
1000
ACAD_MTEXT_COLUMN_INFO_BEGIN
1070
    75
1070
     2
1070
    79
1070
     0
1070
    76
1070
     1
1070
    78
1070
     0
1070
    48
1040
34.80831971380099
1070
    49
1040
11.21149809848768
1070
    50
1070
     1
1040
12.70696952781283
1000
ACAD_MTEXT_COLUMN_INFO_END
  0
LEADER
  5
747
330
2
100
AcDbEntity
  8
_DIMENSION
 62
     2
 48
12.0
100
AcDbLeader
  3
SCALE_75
 76
     2
 10
374574.3887889614
 20
-84245.66777717975
 30
0.0
 10
374620.9177710618
 20
-84245.66777717975
 30
0.0
1001
ACAD
1000
DSTYLE
1002
{
1070
     5
1000
OPEN90
1070
   147
1040
0.5
1070
    77
1070
     0
1070
    90
1070
     1
1002
}
  0
MTEXT
  5
748
330
2
100
AcDbEntity
  8
_TEXT
 48
12.0
100
AcDbMText
 10
374610.2664312979
 20
-84242.9297219101
 30
0.0
 40
2.242299619697536
 41
34.80831971380099
 71
     1
 72
     5
  1
\A1;EXHAUST\P PIPE
  7
6_IN
1001
ACAD
1000
ACAD_MTEXT_COLUMN_INFO_BEGIN
1070
    75
1070
     2
1070
    79
1070
     0
1070
    76
1070
     1
1070
    78
1070
     0
1070
    48
1040
34.80831971380099
1070
    49
1040
11.21149809848768
1070
    50
1070
     1
1040
12.70696952781283
1000
ACAD_MTEXT_COLUMN_INFO_END
  0
INSERT
  5
749
330
2
100
AcDbEntity
  8
_HIDDEN
  6
BYBLOCK
100
AcDbBlockReference
  2
CONCEALED_LIGHTS
 10
376223.402355793
 20
-55507.62470735026
 30
0.0
 41
-1.06788682975941
 42
1.06788682975941
 43
1.06788682975941
  0
INSERT
  5
74A
330
2
100
AcDbEntity
  8
_HIDDEN
  6
BYBLOCK
100
AcDbBlockReference
  2
CONCEALED_LIGHTS
 10
376223.402355793
 20
-112845.3996600728
 30
0.0
 41
1.06788682975941
 42
1.06788682975941
 43
1.06788682975941
 50
180.0
  0
INSERT
  5
74B
330
2
100
AcDbEntity
  8
_HIDDEN
  6
BYBLOCK
100
AcDbBlockReference
  2
CONCEALED_LIGHTS
 10
372892.026914261
 20
-55507.62470735026
 30
0.0
 41
1.06788682975941
 42
1.06788682975941
 43
1.06788682975941
  0
INSERT
  5
74C
330
2
100
AcDbEntity
  8
_HIDDEN
  6
BYBLOCK
100
AcDbBlockReference
  2
CONCEALED_LIGHTS
 10
372892.026914261
 20
-112845.3996600728
 30
0.0
 41
-1.06788682975941
 42
1.06788682975941
 43
1.06788682975941
 50
180.0
  0
INSERT
  5
74D
330
2
100
AcDbEntity
  8
_HIDDEN
  6
BYBLOCK
100
AcDbBlockReference
  2
CONCEALED_LIGHTS
 10
376240.1679716413
 20
-55492.62470734502
 30
0.0
 41
-1.06788682975941
 42
1.06788682975941
 43
1.06788682975941
  0
INSERT
  5
74E
330
2
100
AcDbEntity
  8
_HIDDEN
  6
BYBLOCK
100
AcDbBlockReference
  2
CONCEALED_LIGHTS
 10
376245.1679716413
 20
-55492.62470734502
 30
0.0
 41
-1.06788682975941
 42
1.06788682975941
 43
1.06788682975941
  0
INSERT
  5
74F
330
2
100
AcDbEntity
  8
_HIDDEN
  6
BYBLOCK
100
AcDbBlockReference
  2
CONCEALED_LIGHTS
 10
376240.1679716413
 20
-112860.3996600832
 30
0.0
 41
1.06788682975941
 42
1.06788682975941
 43
1.06788682975941
 50
180.0
  0
INSERT
  5
750
330
2
100
AcDbEntity
  8
_HIDDEN
  6
BYBLOCK
100
AcDbBlockReference
  2
CONCEALED_LIGHTS
 10
376245.1679716413
 20
-112860.3996600832
 30
0.0
 41
1.06788682975941
 42
1.06788682975941
 43
1.06788682975941
 50
180.0
  0
HATCH
  5
751
330
2
100
AcDbEntity
  8
_DIMENSION
 62
   251
 48
20.0
100
AcDbHatch
 10
0.0
 20
0.0
 30
0.0
210
0.0
220
0.0
230
1.0
  2
ANSI31
 70
     0
 71
     0
 91
        1
 92
        1
 93
        4
 72
     1
 10
374603.5395400274
 20
-84107.25927122682
 11
374531.4495055525
 21
-84107.25927122682
 72
     1
 10
374531.4495055525
 20
-84107.25927122682
 11
374531.4495055525
 21
-84251.25927122688
 72
     1
 10
374531.4495055525
 20
-84251.25927122688
 11
374603.5395400274
 21
-84251.25927122688
 72
     1
 10
374603.5395400274
 20
-84251.25927122688
 11
374603.5395400274
 21
-84107.25927122682
 97
        0
 75
     1
 76
     1
 52
0.0
 41
31.0
 77
     0
 78
     1
 53
45.0
 43
0.0
 44
-1374.215838302858
 45
-2.740038777097872
 46
2.740038777097872
 79
     0
 98
        1
 10
374583.2158531662
 20
-84210.11593189214
1001
GRADIENTCOLOR1ACI
1070
     5
1001
GRADIENTCOLOR2ACI
1070
     2
1001
ACAD
1010
0.0
1020
0.0
1030
0.0
  0
MTEXT
  5
752
330
2
100
AcDbEntity
  8
_TEXT
 48
12.0
100
AcDbMText
 10
374543.8935362752
 20
-84192.34475588141
 30
0.0
 40
2.242299619697536
 41
34.80831971380099
 71
     1
 72
     5
  1
\A1; POP BOEX PIPE  LVL. 
  7
6_IN
1001
ACAD
1000
ACAD_MTEXT_COLUMN_INFO_BEGIN
1070
    75
1070
     2
1070
    79
1070
     0
1070
    76
1070
     1
1070
    78
1070
     0
1070
    48
1040
34.80831971380099
1070
    49
1040
11.21149809848768
1070
    50
1070
     1
1040
2.941297522972962
1000
ACAD_MTEXT_COLUMN_INFO_END
  0
LINE
  5
753
330
2
100
AcDbEntity
  8
BEAM
  6
CONTINOUS
 62
     2
 48
12.0
100
AcDbLine
 39
6.0
 10
374526.9494319994
 20
-84220.75927122725
 30
0.0
 11
374377.0388306363
 21
-84220.76064952258
 31
0.0
  0
LINE
  5
754
330
2
100
AcDbEntity
  8
BEAM
  6
CONTINOUS
 62
     2
 48
12.0
100
AcDbLine
 39
6.0
 10
374526.9494411935
 20
-84221.7592712272
 30
0.0
 11
374377.0388398304
 21
-84221.76064952253
 31
0.0
  0
MTEXT
  5
755
330
2
100
AcDbEntity
  8
_TEXT
 48
12.0
100
AcDbMText
 10
374427.8523749872
 20
-84223.76098252485
 30
0.0
 40
2.908634597735789
 41
45.15216526784552
 71
     1
 72
     5
  1
\A1;PELMET
  7
6_IN
1001
ACAD
1000
ACAD_MTEXT_COLUMN_INFO_BEGIN
1070
    75
1070
     2
1070
    79
1070
     0
1070
    76
1070
     1
1070
    78
1070
     0
1070
    48
1040
45.15216526784552
1070
    49
1040
14.54317298867895
1070
    50
1070
     1
1040
3.815350840004041
1000
ACAD_MTEXT_COLUMN_INFO_END
  0
INSERT
  5
756
330
2
100
AcDbEntity
  8
_DIMENSION
100
AcDbBlockReference
  2
TRTHTRH
 10
342122.1617318976
 20
-85204.60136694877
 30
0.0
 41
0.7708890572495575
 42
0.7708890572495575
 43
0.7708890572495575
  0
LWPOLYLINE
  5
757
102
{ACAD_REACTORS
330
772
330
7E6
102
}
330
2
100
AcDbEntity
  8
_DIMENSION
 62
     5
 48
20.0
100
AcDbPolyline
 90
        4
 70
     1
 43
0.0
 10
374396.0390577912
 20
-84132.25927122688
 10
374489.7705073653
 20
-84132.25927122688
 10
374489.7705073653
 20
-84201.75927122725
 10
374396.0390577912
 20
-84201.75927122725
  0
INSERT
  5
758
330
2
100
AcDbEntity
  8
CEIL-CENTRE_LINE
 48
25.0
100
AcDbBlockReference
  2
CF
 10
374440.9220929649
 20
-84167.0215812038
 30
0.0
  0
INSERT
  5
759
330
2
100
AcDbEntity
  8
_HIDDEN
  6
BYBLOCK
100
AcDbBlockReference
  2
CONCEALED_LIGHTS
 10
376182.4741808765
 20
-55514.11888238101
 30
0.0
 41
-1.06788682975941
 42
1.06788682975941
 43
1.06788682975941
  0
INSERT
  5
75A
330
2
100
AcDbEntity
  8
_HIDDEN
  6
BYBLOCK
100
AcDbBlockReference
  2
CONCEALED_LIGHTS
 10
376182.4741808765
 20
-112819.8996600731
 30
0.0
 41
1.06788682975941
 42
1.06788682975941
 43
1.06788682975941
 50
180.0
  0
INSERT
  5
75B
330
2
100
AcDbEntity
  8
TEXT
100
AcDbBlockReference
  2
GH
 10
230292.7154652112
 20
-196779.407009282
 30
0.0
 50
90.00000000000001
  0
INSERT
  5
764
330
2
100
AcDbEntity
  8
TEXT
100
AcDbBlockReference
  2
GH
 10
230292.7154652112
 20
-196815.407009282
 30
0.0
 50
90.00000000000001
  0
INSERT
  5
765
330
2
100
AcDbEntity
  8
TEXT
100
AcDbBlockReference
  2
RGTRGH
 10
215639.8148339081
 20
51969.23784301341
 30
0.0
  0
HATCH
  5
76D
330
2
100
AcDbEntity
  8
_DIMENSION
 62
   251
 48
20.0
100
AcDbHatch
 10
0.0
 20
0.0
 30
0.0
210
0.0
220
0.0
230
1.0
  2
ANSI31
 70
     0
 71
     0
 91
        4
 92
       16
 93
        4
 72
     1
 10
374396.0390577912
 20
-84201.75927122725
 11
374396.0390577912
 21
-84132.25927122688
 72
     1
 10
374396.0390577912
 20
-84132.25927122688
 11
374489.7705073653
 21
-84132.25927122688
 72
     1
 10
374489.7705073653
 20
-84132.25927122688
 11
374489.7705073653
 21
-84201.75927122725
 72
     1
 10
374489.7705073653
 20
-84201.75927122725
 11
374396.0390577912
 21
-84201.75927122725
 97
        0
 92
       16
 93
        2
 72
     1
 10
374392.0390577912
 20
-84209.69493253772
 11
374512.056255622
 21
-84209.69493253772
 72
     1
 10
374512.056255622
 20
-84209.69493253772
 11
374392.0390577912
 21
-84209.69493253772
 97
        0
 92
       16
 93
        4
 72
     1
 10
374392.0390577912
 20
-84124.32360991639
 11
374392.0390577912
 21
-84122.9852697525
 72
     1
 10
374392.0390577912
 20
-84122.9852697525
 11
374512.0562556219
 21
-84122.98526975253
 72
     1
 10
374512.0562556219
 20
-84122.98526975253
 11
374512.056255622
 21
-84124.32360991639
 72
     1
 10
374512.056255622
 20
-84124.32360991639
 11
374392.0390577912
 21
-84124.32360991639
 97
        0
 92
        1
 93
        4
 72
     1
 10
374526.9494319994
 20
-84113.25927122688
 11
374377.0390577912
 21
-84113.25927122688
 72
     1
 10
374377.0390577912
 20
-84113.25927122688
 11
374377.0390577912
 21
-84220.75927122725
 72
     1
 10
374377.0390577912
 20
-84220.75927122725
 11
374526.9494319994
 21
-84220.75927122725
 72
     1
 10
374526.9494319994
 20
-84220.75927122725
 11
374526.9494319994
 21
-84113.25927122688
 97
        0
 75
     1
 76
     1
 52
0.0
 41
31.0
 77
     0
 78
     1
 53
45.0
 43
0.0
 44
-1374.215838302858
 45
-2.740038777097872
 46
2.740038777097872
 79
     0
 98
        2
 10
374506.0710619887
 20
-84210.63155462849
 10
374506.0710619887
 20
-84210.63155462849
1001
GRADIENTCOLOR1ACI
1070
     5
1001
GRADIENTCOLOR2ACI
1070
     2
1001
ACAD
1010
0.0
1020
0.0
1030
0.0
  0
MTEXT
  5
76E
330
2
100
AcDbEntity
  8
_TEXT
 48
12.0
100
AcDbMText
 10
374417.0088411591
 20
-84216.07954898501
 30
0.0
 40
2.242299619697536
 41
34.80831971380099
 71
     1
 72
     5
  1
\A1;POP BOB  LVL. B(12)
  7
6_IN
1001
ACAD
1000
ACAD_MTEXT_COLUMN_INFO_BEGIN
1070
    75
1070
     2
1070
    79
1070
     0
1070
    76
1070
     1
1070
    78
1070
     0
1070
    48
1040
34.80831971380099
1070
    49
1040
11.21149809848768
1070
    50
1070
     1
1040
2.941297522972962
1000
ACAD_MTEXT_COLUMN_INFO_END
  0
MTEXT
  5
76F
330
2
100
AcDbEntity
  8
_TEXT
 48
12.0
100
AcDbMText
 10
374418.6710485331
 20
-84137.41951247047
 30
0.0
 40
2.242299619697536
 41
34.80831971380099
 71
     1
 72
     5
  1
\A1;+3" POP BOS  LVL. 
  7
6_IN
1001
ACAD
1000
ACAD_MTEXT_COLUMN_INFO_BEGIN
1070
    75
1070
     2
1070
    79
1070
     0
1070
    76
1070
     1
1070
    78
1070
     0
1070
    48
1040
34.80831971380099
1070
    49
1040
11.21149809848768
1070
    50
1070
     1
1040
2.941297522972962
1000
ACAD_MTEXT_COLUMN_INFO_END
  0
DIMENSION
  5
770
102
{ACAD_REACTORS
330
772
102
}
102
{ACAD_XDICTIONARY
360
771
102
}
330
2
100
AcDbEntity
  8
_DIMENSION
  6
CONTINOUS
 62
     2
 48
12.0
100
AcDbDimension
  2
*D44
 10
374468.6826955279
 20
-84201.81480676083
 30
0.0
 11
374468.6826955279
 21
-84167.03703899396
 31
0.0
  3
SCALE_75
100
AcDbAlignedDimension
 13
374468.6826955248
 23
-84132.25927122688
 33
0.0
 14
374485.0547145506
 24
-84201.8148067608
 34
0.0
 50
90.0
100
AcDbRotatedDimension
1001
ACAD
1000
DSTYLE
1002
{
1070
   287
1070
     4
1070
    41
1040
1.0
1070
    49
1040
2.0
1070
    90
1070
     1
1070
   279
1070
     1
1070
   340
1005
77C
1002
}
  0
DIMENSION
  5
782
330
2
100
AcDbEntity
  8
_DIMENSION
  6
CONTINOUS
 62
     2
 48
12.0
100
AcDbDimension
  2
*D39
 10
374468.4810982191
 20
-84228.75927122691
 30
0.0
 11
374468.4810982191
 21
-84224.7594638158
 31
0.0
  3
SCALE_75
100
AcDbAlignedDimension
 13
374468.4819983576
 23
-84220.75965640445
 33
0.0
 14
374468.4810982146
 24
-84228.75927122688
 34
0.0
 50
90.0
100
AcDbRotatedDimension
1001
ACAD
1000
DSTYLE
1002
{
1070
   287
1070
     4
1070
    41
1040
1.0
1070
    49
1040
2.0
1070
    90
1070
     1
1070
   279
1070
     1
1070
   340
1005
77C
1002
}
  0
DIMENSION
  5
790
330
2
100
AcDbEntity
  8
_DIMENSION
  6
CONTINOUS
 62
     2
 48
12.0
100
AcDbDimension
  2
*D40
 10
374396.0390577912
 20
-84156.61093545509
 30
0.0
 11
374386.5390577911
 21
-84156.61093545509
 31
0.0
  3
SCALE_75
100
AcDbAlignedDimension
 13
374377.0390577911
 23
-84155.83442569019
 33
0.0
 14
374396.0390577912
 24
-84155.83442569019
 34
0.0
100
AcDbRotatedDimension
1001
ACAD
1000
DSTYLE
1002
{
1070
   287
1070
     4
1070
    41
1040
1.0
1070
    49
1040
2.0
1070
    90
1070
     1
1070
   279
1070
     1
1070
   340
1005
77C
1002
}
  0
DIMENSION
  5
79E
330
2
100
AcDbEntity
  8
_DIMENSION
  6
CONTINOUS
 62
     2
 48
12.0
100
AcDbDimension
  2
*D41
 10
374489.7705073653
 20
-84156.61093545509
 30
0.0
 11
374446.6409691712
 21
-84156.61093545509
 31
0.0
 70
   128
  3
SCALE_75
100
AcDbAlignedDimension
 13
374396.0390577912
 23
-84156.61093545509
 33
0.0
 14
374489.7705073653
 24
-84156.61093545509
 34
0.0
100
AcDbRotatedDimension
1001
ACAD
1000
DSTYLE
1002
{
1070
   287
1070
     4
1070
    41
1040
1.0
1070
    49
1040
2.0
1070
    90
1070
     1
1070
   279
1070
     1
1070
   340
1005
77C
1002
}
  0
DIMENSION
  5
7AC
330
2
100
AcDbEntity
  8
_DIMENSION
  6
CONTINOUS
 62
     2
 48
12.0
100
AcDbDimension
  2
*D42
 10
374526.9780569277
 20
-84156.61093545509
 30
0.0
 11
374508.3742821466
 21
-84156.61093545509
 31
0.0
  3
SCALE_75
100
AcDbAlignedDimension
 13
374489.7705073653
 23
-84156.61093545509
 33
0.0
 14
374526.9780569277
 24
-84156.53321964206
 34
0.0
100
AcDbRotatedDimension
1001
ACAD
1000
DSTYLE
1002
{
1070
   287
1070
     4
1070
    41
1040
1.0
1070
    49
1040
2.0
1070
    90
1070
     1
1070
   279
1070
     1
1070
   340
1005
77C
1002
}
  0
MTEXT
  5
7BA
102
{ACAD_XDICTIONARY
360
93F
102
}
330
2
100
AcDbEntity
  8
_TEXT
 48
12.0
100
AcDbMText
 10
374338.1824617487
 20
-84141.19413209692
 30
0.0
 40
2.242299619697536
 41
34.80831971380099
 71
     1
 72
     5
  1
{\FArial;\W6.21413; }{\A1;POP}\P{\FArial;\W4.78556; }{\A1;FLUTING}\P{\FArial;\W4.28556; }{\A1;ON EDGE}
  7
6_IN
1001
ACAD
1000
ACAD_MTEXT_COLUMN_INFO_BEGIN
1070
    75
1070
     2
1070
    79
1070
     0
1070
    76
1070
     1
1070
    78
1070
     0
1070
    48
1040
34.80831971380099
1070
    49
1040
11.21149809848768
1070
    50
1070
     1
1040
12.22040718275231
1000
ACAD_MTEXT_COLUMN_INFO_END
  0
INSERT
  5
7BC
330
2
100
AcDbEntity
  8
_ELEVATION__30
100
AcDbBlockReference
  2
F_VC_X
 10
250438.4982586376
 20
54113.3198725527
 30
0.0
  0
LWPOLYLINE
  5
7BD
330
2
100
AcDbEntity
  8
BEAM
 62
    12
 48
12.0
100
AcDbPolyline
 90
        4
 70
     0
 43
0.0
 38
0.0000371615888262
 39
6.0
 10
374438.5557831974
 20
-84275.29381193354
 10
374472.8721080585
 20
-84275.29381193354
 10
374472.8721080585
 20
-84269.29381193354
 10
374438.8332272606
 20
-84269.29381193354
  0
INSERT
  5
7BE
330
2
100
AcDbEntity
  8
CEIL-CENTRE_LINE
 48
25.0
100
AcDbBlockReference
  2
CF
 10
374416.8080691178
 20
-84258.14892953343
 30
0.0
 41
0.5035773940340078
 42
0.5035773940340078
 43
0.5035773940340078
  0
INSERT
  5
7BF
330
2
100
AcDbEntity
  8
_HIDDEN
  6
BYBLOCK
100
AcDbBlockReference
  2
CONCEALED_LIGHTS
 10
376076.3944705882
 20
-112888.8595379525
 30
0.0
 41
1.06788682975941
 42
1.06788682975941
 43
1.06788682975941
 50
180.0
  0
INSERT
  5
7C0
330
2
100
AcDbEntity
  8
_HIDDEN
  6
BYBLOCK
100
AcDbBlockReference
  2
CONCEALED_LIGHTS
 10
376076.3944705882
 20
-112893.8595379525
 30
0.0
 41
1.06788682975941
 42
1.06788682975941
 43
1.06788682975941
 50
180.0
  0
HATCH
  5
7C1
330
2
100
AcDbEntity
  8
_DIMENSION
 62
   251
 48
20.0
100
AcDbHatch
 10
0.0
 20
0.0
 30
0.0
210
0.0
220
0.0
230
1.0
  2
ANSI31
 70
     0
 71
     0
 91
        1
 92
        1
 93
        4
 72
     1
 10
374460.9654079132
 20
-84233.2592724111
 11
374377.0402431411
 21
-84233.2592724111
 72
     1
 10
374377.0402431411
 20
-84233.2592724111
 11
374377.0402431411
 21
-84282.7592713078
 72
     1
 10
374377.0402431411
 20
-84282.7592713078
 11
374460.9654079132
 21
-84282.7592713078
 72
     1
 10
374460.9654079132
 20
-84282.7592713078
 11
374460.9654079132
 21
-84233.2592724111
 97
        0
 75
     1
 76
     1
 52
0.0
 41
31.0
 77
     0
 78
     1
 53
45.0
 43
0.0
 44
-1374.215838302858
 45
-2.740038777097872
 46
2.740038777097872
 79
     0
 98
        1
 10
374428.1530262368
 20
-84250.43857817269
1001
GRADIENTCOLOR1ACI
1070
     5
1001
GRADIENTCOLOR2ACI
1070
     2
1001
ACAD
1010
0.0
1020
0.0
1030
0.0
  0
MTEXT
  5
7C2
330
2
100
AcDbEntity
  8
_TEXT
 48
12.0
100
AcDbMText
 10
374421.6189171447
 20
-84242.75458460863
 30
0.0
 40
2.242299619697536
 41
34.80831971380099
 71
     1
 72
     5
  1
\A1; POP BOEX PIPE  LVL. 
  7
6_IN
1001
ACAD
1000
ACAD_MTEXT_COLUMN_INFO_BEGIN
1070
    75
1070
     2
1070
    79
1070
     0
1070
    76
1070
     1
1070
    78
1070
     0
1070
    48
1040
34.80831971380099
1070
    49
1040
11.21149809848768
1070
    50
1070
     1
1040
2.941297522972962
1000
ACAD_MTEXT_COLUMN_INFO_END
  0
INSERT
  5
7C3
330
2
100
AcDbEntity
  8
_DIMENSION
100
AcDbBlockReference
  2
TRTHTRH
 10
341984.9351452254
 20
-84674.01978412244
 30
0.0
 41
0.7708890572495575
 42
0.7708890572495575
 43
0.7708890572495575
  0
MTEXT
  5
7C4
330
2
100
AcDbEntity
  8
_TEXT
 48
12.0
100
AcDbMText
 10
374409.078676131
 20
-84128.85587064672
 30
0.0
 40
2.242299619697536
 41
34.80831971380099
 71
     1
 72
     5
  1
\A1; POP BOB  LVL. B(12)
  7
6_IN
1001
ACAD
1000
ACAD_MTEXT_COLUMN_INFO_BEGIN
1070
    75
1070
     2
1070
    79
1070
     0
1070
    76
1070
     1
1070
    78
1070
     0
1070
    48
1040
34.80831971380099
1070
    49
1040
11.21149809848768
1070
    50
1070
     1
1040
2.941297522972962
1000
ACAD_MTEXT_COLUMN_INFO_END
  0
LEADER
  5
7C5
330
2
100
AcDbEntity
  8
_DIMENSION
 48
12.0
100
AcDbLeader
  3
SCALE_75
 76
     3
 10
374404.4417348744
 20
-84132.25927122688
 30
0.0
 10
374404.4417348744
 20
-84144.24718449923
 30
0.0
 10
374348.2669248218
 20
-84144.24718449923
 30
0.0
1001
ACAD
1000
DSTYLE
1002
{
1070
     5
1000
OPEN90
1070
   147
1040
0.5
1070
    77
1070
     0
1070
    90
1070
     1
1070
   279
1070
     1
1070
   345
1005
7C6
1070
   346
1005
7C6
1002
}
  0
INSERT
  5
7C7
330
2
100
AcDbEntity
  8
CEIL-CENTRE_LINE
 48
25.0
100
AcDbBlockReference
  2
CF
 10
374410.0397886619
 20
-83871.7493812833
 30
0.0
 41
0.5035773940340078
 42
0.5035773940340078
 43
0.5035773940340078
  0
INSERT
  5
7C8
330
2
100
AcDbEntity
  8
_HIDDEN
  6
BYBLOCK
100
AcDbBlockReference
  2
CONCEALED_LIGHTS
 10
376073.2399522326
 20
-112502.3897701998
 30
0.0
 41
1.06788682975941
 42
1.06788682975941
 43
1.06788682975941
 50
180.0
  0
INSERT
  5
7C9
330
2
100
AcDbEntity
  8
_HIDDEN
  6
BYBLOCK
100
AcDbBlockReference
  2
CONCEALED_LIGHTS
 10
376073.2399522326
 20
-112507.3897701998
 30
0.0
 41
1.06788682975941
 42
1.06788682975941
 43
1.06788682975941
 50
180.0
  0
INSERT
  5
7CA
330
2
100
AcDbEntity
  8
_HIDDEN
  6
BYBLOCK
100
AcDbBlockReference
  2
CONCEALED_LIGHTS
 10
372746.8396250911
 20
-112502.3897701998
 30
0.0
 41
-1.06788682975941
 42
1.06788682975941
 43
1.06788682975941
 50
180.0
  0
INSERT
  5
7CB
330
2
100
AcDbEntity
  8
_HIDDEN
  6
BYBLOCK
100
AcDbBlockReference
  2
CONCEALED_LIGHTS
 10
372746.8396250911
 20
-112507.3897701998
 30
0.0
 41
-1.06788682975941
 42
1.06788682975941
 43
1.06788682975941
 50
180.0
  0
HATCH
  5
7CC
330
2
100
AcDbEntity
  8
_DIMENSION
 62
   251
 48
20.0
100
AcDbHatch
 10
0.0
 20
0.0
 30
0.0
210
0.0
220
0.0
230
1.0
  2
ANSI31
 70
     0
 71
     0
 91
        1
 92
        7
 72
     0
 73
     1
 93
        4
 10
374447.539537011
 20
-83841.80809202713
 10
374372.5390574491
 20
-83841.80809202713
 10
374372.5390574491
 20
-83901.85691282738
 10
374447.539537011
 20
-83901.85691282738
 97
        0
 75
     1
 76
     1
 52
0.0
 41
31.0
 77
     0
 78
     1
 53
45.0
 43
0.0
 44
-1374.215838302858
 45
-2.740038777097872
 46
2.740038777097872
 79
     0
 47
0.4311695363839901
 98
        1
 10
374417.6521651549
 20
-83885.83360475022
1001
GRADIENTCOLOR1ACI
1070
     5
1001
GRADIENTCOLOR2ACI
1070
     2
1001
ACAD
1010
0.0
1020
0.0
1030
0.0
  0
MTEXT
  5
7CD
330
2
100
AcDbEntity
  8
_TEXT
 48
12.0
100
AcDbMText
 10
374390.317356706
 20
-83888.59300333614
 30
0.0
 40
2.242299619697536
 41
34.80831971380099
 71
     1
 72
     5
  1
\A1; POP BOEX PIPE  LVL. 
  7
6_IN
1001
ACAD
1000
ACAD_MTEXT_COLUMN_INFO_BEGIN
1070
    75
1070
     2
1070
    79
1070
     0
1070
    76
1070
     1
1070
    78
1070
     0
1070
    48
1040
34.80831971380099
1070
    49
1040
11.21149809848768
1070
    50
1070
     1
1040
2.941297522972962
1000
ACAD_MTEXT_COLUMN_INFO_END
  0
INSERT
  5
7CE
330
2
100
AcDbEntity
  8
_HIDDEN
  6
BYBLOCK
100
AcDbBlockReference
  2
CONCEALED_LIGHTS
 10
372757.2216676474
 20
-112888.8595379525
 30
0.0
 41
-1.06788682975941
 42
1.06788682975941
 43
1.06788682975941
 50
180.0
  0
INSERT
  5
7CF
330
2
100
AcDbEntity
  8
_HIDDEN
  6
BYBLOCK
100
AcDbBlockReference
  2
CONCEALED_LIGHTS
 10
372757.2216676474
 20
-112893.8595379525
 30
0.0
 41
-1.06788682975941
 42
1.06788682975941
 43
1.06788682975941
 50
180.0
  0
MTEXT
  5
7D0
102
{ACAD_XDICTIONARY
360
941
102
}
330
2
100
AcDbEntity
  8
_TEXT
 48
12.0
100
AcDbMText
 10
374598.1950534573
 20
-83856.42238754888
 30
0.0
 40
2.242299619697536
 41
34.80831971380099
 71
     1
 72
     5
  1
{\FArial;\W5.90460; }{\A1;HALF}\P{\FArial;\W6.40460; }{\A1;SET }
  7
6_IN
1001
ACAD
1000
ACAD_MTEXT_COLUMN_INFO_BEGIN
1070
    75
1070
     2
1070
    79
1070
     0
1070
    76
1070
     1
1070
    78
1070
     0
1070
    48
1040
34.80831971380099
1070
    49
1040
11.21149809848768
1070
    50
1070
     1
1040
12.22040718275231
1000
ACAD_MTEXT_COLUMN_INFO_END
  0
LEADER
  5
7D2
330
2
100
AcDbEntity
  8
_TEXT
 48
12.0
100
AcDbLeader
  3
SCALE_75
 76
     2
 10
374577.5423894472
 20
-84006.39881090284
 30
0.0
 10
374553.4017480704
 20
-84006.39881090284
 30
0.0
1001
ACAD
1000
DSTYLE
1002
{
1070
     5
1000
OPEN90
1070
   147
1040
0.5
1070
    77
1070
     0
1070
    90
1070
     1
1070
   279
1070
     1
1070
   345
1005
7C6
1070
   346
1005
7C6
1002
}
  0
MTEXT
  5
7D3
102
{ACAD_XDICTIONARY
360
943
102
}
330
2
100
AcDbEntity
  8
_TEXT
 48
12.0
100
AcDbMText
 10
374543.8610839613
 20
-84003.24453924056
 30
0.0
 40
2.242299619697536
 41
34.80831971380099
 71
     1
 72
     5
  1
{\FArial;\W4.09508; }{\A1;HALF SET}\P{\FArial;\W4.28556; }{\A1;ON EDGE}
  7
6_IN
1001
ACAD
1000
ACAD_MTEXT_COLUMN_INFO_BEGIN
1070
    75
1070
     2
1070
    79
1070
     0
1070
    76
1070
     1
1070
    78
1070
     0
1070
    48
1040
34.80831971380099
1070
    49
1040
11.21149809848768
1070
    50
1070
     1
1040
12.22040718275231
1000
ACAD_MTEXT_COLUMN_INFO_END
  0
HATCH
  5
7D5
330
2
100
AcDbEntity
  8
_DIMENSION
 62
   251
 48
20.0
100
AcDbHatch
 10
0.0
 20
0.0
 30
0.0
210
0.0
220
0.0
230
1.0
  2
ANSI31
 70
     0
 71
     0
 91
        1
 92
        1
 93
       12
 72
     1
 10
374483.0354480953
 20
-83698.24492937441
 11
374377.0390696519
 21
-83698.24492937441
 72
     1
 10
374377.0390696519
 20
-83698.24492937441
 11
374377.0390696519
 21
-83809.25927122688
 72
     1
 10
374377.0390696519
 20
-83809.25927122688
 11
374407.43479795
 21
-83809.25927122677
 72
     1
 10
374407.43479795
 20
-83809.25927122677
 11
374407.43479795
 21
-83813.25927122688
 72
     1
 10
374407.43479795
 20
-83813.25927122688
 11
374451.5443346184
 21
-83813.25927122688
 72
     1
 10
374451.5443346184
 20
-83813.25927122688
 11
374452.0415435627
 21
-83837.2592716708
 72
     1
 10
374452.0415435627
 20
-83837.2592716708
 11
374468.1366634471
 21
-83837.25927122688
 72
     1
 10
374468.1366634471
 20
-83837.25927122688
 11
374491.0382038716
 21
-83837.25927122688
 72
     1
 10
374491.0382038716
 20
-83837.25927122688
 11
374491.0365683395
 21
-83762.62294370118
 72
     1
 10
374491.0365683395
 20
-83762.62294370118
 11
374491.0390577913
 21
-83716.21235168872
 72
     1
 10
374491.0390577913
 20
-83716.21235168872
 11
374483.0390578989
 21
-83716.21235168871
 72
     1
 10
374483.0390578989
 20
-83716.21235168871
 11
374483.0354480953
 21
-83698.24492937441
 97
        0
 75
     1
 76
     1
 52
0.0
 41
31.0
 77
     0
 78
     1
 53
45.0
 43
7626.950766568305
 44
133.5631129440007
 45
-2.740038777097872
 46
2.740038777097872
 79
     0
 98
        1
 10
374440.5838722825
 20
-83768.85254574171
1001
GRADIENTCOLOR1ACI
1070
     5
1001
GRADIENTCOLOR2ACI
1070
     2
1001
ACAD
1010
0.0
1020
0.0
1030
0.0
  0
DIMENSION
  5
7D6
330
2
100
AcDbEntity
  8
_DIMENSION
  6
CONTINOUS
 62
     2
 48
12.0
100
AcDbDimension
  2
*D43
 10
374468.4810982192
 20
-84201.75927122727
 30
0.0
 11
374468.4810982192
 21
-84211.25946381598
 31
0.0
  3
SCALE_75
100
AcDbAlignedDimension
 13
374468.4819983576
 23
-84220.75965640445
 33
0.0
 14
374467.782770819
 24
-84201.75927122725
 34
0.0
 50
90.0
100
AcDbRotatedDimension
1001
ACAD
1000
DSTYLE
1002
{
1070
   287
1070
     4
1070
    41
1040
1.0
1070
    49
1040
2.0
1070
    90
1070
     1
1070
   279
1070
     1
1070
   340
1005
77C
1002
}
  0
DIMENSION
  5
7E4
102
{ACAD_REACTORS
330
7E6
102
}
102
{ACAD_XDICTIONARY
360
7E5
102
}
330
2
100
AcDbEntity
  8
_DIMENSION
  6
CONTINOUS
 62
     2
 48
12.0
100
AcDbDimension
  2
*D45
 10
374468.6826955281
 20
-84113.25927122685
 30
0.0
 11
374468.6826955281
 21
-84122.75927122698
 31
0.0
  3
SCALE_75
100
AcDbAlignedDimension
 13
374468.6826955248
 23
-84132.25927122688
 33
0.0
 14
374465.6819803969
 24
-84113.25927122682
 34
0.0
 50
90.0
100
AcDbRotatedDimension
1001
ACAD
1000
DSTYLE
1002
{
1070
   287
1070
     4
1070
    41
1040
1.0
1070
    49
1040
2.0
1070
    90
1070
     1
1070
   279
1070
     1
1070
   340
1005
77C
1002
}
  0
INSERT
  5
7F4
330
2
100
AcDbEntity
  8
_HIDDEN
  6
BYBLOCK
100
AcDbBlockReference
  2
CONCEALED_LIGHTS
 10
376095.9923944051
 20
-112843.6140829427
 30
0.0
 41
1.06788682975941
 42
1.06788682975941
 43
1.06788682975941
 50
180.0
  0
INSERT
  5
7F5
330
2
100
AcDbEntity
  8
_HIDDEN
  6
BYBLOCK
100
AcDbBlockReference
  2
CONCEALED_LIGHTS
 10
372789.8171707513
 20
-112843.6140829427
 30
0.0
 41
-1.06788682975941
 42
1.06788682975941
 43
1.06788682975941
 50
180.0
  0
INSERT
  5
7F6
330
2
100
AcDbEntity
  8
_HIDDEN
  6
BYBLOCK
100
AcDbBlockReference
  2
CONCEALED_LIGHTS
 10
376095.9923944051
 20
-55490.4044595114
 30
0.0
 41
-1.06788682975941
 42
1.06788682975941
 43
1.06788682975941
  0
INSERT
  5
7F7
330
2
100
AcDbEntity
  8
_HIDDEN
  6
BYBLOCK
100
AcDbBlockReference
  2
CONCEALED_LIGHTS
 10
372789.8171707513
 20
-55490.4044595114
 30
0.0
 41
1.06788682975941
 42
1.06788682975941
 43
1.06788682975941
  0
MTEXT
  5
7F8
330
2
100
AcDbEntity
  8
_TEXT
 48
12.0
100
AcDbMText
 10
374669.8110563476
 20
-83791.60260103419
 30
0.0
 40
4.168769174142402
 41
166.0873878752053
 71
     1
 72
     5
  1
\A1;ALL BEDROOM - PANEL LIGHTS
  7
6_IN
1001
ACAD
1000
ACAD_MTEXT_COLUMN_INFO_BEGIN
1070
    75
1070
     2
1070
    79
1070
     0
1070
    76
1070
     1
1070
    78
1070
     0
1070
    48
1040
166.0873878752053
1070
    49
1040
16.84153659243011
1070
    50
1070
     1
1040
4.418318535776687
1000
ACAD_MTEXT_COLUMN_INFO_END
  0
INSERT
  5
7F9
330
2
100
AcDbEntity
  8
TEXT
100
AcDbBlockReference
  2
THRTHTY
 10
142.020341429743
 20
-1510.129469000618
 30
0.0
  0
INSERT
  5
849
330
2
100
AcDbEntity
  8
_HIDDEN
  6
BYBLOCK
100
AcDbBlockReference
  2
CONCEALED_LIGHTS
 10
376214.9925100119
 20
-55110.64110643179
 30
0.0
 41
-1.06788682975941
 42
1.06788682975941
 43
1.06788682975941
  0
INSERT
  5
84A
330
2
100
AcDbEntity
  8
_HIDDEN
  6
BYBLOCK
100
AcDbBlockReference
  2
CONCEALED_LIGHTS
 10
372884.0862007471
 20
-55110.64110643179
 30
0.0
 41
1.06788682975941
 42
1.06788682975941
 43
1.06788682975941
  0
LEADER
  5
84B
330
2
100
AcDbEntity
  8
_TEXT
 48
12.0
100
AcDbLeader
  3
SCALE_75
 76
     2
 10
374407.0390577912
 20
-84123.54484835727
 30
0.0
 10
374348.2134648178
 20
-84123.54484835727
 30
0.0
1001
ACAD
1000
DSTYLE
1002
{
1070
     5
1000
OPEN90
1070
   147
1040
0.5
1070
    77
1070
     0
1070
    90
1070
     1
1070
   279
1070
     1
1070
   345
1005
7C6
1070
   346
1005
7C6
1002
}
  0
MTEXT
  5
84C
102
{ACAD_XDICTIONARY
360
945
102
}
330
2
100
AcDbEntity
  8
_TEXT
 48
12.0
100
AcDbMText
 10
374338.1345336474
 20
-84120.40695361534
 30
0.0
 40
2.242299619697536
 41
34.80831971380099
 71
     1
 72
     5
  1
{\FArial;\W4.42841; }{\A1;SURFACE}\P{\FArial;\W5.69032; }{\A1;LIGHT}
  7
6_IN
1001
ACAD
1000
ACAD_MTEXT_COLUMN_INFO_BEGIN
1070
    75
1070
     2
1070
    79
1070
     0
1070
    76
1070
     1
1070
    78
1070
     0
1070
    48
1040
34.80831971380099
1070
    49
1040
11.21149809848768
1070
    50
1070
     1
1040
12.22040718275231
1000
ACAD_MTEXT_COLUMN_INFO_END
  0
MTEXT
  5
84E
102
{ACAD_XDICTIONARY
360
947
102
}
330
2
100
AcDbEntity
  8
_TEXT
 48
12.0
100
AcDbMText
 10
374339.0406743123
 20
-84201.162979372
 30
0.0
 40
2.242299619697536
 41
34.80831971380099
 71
     1
 72
     5
  1
{\FArial;\W4.42841; }{\A1;SURFACE}\P{\FArial;\W5.69032; }{\A1;LIGHT}
  7
6_IN
1001
ACAD
1000
ACAD_MTEXT_COLUMN_INFO_BEGIN
1070
    75
1070
     2
1070
    79
1070
     0
1070
    76
1070
     1
1070
    78
1070
     0
1070
    48
1040
34.80831971380099
1070
    49
1040
11.21149809848768
1070
    50
1070
     1
1040
12.22040718275231
1000
ACAD_MTEXT_COLUMN_INFO_END
  0
LEADER
  5
850
330
2
100
AcDbEntity
  8
_TEXT
 48
12.0
100
AcDbLeader
  3
SCALE_75
 76
     3
 10
374411.0390577912
 20
-84210.47369409687
 30
0.0
 10
374407.0390577912
 20
-84203.81751237609
 30
0.0
 10
374348.9086197394
 20
-84203.81751237609
 30
0.0
1001
ACAD
1000
DSTYLE
1002
{
1070
     5
1000
OPEN90
1070
   147
1040
0.5
1070
    77
1070
     0
1070
    90
1070
     1
1070
   279
1070
     1
1070
   345
1005
7C6
1070
   346
1005
7C6
1002
}
  0
MTEXT
  5
851
102
{ACAD_XDICTIONARY
360
949
102
}
330
2
100
AcDbEntity
  8
_TEXT
 48
12.0
100
AcDbMText
 10
374527.8815093951
 20
-83980.74395045894
 30
0.0
 40
2.242299619697536
 41
34.80831971380099
 71
     1
 72
     5
  1
{\FArial;\W2.26175; }{\A1;POP BOS LVL.}
  7
6_IN
1001
ACAD
1000
ACAD_MTEXT_COLUMN_INFO_BEGIN
1070
    75
1070
     2
1070
    79
1070
     0
1070
    76
1070
     1
1070
    78
1070
     0
1070
    48
1040
34.80831971380099
1070
    49
1040
11.21149809848768
1070
    50
1070
     1
1040
12.22040718275231
1000
ACAD_MTEXT_COLUMN_INFO_END
  0
LEADER
  5
853
330
2
100
AcDbEntity
  8
_TEXT
 48
12.0
100
AcDbLeader
  3
SCALE_75
 76
     2
 10
374584.0395373611
 20
-83859.53172305583
 30
0.0
 10
374619.6437582824
 20
-83859.53172305583
 30
0.0
211
-1.0
221
0.0
231
0.0
1001
ACAD
1000
DSTYLE
1002
{
1070
     5
1000
OPEN90
1070
   147
1040
0.5
1070
    77
1070
     0
1070
    90
1070
     1
1070
   279
1070
     1
1070
   345
1005
7C6
1070
   346
1005
7C6
1002
}
  0
MTEXT
  5
854
330
2
100
AcDbEntity
  8
_TEXT
 48
12.0
100
AcDbMText
 10
374515.4476021441
 20
-83734.02005105714
 30
0.0
 40
2.242299619697536
 41
49.8339120621065
 71
     1
 72
     5
  1
\A1; POP BO AC PIPE LVL.
  7
6_IN
1001
ACAD
1000
ACAD_MTEXT_COLUMN_INFO_BEGIN
1070
    75
1070
     2
1070
    79
1070
     0
1070
    76
1070
     1
1070
    78
1070
     0
1070
    48
1040
49.8339120621065
1070
    49
1040
11.21149809848768
1070
    50
1070
     1
1040
2.941297522972962
1000
ACAD_MTEXT_COLUMN_INFO_END
  0
LWPOLYLINE
  5
855
330
2
100
AcDbEntity
  8
_ELEVATION__30
 62
     5
 48
12.0
100
AcDbPolyline
 90
        4
 70
     1
 43
0.0
 10
374386.0250849232
 20
-83800.25930997542
 10
374482.0253139286
 20
-83800.25930997542
 10
374482.0435610819
 20
-83707.2517059468
 10
374386.0433320765
 20
-83707.2517059468
  0
LWPOLYLINE
  5
856
330
2
100
AcDbEntity
  8
_ELEVATION__30
 62
     5
 48
12.0
100
AcDbPolyline
 90
        4
 70
     1
 43
0.0
 10
374392.0262621781
 20
-83794.25930997542
 10
374476.0264909526
 20
-83794.25930997542
 10
374476.0423838269
 20
-83713.2517059468
 10
374392.0421550525
 20
-83713.2517059468
  0
INSERT
  5
857
330
2
100
AcDbEntity
  8
_ELEVATION__30
100
AcDbBlockReference
  2
F_VC_X
 10
512771.2874059492
 20
40141.94205608382
 30
0.0000000000000006
 50
270.0
  0
HATCH
  5
858
330
2
100
AcDbEntity
  8
_DIMENSION
 62
   251
 48
20.0
100
AcDbHatch
 10
0.0
 20
0.0
 30
0.0
210
0.0
220
0.0
230
1.0
  2
ANSI31
 70
     0
 71
     0
 91
        2
 92
        1
 93
        4
 72
     1
 10
374603.5390475922
 20
-83888.25927122685
 11
374452.0390577911
 21
-83888.25927122685
 72
     1
 10
374452.0390577911
 20
-83888.25927122685
 11
374452.0390577911
 21
-84102.75927122685
 72
     1
 10
374452.0390577911
 20
-84102.75927122685
 11
374603.5390475922
 21
-84102.75927122685
 72
     1
 10
374603.5390475922
 20
-84102.75927122685
 11
374603.5390475922
 21
-83888.25927122685
 97
        0
 92
       16
 93
        8
 72
     1
 10
374577.5423894473
 20
-83912.25927122684
 11
374577.5423894472
 21
-84078.7592746803
 72
     2
 10
374571.5423894472
 20
-84078.7592746803
 40
6.0
 50
0.0
 51
90.0
 73
     0
 72
     1
 10
374571.5423894472
 20
-84084.7592746803
 11
374515.0423632174
 21
-84084.7592746803
 72
     2
 10
374515.0423632174
 20
-84078.7592746803
 40
6.0
 50
90.0
 51
180.0
 73
     0
 72
     1
 10
374509.0423632174
 20
-84078.7592746803
 11
374509.0423632175
 21
-83912.25927122684
 72
     2
 10
374515.0423632175
 20
-83912.25927122684
 40
6.0
 50
180.0
 51
270.0
 73
     0
 72
     1
 10
374515.0423632175
 20
-83906.25927122684
 11
374571.5423894473
 21
-83906.25927122684
 72
     2
 10
374571.5423894473
 20
-83912.25927122684
 40
6.0
 50
270.0
 51
360.0
 73
     0
 97
        0
 75
     1
 76
     1
 52
0.0
 41
31.0
 77
     0
 78
     1
 53
45.0
 43
-324.9084297763184
 44
-1374.215838302858
 45
-2.740038777097872
 46
2.740038777097872
 79
     0
 98
        2
 10
374589.0112420561
 20
-83899.86422509082
 10
374589.0112420561
 20
-83899.86422509082
1001
GRADIENTCOLOR1ACI
1070
     5
1001
GRADIENTCOLOR2ACI
1070
     2
1001
ACAD
1010
0.0
1020
0.0
1030
0.0
  0
INSERT
  5
859
330
2
100
AcDbEntity
  8
_HIDDEN
  6
BYBLOCK
100
AcDbBlockReference
  2
CONCEALED_LIGHTS
 10
372815.0890266035
 20
-55361.88725014913
 30
0.0
 41
1.06788682975941
 42
1.06788682975941
 43
1.06788682975941
  0
INSERT
  5
85A
330
2
100
AcDbEntity
  8
_HIDDEN
  6
BYBLOCK
100
AcDbBlockReference
  2
CONCEALED_LIGHTS
 10
372815.0890266035
 20
-55289.90561446385
 30
0.0
 41
1.06788682975941
 42
1.06788682975941
 43
1.06788682975941
  0
INSERT
  5
85B
330
2
100
AcDbEntity
  8
CEIL-CENTRE_LINE
 48
25.0
100
AcDbBlockReference
  2
CF
 10
374543.2923517721
 20
-83950.88426671871
 30
0.0
  0
INSERT
  5
85C
330
2
100
AcDbEntity
  8
CEIL-CENTRE_LINE
 48
25.0
100
AcDbBlockReference
  2
CF
 10
374543.2923517721
 20
-84040.13426844544
 30
0.0
  0
INSERT
  5
85D
330
2
100
AcDbEntity
  8
_HIDDEN
  6
BYBLOCK
100
AcDbBlockReference
  2
CONCEALED_LIGHTS
 10
376225.7457129466
 20
-55264.13426931083
 30
0.0
 41
-1.06788682975941
 42
1.06788682975941
 43
1.06788682975941
  0
INSERT
  5
85E
330
2
100
AcDbEntity
  8
_HIDDEN
  6
BYBLOCK
100
AcDbBlockReference
  2
CONCEALED_LIGHTS
 10
376230.7457129466
 20
-55264.13426931083
 30
0.0
 41
-1.06788682975941
 42
1.06788682975941
 43
1.06788682975941
  0
MTEXT
  5
85F
330
2
100
AcDbEntity
  8
_TEXT
 48
12.0
100
AcDbMText
 10
374460.8771486805
 20
-84015.54543387334
 30
0.0
 40
2.242299619697536
 41
49.8339120621065
 71
     1
 72
     5
  1
\A1; POP BOB LVL. B(8)
  7
6_IN
1001
ACAD
1000
ACAD_MTEXT_COLUMN_INFO_BEGIN
1070
    75
1070
     2
1070
    79
1070
     0
1070
    76
1070
     1
1070
    78
1070
     0
1070
    48
1040
49.8339120621065
1070
    49
1040
11.21149809848768
1070
    50
1070
     1
1040
2.941297522972962
1000
ACAD_MTEXT_COLUMN_INFO_END
  0
MTEXT
  5
860
102
{ACAD_XDICTIONARY
360
94B
102
}
330
2
100
AcDbEntity
  8
_TEXT
 48
12.0
100
AcDbMText
 10
374536.9176515896
 20
-83914.70515617984
 30
0.0
 40
2.242299619697536
 41
34.80831971380099
 71
     1
 72
     5
  1
{\FArial;\W6.21413; }{\A1;POP}\P{\FArial;\W4.78556; }{\A1;FLUTING}\P{\FArial;\W4.52365; }{\A1;1"X1/2"}
  7
6_IN
1001
ACAD
1000
ACAD_MTEXT_COLUMN_INFO_BEGIN
1070
    75
1070
     2
1070
    79
1070
     0
1070
    76
1070
     1
1070
    78
1070
     0
1070
    48
1040
34.80831971380099
1070
    49
1040
11.21149809848768
1070
    50
1070
     1
1040
12.22040718275231
1000
ACAD_MTEXT_COLUMN_INFO_END
  0
LEADER
  5
862
330
2
100
AcDbEntity
  8
_TEXT
 48
12.0
100
AcDbLeader
  3
SCALE_75
 76
     2
 10
374577.5423894472
 20
-83917.52590894555
 30
0.0
 10
374547.0351834612
 20
-83917.52590894555
 30
0.0
1001
ACAD
1000
DSTYLE
1002
{
1070
     5
1000
OPEN90
1070
   147
1040
0.5
1070
    77
1070
     0
1070
    90
1070
     1
1070
   279
1070
     1
1070
   345
1005
7C6
1070
   346
1005
7C6
1002
}
  0
LWPOLYLINE
  5
863
330
2
100
AcDbEntity
  8
BEAM
  6
CONTINOUS
 62
     2
 48
12.0
100
AcDbPolyline
 90
        4
 70
     1
 43
0.0
 10
374587.7923894473
 20
-83912.25927122681
 10
374586.2923894473
 20
-83912.25927122681
 10
374586.2923894473
 20
-84078.3268061315
 10
374587.7923894473
 20
-84078.3268061315
  0
INSERT
  5
864
330
2
100
AcDbEntity
  8
_DIMENSION
100
AcDbBlockReference
  2
V_VBVBV_VCNVBN
 10
60784.10945577102
 20
-175396.9692939561
 30
0.0
 41
-1.0
 50
180.0
  0
INSERT
  5
86B
330
2
100
AcDbEntity
  8
_DIMENSION
 62
     0
100
AcDbBlockReference
  2
FGVDFV
 10
310877.4896088325
 20
143068.1364299014
 30
0.0
 41
-0.7499999999854481
 42
0.7499999999854481
 43
0.7499999999854481
 50
90.0
  0
INSERT
  5
8A2
330
2
100
AcDbEntity
  8
_DIMENSION
100
AcDbBlockReference
  2
V_VBVBV_VCNVBN
 10
60784.11031199785
 20
7478.716202121839
 30
0.0
  0
INSERT
  5
8A3
330
2
100
AcDbEntity
  8
_DIMENSION
100
AcDbBlockReference
  2
V_VBVBV_VCNVBN
 10
60784.10945577102
 20
7407.911053405565
 30
0.0
  0
INSERT
  5
8A4
330
2
100
AcDbEntity
  8
_DIMENSION
 62
     0
100
AcDbBlockReference
  2
FGVDFV
 10
310877.4896088325
 20
-311058.3862366254
 30
0.0
 41
0.7499999999854481
 42
0.7499999999854481
 43
0.7499999999854481
 50
90.00000000000001
  0
INSERT
  5
8A5
330
2
100
AcDbEntity
  8
_HIDDEN
  6
BYBLOCK
100
AcDbBlockReference
  2
CONCEALED_LIGHTS
 10
376073.8216394557
 20
-55104.45880158535
 30
0.0
 41
-1.06788682975941
 42
1.06788682975941
 43
1.06788682975941
  0
INSERT
  5
8A6
330
2
100
AcDbEntity
  8
_HIDDEN
  6
BYBLOCK
100
AcDbBlockReference
  2
CONCEALED_LIGHTS
 10
376073.8916603093
 20
-55140.45880158535
 30
0.0
 41
-1.06788682975941
 42
1.06788682975941
 43
1.06788682975941
  0
INSERT
  5
8A7
330
2
100
AcDbEntity
  8
_HIDDEN
  6
BYBLOCK
100
AcDbBlockReference
  2
CONCEALED_LIGHTS
 10
372781.9143068338
 20
-112702.6496635262
 30
0.0
 41
-1.06788682975941
 42
1.06788682975941
 43
1.06788682975941
 50
180.0
  0
INSERT
  5
8A8
330
2
100
AcDbEntity
  8
_HIDDEN
  6
BYBLOCK
100
AcDbBlockReference
  2
CONCEALED_LIGHTS
 10
372781.9143068338
 20
-112697.6496635262
 30
0.0
 41
-1.06788682975941
 42
1.06788682975941
 43
1.06788682975941
 50
180.0
  0
INSERT
  5
8A9
330
2
100
AcDbEntity
  8
_HIDDEN
  6
BYBLOCK
100
AcDbBlockReference
  2
CONCEALED_LIGHTS
 10
372781.9143068338
 20
-112630.6680278409
 30
0.0
 41
-1.06788682975941
 42
1.06788682975941
 43
1.06788682975941
 50
180.0
  0
INSERT
  5
8AA
330
2
100
AcDbEntity
  8
_HIDDEN
  6
BYBLOCK
100
AcDbBlockReference
  2
CONCEALED_LIGHTS
 10
372781.9143068338
 20
-112625.6680278409
 30
0.0
 41
-1.06788682975941
 42
1.06788682975941
 43
1.06788682975941
 50
180.0
  0
INSERT
  5
8AB
330
2
100
AcDbEntity
  8
_HIDDEN
  6
BYBLOCK
100
AcDbBlockReference
  2
CONCEALED_LIGHTS
 10
372781.9143068336
 20
-112558.6863921556
 30
0.0
 41
-1.06788682975941
 42
1.06788682975941
 43
1.06788682975941
 50
180.0
  0
INSERT
  5
8AC
330
2
100
AcDbEntity
  8
_HIDDEN
  6
BYBLOCK
100
AcDbBlockReference
  2
CONCEALED_LIGHTS
 10
372781.9143068336
 20
-112553.6863921556
 30
0.0
 41
-1.06788682975941
 42
1.06788682975941
 43
1.06788682975941
 50
180.0
  0
MTEXT
  5
8AD
330
2
100
AcDbEntity
  8
_TEXT
 48
12.0
100
AcDbMText
 10
374669.8110563476
 20
-83801.945811043
 30
0.0
 40
4.168769174142402
 41
166.0873878752053
 71
     1
 72
     5
  1
\A1;DND, KITCHEN - COB LIGHTS 
  7
6_IN
1001
ACAD
1000
ACAD_MTEXT_COLUMN_INFO_BEGIN
1070
    75
1070
     2
1070
    79
1070
     0
1070
    76
1070
     1
1070
    78
1070
     0
1070
    48
1040
166.0873878752053
1070
    49
1040
16.84153659243011
1070
    50
1070
     1
1040
4.418318535776687
1000
ACAD_MTEXT_COLUMN_INFO_END
  0
MTEXT
  5
8AE
330
2
100
AcDbEntity
  8
_TEXT
 48
12.0
100
AcDbMText
 10
374669.8110563476
 20
-83811.59472168537
 30
0.0
 40
4.168769174142402
 41
166.0873878752053
 71
     1
 72
     5
  1
\A1;TOILETS - PANEL LIGHTS
  7
6_IN
1001
ACAD
1000
ACAD_MTEXT_COLUMN_INFO_BEGIN
1070
    75
1070
     2
1070
    79
1070
     0
1070
    76
1070
     1
1070
    78
1070
     0
1070
    48
1040
166.0873878752053
1070
    49
1040
16.84153659243011
1070
    50
1070
     1
1040
4.418318535776687
1000
ACAD_MTEXT_COLUMN_INFO_END
  0
MTEXT
  5
8AF
330
2
100
AcDbEntity
  8
_TEXT
 48
12.0
100
AcDbMText
 10
374669.8110563476
 20
-83820.6809277079
 30
0.0
 40
4.168769174142402
 41
166.0873878752053
 71
     1
 72
     5
  1
\A1;DND- 3 GLAZER+2 SPOT LIGHT
  7
6_IN
1001
ACAD
1000
ACAD_MTEXT_COLUMN_INFO_BEGIN
1070
    75
1070
     2
1070
    79
1070
     0
1070
    76
1070
     1
1070
    78
1070
     0
1070
    48
1040
166.0873878752053
1070
    49
1040
16.84153659243011
1070
    50
1070
     1
1040
4.418318535776687
1000
ACAD_MTEXT_COLUMN_INFO_END
  0
ENDSEC
  0
SECTION
  2
OBJECTS
  0
DICTIONARY
  5
B
330
0
100
AcDbDictionary
  3
ACAD_COLOR
350
4C
  3
ACAD_GROUP
350
43
  3
ACAD_LAYOUT
350
13
  3
ACAD_MATERIAL
350
D
  3
ACAD_MLEADERSTYLE
350
4F
  3
ACAD_MLINESTYLE
350
44
  3
ACAD_PLOTSETTINGS
350
45
  3
ACAD_SCALELIST
350
4D
  3
ACAD_VISUALSTYLE
350
2C
  3
ACDB_RECOMPOSE_DATA
350
998
  3
ACDBHEADERROUNDTRIPXREC
350
90D
  3
ACDBVARIABLEDICTIONARY
350
50
  3
DWGPROPS
350
931
  0
DICTIONARY
  5
2E
330
29
100
AcDbDictionary
280
     1
  3
ACAD_XREC_ROUNDTRIP
360
993
  0
DICTIONARY
  5
1B
330
1A
100
AcDbDictionary
280
     1
  3
ACAD_LAYERFILTERS
360
1C
  3
ACAD_LAYERSTATES
360
1D
  3
ACLYDICTIONARY
360
1F
  0
DICTIONARY
  5
7
330
6
100
AcDbDictionary
280
     1
  3
ADSK_XREC_LAYER_RECONCILED
360
8
  0
DICTIONARY
  5
EF
330
EE
100
AcDbDictionary
280
     1
  3
ADSK_XREC_LAYER_RECONCILED
360
F0
  0
DICTIONARY
  5
87
330
86
100
AcDbDictionary
280
     1
  3
ADSK_XREC_LAYER_RECONCILED
360
88
  0
DICTIONARY
  5
3
330
2
100
AcDbDictionary
280
     1
  3
ACAD_SORTENTS
360
8BC
  0
DICTIONARY
  5
222
330
221
100
AcDbDictionary
280
     1
  3
ACAD_SORTENTS
360
8B8
  0
DICTIONARY
  5
94D
330
2E7
100
AcDbDictionary
280
     1
  3
AcDbBlockTableRecordData
360
94E
  0
DICTIONARY
  5
301
330
300
100
AcDbDictionary
280
     1
  3
ACAD_SORTENTS
360
8BA
  0
DICTIONARY
  5
30D
330
30C
100
AcDbDictionary
280
     1
  3
ACAD_SORTENTS
360
8BB
  0
DICTIONARY
  5
2CE
330
2CD
100
AcDbDictionary
280
     1
  3
ACAD_SORTENTS
360
8B9
  3
AcDbBlockTableRecordData
360
954
  0
DICTIONARY
  5
956
330
2F4
100
AcDbDictionary
280
     1
  3
AcDbBlockTableRecordData
360
957
  0
DICTIONARY
  5
2A7
330
2A6
100
AcDbDictionary
280
     1
  3
ACAD_SORTENTS
360
8B2
  0
DICTIONARY
  5
F2
330
F1
100
AcDbDictionary
280
     1
  3
ACAD_SORTENTS
360
8B3
  0
DICTIONARY
  5
708
330
707
100
AcDbDictionary
280
     1
  3
ACAD_SORTENTS
360
8B0
  0
DICTIONARY
  5
479
330
478
100
AcDbDictionary
280
     1
  3
ACAD_SORTENTS
360
8B1
  3
AcDbBlockTableRecordData
360
959
  0
DICTIONARY
  5
95D
330
86C
100
AcDbDictionary
280
     1
  3
AcDbBlockTableRecordData
360
95E
  0
DICTIONARY
  5
960
330
75C
100
AcDbDictionary
280
     1
  3
AcDbBlockTableRecordData
360
961
  0
DICTIONARY
  5
963
330
766
100
AcDbDictionary
280
     1
  3
AcDbBlockTableRecordData
360
964
  0
DICTIONARY
  5
966
330
6F7
100
AcDbDictionary
280
     1
  3
AcDbBlockTableRecordData
360
967
  0
DICTIONARY
  5
113
330
112
100
AcDbDictionary
280
     1
  3
ACAD_SORTENTS
360
8B5
  3
AcDbBlockTableRecordData
360
969
  0
DICTIONARY
  5
4B8
330
4B7
100
AcDbDictionary
280
     1
  3
ACAD_SORTENTS
360
8B4
  0
DICTIONARY
  5
977
330
46B
100
AcDbDictionary
280
     1
  3
AcDbBlockTableRecordData
360
978
  0
DICTIONARY
  5
97A
330
482
100
AcDbDictionary
280
     1
  3
AcDbBlockTableRecordData
360
97B
  0
DICTIONARY
  5
97D
330
498
100
AcDbDictionary
280
     1
  3
AcDbBlockTableRecordData
360
97E
  0
DICTIONARY
  5
980
330
4A1
100
AcDbDictionary
280
     1
  3
AcDbBlockTableRecordData
360
981
  0
DICTIONARY
  5
983
330
4A9
100
AcDbDictionary
280
     1
  3
AcDbBlockTableRecordData
360
984
  0
DICTIONARY
  5
986
330
56B
100
AcDbDictionary
280
     1
  3
AcDbBlockTableRecordData
360
987
  0
DICTIONARY
  5
4F8
330
4F7
100
AcDbDictionary
280
     1
  3
ACAD_SORTENTS
360
8B6
  3
AcDbBlockTableRecordData
360
989
  0
DICTIONARY
  5
7FB
330
7FA
100
AcDbDictionary
280
     1
  3
ACAD_SORTENTS
360
8B7
  3
AcDbBlockTableRecordData
360
991
  0
DICTIONARY
  5
950
330
308
100
AcDbDictionary
280
     1
  3
ACAD_XREC_ROUNDTRIP
360
951
  0
DICTIONARY
  5
952
330
312
100
AcDbDictionary
280
     1
  3
ACAD_XREC_ROUNDTRIP
360
953
  0
DICTIONARY
  5
FD
330
FC
100
AcDbDictionary
280
     1
  0
DICTIONARY
  5
FF
330
FE
100
AcDbDictionary
280
     1
  0
DICTIONARY
  5
101
330
100
100
AcDbDictionary
280
     1
  0
DICTIONARY
  5
103
330
102
100
AcDbDictionary
280
     1
  0
DICTIONARY
  5
105
330
104
100
AcDbDictionary
280
     1
  0
DICTIONARY
  5
107
330
106
100
AcDbDictionary
280
     1
  0
DICTIONARY
  5
109
330
108
100
AcDbDictionary
280
     1
  0
DICTIONARY
  5
10B
330
10A
100
AcDbDictionary
280
     1
  0
DICTIONARY
  5
95B
330
881
100
AcDbDictionary
280
     1
  3
ACAD_XREC_ROUNDTRIP
360
95C
  0
DICTIONARY
  5
96B
330
1E1
100
AcDbDictionary
280
     1
  3
ACAD_MTEXT_RT
360
96C
  0
DICTIONARY
  5
96D
330
24C
100
AcDbDictionary
280
     1
  3
ACAD_MTEXT_RT
360
96E
  0
DICTIONARY
  5
96F
330
254
100
AcDbDictionary
280
     1
  3
ACAD_MTEXT_RT
360
970
  0
DICTIONARY
  5
971
330
256
100
AcDbDictionary
280
     1
  3
ACAD_MTEXT_RT
360
972
  0
DICTIONARY
  5
973
330
270
100
AcDbDictionary
280
     1
  3
ACAD_MTEXT_RT
360
974
  0
DICTIONARY
  5
975
330
279
100
AcDbDictionary
280
     1
  3
ACAD_MTEXT_RT
360
976
  0
DICTIONARY
  5
98B
330
54B
100
AcDbDictionary
280
     1
  3
ACAD_MTEXT_RT
360
98C
  0
DICTIONARY
  5
98D
330
55B
100
AcDbDictionary
280
     1
  3
ACAD_MTEXT_RT
360
98E
  0
DICTIONARY
  5
98F
330
55F
100
AcDbDictionary
280
     1
  3
ACAD_MTEXT_RT
360
990
  0
DICTIONARY
  5
932
330
A3
100
AcDbDictionary
280
     1
  3
ACAD_MTEXT_RT
360
933
  0
DICTIONARY
  5
AC
330
AB
100
AcDbDictionary
280
     1
  3
ACDBCONTEXTDATAMANAGER
360
AD
  0
DICTIONARY
  5
934
330
B4
100
AcDbDictionary
280
     1
  3
ACAD_MTEXT_RT
360
935
  0
DICTIONARY
  5
936
330
B8
100
AcDbDictionary
280
     1
  3
ACAD_MTEXT_RT
360
937
  0
DICTIONARY
  5
938
330
BA
100
AcDbDictionary
280
     1
  3
ACAD_MTEXT_RT
360
939
  0
DICTIONARY
  5
C1
330
C0
100
AcDbDictionary
280
     1
  0
DICTIONARY
  5
C3
330
C2
100
AcDbDictionary
280
     1
  0
DICTIONARY
  5
C5
330
C4
100
AcDbDictionary
280
     1
  0
DICTIONARY
  5
C7
330
C6
100
AcDbDictionary
280
     1
  0
DICTIONARY
  5
C9
330
C8
100
AcDbDictionary
280
     1
  0
DICTIONARY
  5
CB
330
CA
100
AcDbDictionary
280
     1
  0
DICTIONARY
  5
CD
330
CC
100
AcDbDictionary
280
     1
  0
DICTIONARY
  5
D2
330
D1
100
AcDbDictionary
280
     1
  0
DICTIONARY
  5
D6
330
D5
100
AcDbDictionary
280
     1
  0
DICTIONARY
  5
D8
330
D7
100
AcDbDictionary
280
     1
  3
ACAD_MTEXT_RT
360
93A
  0
DICTIONARY
  5
93B
330
E1
100
AcDbDictionary
280
     1
  3
ACAD_MTEXT_RT
360
93C
  0
DICTIONARY
  5
93D
330
E3
100
AcDbDictionary
280
     1
  3
ACAD_MTEXT_RT
360
93E
  0
DICTIONARY
  5
EC
330
EB
100
AcDbDictionary
280
     1
  0
DICTIONARY
  5
771
330
770
100
AcDbDictionary
280
     1
  3
ACAD_DIMASSOC
360
772
  0
DICTIONARY
  5
93F
330
7BA
100
AcDbDictionary
280
     1
  3
ACAD_MTEXT_RT
360
940
  0
DICTIONARY
  5
941
330
7D0
100
AcDbDictionary
280
     1
  3
ACAD_MTEXT_RT
360
942
  0
DICTIONARY
  5
943
330
7D3
100
AcDbDictionary
280
     1
  3
ACAD_MTEXT_RT
360
944
  0
DICTIONARY
  5
7E5
330
7E4
100
AcDbDictionary
280
     1
  3
ACAD_DIMASSOC
360
7E6
  0
DICTIONARY
  5
945
330
84C
100
AcDbDictionary
280
     1
  3
ACAD_MTEXT_RT
360
946
  0
DICTIONARY
  5
947
330
84E
100
AcDbDictionary
280
     1
  3
ACAD_MTEXT_RT
360
948
  0
DICTIONARY
  5
949
330
851
100
AcDbDictionary
280
     1
  3
ACAD_MTEXT_RT
360
94A
  0
DICTIONARY
  5
94B
330
860
100
AcDbDictionary
280
     1
  3
ACAD_MTEXT_RT
360
94C
  0
DICTIONARY
  5
4C
102
{ACAD_REACTORS
330
B
102
}
330
B
100
AcDbDictionary
  0
DICTIONARY
  5
43
102
{ACAD_REACTORS
330
B
102
}
330
B
100
AcDbDictionary
  0
DICTIONARY
  5
13
102
{ACAD_REACTORS
330
B
102
}
330
B
100
AcDbDictionary
  0
DICTIONARY
  5
D
102
{ACAD_REACTORS
330
B
102
}
330
B
100
AcDbDictionary
  3
BYBLOCK
350
49
  3
BYLAYER
350
46
  3
GLOBAL
350
C
  0
DICTIONARY
  5
4F
102
{ACAD_REACTORS
330
B
102
}
330
B
100
AcDbDictionary
  3
STANDARD
350
90C
  0
DICTIONARY
  5
44
102
{ACAD_REACTORS
330
B
102
}
330
B
100
AcDbDictionary
  3
STANDARD
350
6B
  3
WINDOW
350
66
  0
DICTIONARY
  5
45
102
{ACAD_REACTORS
330
B
102
}
330
B
100
AcDbDictionary
  0
DICTIONARY
  5
4D
102
{ACAD_REACTORS
330
B
102
}
330
B
100
AcDbDictionary
  3
A0
350
6C
  3
A1
350
6D
  3
A2
350
6E
  3
A3
350
6F
  3
A4
350
70
  3
A5
350
71
  3
A6
350
72
  3
A7
350
73
  3
A8
350
74
  3
A9
350
75
  3
B0
350
76
  3
B1
350
77
  3
B2
350
78
  3
B3
350
79
  3
B4
350
7A
  3
B5
350
7B
  3
B6
350
7C
  0
DICTIONARY
  5
2C
102
{ACAD_REACTORS
330
B
102
}
330
B
100
AcDbDictionary
  3
2DWIREFRAME
350
2B
  3
BASIC
350
8FC
  3
BRIGHTEN
350
8FF
  3
COLORCHANGE
350
903
  3
CONCEPTUAL
350
8FD
  3
DIM
350
8FE
  3
EDGECOLOROFF
350
906
  3
FACEPATTERN
350
902
  3
FLAT
350
8F7
  3
FLATWITHEDGES
350
8F8
  3
GOURAUD
350
8F9
  3
GOURAUDWITHEDGES
350
8FA
  3
HIDDEN
350
8FB
  3
JITTEROFF
350
904
  3
LINEPATTERN
350
901
  3
OVERHANGOFF
350
905
  3
REALISTIC
350
69
  3
SHADED
350
90B
  3
SHADED_WITH_EDGES
350
90A
  3
SHADES_OF_GRAY
350
907
  3
SKETCHY
350
908
  3
THICKEN
350
900
  3
WIREFRAME
350
6A
  3
X-RAY
350
909
  0
XRECORD
  5
998
102
{ACAD_REACTORS
330
B
102
}
330
B
100
AcDbXrecord
 90
        1
330
BA
330
54B
330
254
330
270
330
24C
330
E1
330
E3
330
256
330
D7
330
A3
330
1E1
330
7D0
330
851
330
7D3
330
55B
330
55F
330
84C
330
84E
330
B4
330
B8
330
279
330
860
330
7BA
  0
DICTIONARY
  5
90D
102
{ACAD_REACTORS
330
B
102
}
330
B
100
AcDbDictionary
  3
CEPSNID
350
917
  3
CEPSNTYPE
350
916
  3
COLORDICT
350
92F
  3
DIMSTYLEDATA
350
92D
  3
FINGERPRINTGUID
350
918
  3
HYPERLINKBASE
350
910
  3
INSUNITS
350
915
  3
LAYOUTDICT
350
912
  3
LWETCUNION
350
914
  3
MATERIALDICT
350
930
  3
PLOTSETDICT
350
913
  3
PSVPSCALE
350
91A
  3
PUCSBASE
350
91D
  3
PUCSORGBACK
350
923
  3
PUCSORGBOTTOM
350
91F
  3
PUCSORGFRONT
350
922
  3
PUCSORGLEFT
350
920
  3
PUCSORGRIGHT
350
921
  3
PUCSORGTOP
350
91E
  3
PUCSORTHOREF
350
91B
  3
PUCSORTHOVIEW
350
91C
  3
STYLESHEET
350
911
  3
TSTACKALIGN
350
90E
  3
TSTACKSIZE
350
90F
  3
UCSBASE
350
926
  3
UCSORGBACK
350
92C
  3
UCSORGBOTTOM
350
928
  3
UCSORGFRONT
350
92B
  3
UCSORGLEFT
350
929
  3
UCSORGRIGHT
350
92A
  3
UCSORGTOP
350
927
  3
UCSORTHOREF
350
924
  3
UCSORTHOVIEW
350
925
  3
VERSIONGUID
350
919
  0
DICTIONARY
  5
50
102
{ACAD_REACTORS
330
B
102
}
330
B
100
AcDbDictionary
  3
ANNOALLVISIBLE
350
51
  3
CANNOSCALE
350
52
  3
CMLEADERSTYLE
350
92E
  3
CTABLESTYLE
350
54
  3
DIMASSOC
350
57
  3
DIMLAYER
350
58
  3
HIDETEXT
350
59
  3
HPCOLOR
350
5A
  3
HPTRANSPARENCY
350
5B
  3
INDEXCTL
350
5C
  3
LAYEREVAL
350
5D
  3
LAYERNOTIFY
350
5E
  3
LIGHTINGUNITS
350
5F
  3
MARKUPASSISTMODE
350
60
  3
MSLTSCALE
350
61
  3
SOLIDHIST
350
62
  3
SORTENTS
350
63
  3
XCLIPFRAME
350
8F3
  0
XRECORD
  5
931
102
{ACAD_REACTORS
330
B
102
}
330
B
100
AcDbXrecord
  1
DWGPROPS COOKIE
  2

  3

  4

  6

  7

  8
cmdrun
  9

300
=
301
=
302
=
303
=
304
=
305
=
306
=
307
=
308
=
309
=
 40
0.0
 41
2455932.456933322
 42
2460989.887448356
  1

 90
        0
  0
XRECORD
  5
993
102
{ACAD_REACTORS
330
2E
102
}
330
2E
100
AcDbXrecord
102
VTR_0.000_0.000_1.000_1.000_VISUALSTYLE
340
2B
102
VTR_0.000_0.000_1.000_1.000_GRIDDISPLAY
 70
     3
102
VTR_0.000_0.000_1.000_1.000_GRIDMAJOR
 70
     5
102
VTR_0.000_0.000_1.000_1.000_DEFAULTLIGHTING
280
     1
102
VTR_0.000_0.000_1.000_1.000_DEFAULTLIGHTINGTYPE
 70
     1
102
VTR_0.000_0.000_1.000_1.000_BRIGHTNESS
141
0.0
102
VTR_0.000_0.000_1.000_1.000_CONTRAST
142
0.0
  0
DICTIONARY
  5
1C
102
{ACAD_REACTORS
330
1B
102
}
330
1B
100
AcDbDictionary
  0
DICTIONARY
  5
1D
102
{ACAD_REACTORS
330
1B
102
}
330
1B
100
AcDbDictionary
1001
ACLAYERTOOLS
1000
12
1000
0
  0
DICTIONARY
  5
1F
102
{ACAD_REACTORS
330
1B
102
}
330
1B
100
AcDbDictionary
1001
ACAD
1000
<All
  0
ACAD_PROXY_OBJECT
  5
8
102
{ACAD_REACTORS
330
7
102
}
330
7
100
AcDbProxyObject
 90
      499
 91
      566
 93
       34
310
40C8804040
  0
ACAD_PROXY_OBJECT
  5
F0
102
{ACAD_REACTORS
330
EF
102
}
330
EF
100
AcDbProxyObject
 90
      499
 91
      566
 93
       34
310
40C8804040
  0
ACAD_PROXY_OBJECT
  5
88
102
{ACAD_REACTORS
330
87
102
}
330
87
100
AcDbProxyObject
 90
      499
 91
      566
 93
       34
310
40C8804040
  0
SORTENTSTABLE
  5
8BC
102
{ACAD_REACTORS
330
3
102
}
330
3
100
AcDbSortentsTable
330
2
  0
SORTENTSTABLE
  5
8B8
102
{ACAD_REACTORS
330
222
102
}
330
222
100
AcDbSortentsTable
330
221
331
225
  5
23F
331
227
  5
240
331
229
  5
241
331
22A
  5
225
331
22B
  5
227
331
22C
  5
229
331
22D
  5
22A
331
22E
  5
22B
331
22F
  5
22C
331
230
  5
22D
331
231
  5
22E
331
232
  5
22F
331
233
  5
230
331
234
  5
231
331
235
  5
232
331
236
  5
233
331
237
  5
234
331
238
  5
235
331
239
  5
236
331
23A
  5
237
331
23B
  5
238
331
23C
  5
239
331
23D
  5
23A
331
23E
  5
23B
331
23F
  5
23C
331
240
  5
23D
331
241
  5
23E
  0
DICTIONARY
  5
94E
102
{ACAD_REACTORS
330
94D
102
}
330
94D
100
AcDbDictionary
  3
Edit
350
94F
  0
SORTENTSTABLE
  5
8BA
102
{ACAD_REACTORS
330
301
102
}
330
301
100
AcDbSortentsTable
330
300
  0
SORTENTSTABLE
  5
8BB
102
{ACAD_REACTORS
330
30D
102
}
330
30D
100
AcDbSortentsTable
330
30C
  0
SORTENTSTABLE
  5
8B9
102
{ACAD_REACTORS
330
2CE
102
}
330
2CE
100
AcDbSortentsTable
330
2CD
  0
DICTIONARY
  5
954
102
{ACAD_REACTORS
330
2CE
102
}
330
2CE
100
AcDbDictionary
  3
Edit
350
955
  0
DICTIONARY
  5
957
102
{ACAD_REACTORS
330
956
102
}
330
956
100
AcDbDictionary
  3
Edit
350
958
  0
SORTENTSTABLE
  5
8B2
102
{ACAD_REACTORS
330
2A7
102
}
330
2A7
100
AcDbSortentsTable
330
2A6
  0
SORTENTSTABLE
  5
8B3
102
{ACAD_REACTORS
330
F2
102
}
330
F2
100
AcDbSortentsTable
330
F1
  0
SORTENTSTABLE
  5
8B0
102
{ACAD_REACTORS
330
708
102
}
330
708
100
AcDbSortentsTable
330
707
  0
SORTENTSTABLE
  5
8B1
102
{ACAD_REACTORS
330
479
102
}
330
479
100
AcDbSortentsTable
330
478
  0
DICTIONARY
  5
959
102
{ACAD_REACTORS
330
479
102
}
330
479
100
AcDbDictionary
  3
Edit
350
95A
  0
DICTIONARY
  5
95E
102
{ACAD_REACTORS
330
95D
102
}
330
95D
100
AcDbDictionary
  3
Edit
350
95F
  0
DICTIONARY
  5
961
102
{ACAD_REACTORS
330
960
102
}
330
960
100
AcDbDictionary
  3
Edit
350
962
  0
DICTIONARY
  5
964
102
{ACAD_REACTORS
330
963
102
}
330
963
100
AcDbDictionary
  3
Edit
350
965
  0
DICTIONARY
  5
967
102
{ACAD_REACTORS
330
966
102
}
330
966
100
AcDbDictionary
  3
Edit
350
968
  0
SORTENTSTABLE
  5
8B5
102
{ACAD_REACTORS
330
113
102
}
330
113
100
AcDbSortentsTable
330
112
331
218
  5
258
331
219
  5
259
331
21A
  5
25A
331
244
  5
25B
331
245
  5
25C
331
246
  5
25D
331
247
  5
25E
331
248
  5
25F
331
249
  5
260
331
24A
  5
261
331
24B
  5
262
331
24C
  5
263
331
24E
  5
264
331
24F
  5
265
331
250
  5
322
331
251
  5
33D
331
252
  5
33E
331
253
  5
33F
331
254
  5
340
331
256
  5
341
331
258
  5
342
331
259
  5
343
331
25A
  5
344
331
25B
  5
345
331
25C
  5
346
331
25D
  5
347
331
25E
  5
348
331
25F
  5
349
331
260
  5
34A
331
261
  5
34B
331
262
  5
34C
331
263
  5
34D
331
264
  5
34E
331
265
  5
34F
331
266
  5
350
331
267
  5
351
331
26F
  5
352
331
270
  5
353
331
272
  5
354
331
273
  5
355
331
274
  5
356
331
275
  5
357
331
276
  5
358
331
277
  5
359
331
278
  5
35A
331
279
  5
35B
331
27B
  5
35C
331
27C
  5
35D
331
27D
  5
35E
331
27E
  5
35F
331
27F
  5
360
331
280
  5
361
331
281
  5
362
331
282
  5
363
331
283
  5
364
331
284
  5
365
331
285
  5
366
331
286
  5
367
331
287
  5
368
331
288
  5
400
331
289
  5
401
331
28A
  5
402
331
29B
  5
446
331
29C
  5
447
331
29D
  5
448
331
29E
  5
449
331
29F
  5
44A
331
2A0
  5
44B
331
2A1
  5
44C
331
2A2
  5
44D
331
2A3
  5
44E
331
2A4
  5
44F
331
2A5
  5
450
331
2C8
  5
451
331
2CA
  5
452
331
2CB
  5
453
331
2CC
  5
454
331
2DA
  5
455
331
2DB
  5
456
331
2E6
  5
457
331
2F3
  5
458
331
2FF
  5
459
331
30B
  5
45A
331
314
  5
45B
331
315
  5
45C
331
316
  5
45D
331
317
  5
45E
331
318
  5
45F
331
319
  5
460
331
31A
  5
3B4
331
31B
  5
3B5
331
31C
  5
3B6
331
31D
  5
3B7
331
31E
  5
3B8
331
31F
  5
3B9
331
320
  5
3BA
331
321
  5
3BB
331
322
  5
3BC
331
323
  5
3BD
331
324
  5
3BE
331
325
  5
3BF
331
326
  5
3C0
331
327
  5
3C1
331
328
  5
3C2
331
329
  5
3C3
331
32A
  5
3C4
331
32B
  5
3C5
331
32C
  5
3C6
331
32D
  5
3C7
331
32E
  5
3C8
331
32F
  5
3C9
331
330
  5
3CA
331
331
  5
3CB
331
332
  5
3CC
331
333
  5
3CD
331
334
  5
3CE
331
335
  5
3CF
331
336
  5
3D0
331
337
  5
3D1
331
338
  5
3D2
331
339
  5
3D3
331
33A
  5
3D4
331
33B
  5
3D5
331
33C
  5
3D6
331
33D
  5
3D7
331
33E
  5
3D8
331
33F
  5
3D9
331
340
  5
3DA
331
341
  5
3DB
331
342
  5
3DC
331
343
  5
3DD
331
344
  5
3DE
331
345
  5
3DF
331
346
  5
3E0
331
347
  5
3E1
331
348
  5
3E2
331
349
  5
3E3
331
34A
  5
3E4
331
34B
  5
3E5
331
34C
  5
3E6
331
34D
  5
3E7
331
34E
  5
3E8
331
34F
  5
3E9
331
350
  5
3EA
331
351
  5
3EB
331
352
  5
3EC
331
353
  5
3ED
331
354
  5
3EE
331
355
  5
3EF
331
356
  5
3F0
331
357
  5
3F1
331
358
  5
3F2
331
359
  5
3F3
331
35A
  5
3F4
331
35B
  5
3F5
331
35C
  5
3F6
331
35D
  5
403
331
35E
  5
404
331
35F
  5
405
331
360
  5
406
331
361
  5
407
331
362
  5
408
331
363
  5
409
331
364
  5
40A
331
365
  5
40B
331
366
  5
40C
331
367
  5
40D
331
368
  5
40E
331
369
  5
40F
331
36A
  5
410
331
36B
  5
411
331
36C
  5
412
331
36D
  5
413
331
36E
  5
414
331
36F
  5
415
331
370
  5
416
331
371
  5
417
331
372
  5
418
331
373
  5
419
331
374
  5
41A
331
375
  5
41B
331
376
  5
41C
331
377
  5
41D
331
378
  5
41E
331
379
  5
41F
331
37A
  5
420
331
37B
  5
421
331
37C
  5
422
331
37D
  5
423
331
37E
  5
424
331
37F
  5
425
331
380
  5
426
331
381
  5
427
331
382
  5
428
331
383
  5
429
331
384
  5
42A
331
385
  5
42B
331
386
  5
42C
331
387
  5
42D
331
388
  5
42E
331
389
  5
42F
331
38A
  5
430
331
38B
  5
431
331
38C
  5
432
331
38D
  5
433
331
38E
  5
434
331
38F
  5
435
331
390
  5
436
331
391
  5
437
331
392
  5
438
331
393
  5
439
331
394
  5
43A
331
395
  5
43B
331
396
  5
43C
331
397
  5
43D
331
398
  5
43E
331
399
  5
43F
331
39A
  5
440
331
39B
  5
441
331
39C
  5
442
331
39D
  5
443
331
39E
  5
444
331
39F
  5
445
331
3A0
  5
218
331
3A1
  5
219
331
3A2
  5
21A
331
3A3
  5
244
331
3A4
  5
245
331
3A5
  5
246
331
3A6
  5
247
331
3A7
  5
248
331
3A8
  5
249
331
3A9
  5
24A
331
3AA
  5
24B
331
3AB
  5
24C
331
3AC
  5
24E
331
3AD
  5
24F
331
3AE
  5
250
331
3AF
  5
251
331
3B0
  5
252
331
3B1
  5
253
331
3B2
  5
254
331
3B3
  5
256
331
3B4
  5
266
331
3B5
  5
267
331
3B6
  5
26F
331
3B7
  5
270
331
3B8
  5
272
331
3B9
  5
273
331
3BA
  5
274
331
3BB
  5
275
331
3BC
  5
276
331
3BD
  5
277
331
3BE
  5
278
331
3BF
  5
279
331
3C0
  5
27B
331
3C1
  5
27C
331
3C2
  5
27D
331
3C3
  5
27E
331
3C4
  5
27F
331
3C5
  5
280
331
3C6
  5
281
331
3C7
  5
282
331
3C8
  5
283
331
3C9
  5
284
331
3CA
  5
285
331
3CB
  5
286
331
3CC
  5
287
331
3CD
  5
288
331
3CE
  5
289
331
3CF
  5
28A
331
3D0
  5
29B
331
3D1
  5
29C
331
3D2
  5
29D
331
3D3
  5
29E
331
3D4
  5
29F
331
3D5
  5
2A0
331
3D6
  5
2A1
331
3D7
  5
2A2
331
3D8
  5
2A3
331
3D9
  5
2A4
331
3DA
  5
2A5
331
3DB
  5
2C8
331
3DC
  5
2CA
331
3DD
  5
2CB
331
3DE
  5
2CC
331
3DF
  5
2DA
331
3E0
  5
2DB
331
3E1
  5
2E6
331
3E2
  5
2F3
331
3E3
  5
2FF
331
3E4
  5
30B
331
3E5
  5
314
331
3E6
  5
315
331
3E7
  5
316
331
3E8
  5
317
331
3E9
  5
318
331
3EA
  5
319
331
3EB
  5
31A
331
3EC
  5
31B
331
3ED
  5
31C
331
3EE
  5
31D
331
3EF
  5
31E
331
3F0
  5
31F
331
3F1
  5
320
331
3F2
  5
321
331
3F3
  5
3F7
331
3F4
  5
3F8
331
3F5
  5
3F9
331
3F6
  5
3FA
331
3F7
  5
3FB
331
3F8
  5
3FC
331
3F9
  5
3FD
331
3FA
  5
3FE
331
3FB
  5
3FF
331
3FC
  5
369
331
3FD
  5
36A
331
3FE
  5
36B
331
3FF
  5
36C
331
400
  5
36D
331
401
  5
36E
331
402
  5
36F
331
403
  5
370
331
404
  5
371
331
405
  5
372
331
406
  5
373
331
407
  5
374
331
408
  5
375
331
409
  5
376
331
40A
  5
377
331
40B
  5
378
331
40C
  5
379
331
40D
  5
37A
331
40E
  5
37B
331
40F
  5
37C
331
410
  5
37D
331
411
  5
37E
331
412
  5
37F
331
413
  5
380
331
414
  5
381
331
415
  5
382
331
416
  5
383
331
417
  5
384
331
418
  5
385
331
419
  5
386
331
41A
  5
387
331
41B
  5
388
331
41C
  5
389
331
41D
  5
38A
331
41E
  5
38B
331
41F
  5
38C
331
420
  5
38D
331
421
  5
38E
331
422
  5
38F
331
423
  5
390
331
424
  5
391
331
425
  5
392
331
426
  5
393
331
427
  5
394
331
428
  5
395
331
429
  5
396
331
42A
  5
397
331
42B
  5
398
331
42C
  5
399
331
42D
  5
39A
331
42E
  5
39B
331
42F
  5
39C
331
430
  5
39D
331
431
  5
39E
331
432
  5
39F
331
433
  5
3A0
331
434
  5
3A1
331
435
  5
3A2
331
436
  5
3A3
331
437
  5
3A4
331
438
  5
3A5
331
439
  5
3A6
331
43A
  5
3A7
331
43B
  5
3A8
331
43C
  5
3A9
331
43D
  5
3AA
331
43E
  5
3AB
331
43F
  5
3AC
331
440
  5
3AD
331
441
  5
3AE
331
442
  5
3AF
331
443
  5
3B0
331
444
  5
3B1
331
445
  5
3B2
331
446
  5
3B3
331
447
  5
323
331
448
  5
324
331
449
  5
325
331
44A
  5
326
331
44B
  5
327
331
44C
  5
328
331
44D
  5
329
331
44E
  5
32A
331
44F
  5
32B
331
450
  5
32C
331
451
  5
32D
331
452
  5
32E
331
453
  5
32F
331
454
  5
330
331
455
  5
331
331
456
  5
332
331
457
  5
333
331
458
  5
334
331
459
  5
335
331
45A
  5
336
331
45B
  5
337
331
45C
  5
338
331
45D
  5
339
331
45E
  5
33A
331
45F
  5
33B
331
460
  5
33C
  0
DICTIONARY
  5
969
102
{ACAD_REACTORS
330
113
102
}
330
113
100
AcDbDictionary
  3
Edit
350
96A
  0
SORTENTSTABLE
  5
8B4
102
{ACAD_REACTORS
330
4B8
102
}
330
4B8
100
AcDbSortentsTable
330
4B7
331
4BB
  5
4C0
331
4BD
  5
4C1
331
4BE
  5
4C2
331
4BF
  5
4C3
331
4C0
  5
4C4
331
4C1
  5
4C5
331
4C2
  5
4C6
331
4C3
  5
4C7
331
4C4
  5
4C8
331
4C5
  5
4C9
331
4C6
  5
4CA
331
4C7
  5
4CB
331
4C8
  5
4CC
331
4C9
  5
4CD
331
4CA
  5
4CE
331
4CB
  5
4CF
331
4CC
  5
4D0
331
4CD
  5
4D1
331
4CE
  5
4D2
331
4CF
  5
4D3
331
4D0
  5
4D4
331
4D1
  5
4D5
331
4D2
  5
4D6
331
4D3
  5
4D7
331
4D4
  5
4D8
331
4D5
  5
4D9
331
4D6
  5
4DA
331
4D7
  5
4DB
331
4D8
  5
4DC
331
4D9
  5
4DD
331
4DA
  5
4DE
331
4DB
  5
4DF
331
4DC
  5
4E0
331
4DD
  5
4E1
331
4DE
  5
4E2
331
4DF
  5
4E3
331
4E0
  5
4E4
331
4E1
  5
4E5
331
4E2
  5
4E6
331
4E3
  5
4E7
331
4E4
  5
4E8
331
4E5
  5
4E9
331
4E6
  5
4EA
331
4E7
  5
4EB
331
4E8
  5
4EC
331
4E9
  5
4ED
331
4EA
  5
4BB
331
4EB
  5
4BD
331
4EC
  5
4BE
331
4ED
  5
4BF
  0
DICTIONARY
  5
978
102
{ACAD_REACTORS
330
977
102
}
330
977
100
AcDbDictionary
  3
Edit
350
979
  0
DICTIONARY
  5
97B
102
{ACAD_REACTORS
330
97A
102
}
330
97A
100
AcDbDictionary
  3
Edit
350
97C
  0
DICTIONARY
  5
97E
102
{ACAD_REACTORS
330
97D
102
}
330
97D
100
AcDbDictionary
  3
Edit
350
97F
  0
DICTIONARY
  5
981
102
{ACAD_REACTORS
330
980
102
}
330
980
100
AcDbDictionary
  3
Edit
350
982
  0
DICTIONARY
  5
984
102
{ACAD_REACTORS
330
983
102
}
330
983
100
AcDbDictionary
  3
Edit
350
985
  0
DICTIONARY
  5
987
102
{ACAD_REACTORS
330
986
102
}
330
986
100
AcDbDictionary
  3
Edit
350
988
  0
SORTENTSTABLE
  5
8B6
102
{ACAD_REACTORS
330
4F8
102
}
330
4F8
100
AcDbSortentsTable
330
4F7
331
53E
  5
553
331
53F
  5
554
331
540
  5
555
331
541
  5
556
331
542
  5
557
331
543
  5
558
331
544
  5
559
331
545
  5
55A
331
546
  5
55B
331
547
  5
55D
331
548
  5
5B8
331
549
  5
5D3
331
54A
  5
5D4
331
54B
  5
5D5
331
54D
  5
5D6
331
54E
  5
5D7
331
54F
  5
5D8
331
550
  5
5D9
331
551
  5
5DA
331
552
  5
5DB
331
553
  5
5DC
331
554
  5
5DD
331
555
  5
5DE
331
556
  5
5DF
331
557
  5
5E0
331
558
  5
5E1
331
559
  5
5E2
331
55A
  5
5E3
331
55B
  5
5E4
331
55D
  5
5E5
331
55E
  5
5E6
331
55F
  5
5E7
331
561
  5
5E8
331
562
  5
5E9
331
563
  5
5EA
331
564
  5
5EB
331
565
  5
5EC
331
566
  5
5ED
331
567
  5
5EE
331
568
  5
5EF
331
569
  5
5F0
331
56A
  5
5F1
331
585
  5
5F2
331
586
  5
5F3
331
587
  5
5F4
331
588
  5
68C
331
589
  5
68D
331
58A
  5
68E
331
58B
  5
6D2
331
58C
  5
6D3
331
58D
  5
6D4
331
58E
  5
6D5
331
58F
  5
6D6
331
590
  5
6D7
331
591
  5
6D8
331
592
  5
6D9
331
593
  5
6DA
331
594
  5
6DB
331
595
  5
6DC
331
596
  5
6DD
331
597
  5
6DE
331
598
  5
6DF
331
599
  5
6E0
331
59A
  5
6E1
331
59B
  5
6E2
331
59C
  5
6E3
331
59D
  5
6E4
331
59E
  5
6E5
331
59F
  5
6E6
331
5A0
  5
6E7
331
5A1
  5
6E8
331
5A2
  5
6E9
331
5A3
  5
6EA
331
5A4
  5
6EB
331
5A5
  5
6EC
331
5A6
  5
6ED
331
5A7
  5
6EE
331
5A8
  5
6EF
331
5A9
  5
6F0
331
5AA
  5
53E
331
5AB
  5
53F
331
5AC
  5
540
331
5AD
  5
541
331
5AE
  5
542
331
5AF
  5
543
331
5B0
  5
544
331
5B1
  5
545
331
5B2
  5
546
331
5B3
  5
547
331
5B4
  5
548
331
5B5
  5
549
331
5B6
  5
54A
331
5B7
  5
54B
331
5B8
  5
54D
331
5B9
  5
54E
331
5BA
  5
54F
331
5BB
  5
550
331
5BC
  5
551
331
5BD
  5
552
331
5BE
  5
55E
331
5BF
  5
55F
331
5C0
  5
561
331
5C1
  5
562
331
5C2
  5
563
331
5C3
  5
564
331
5C4
  5
565
331
5C5
  5
566
331
5C6
  5
567
331
5C7
  5
568
331
5C8
  5
569
331
5C9
  5
56A
331
5CA
  5
585
331
5CB
  5
586
331
5CC
  5
587
331
5CD
  5
588
331
5CE
  5
589
331
5CF
  5
58A
331
5D0
  5
58B
331
5D1
  5
58C
331
5D2
  5
58D
331
5D3
  5
58E
331
5D4
  5
58F
331
5D5
  5
590
331
5D6
  5
591
331
5D7
  5
592
331
5D8
  5
593
331
5D9
  5
594
331
5DA
  5
595
331
5DB
  5
596
331
5DC
  5
597
331
5DD
  5
598
331
5DE
  5
599
331
5DF
  5
59A
331
5E0
  5
59B
331
5E1
  5
59C
331
5E2
  5
59D
331
5E3
  5
59E
331
5E4
  5
59F
331
5E5
  5
5A0
331
5E6
  5
5A1
331
5E7
  5
5A2
331
5E8
  5
5A3
331
5E9
  5
5A4
331
5EA
  5
5A5
331
5EB
  5
5A6
331
5EC
  5
5A7
331
5ED
  5
5A8
331
5EE
  5
5A9
331
5EF
  5
5AA
331
5F0
  5
5AB
331
5F1
  5
5AC
331
5F2
  5
5AD
331
5F3
  5
5AE
331
5F4
  5
5AF
331
5F5
  5
5B0
331
5F6
  5
5B1
331
5F7
  5
5B2
331
5F8
  5
5B3
331
5F9
  5
5B4
331
5FA
  5
5B5
331
5FB
  5
5B6
331
5FC
  5
5B7
331
5FD
  5
5B9
331
5FE
  5
5BA
331
5FF
  5
5BB
331
600
  5
5BC
331
601
  5
5BD
331
602
  5
5BE
331
603
  5
5BF
331
604
  5
5C0
331
605
  5
5C1
331
606
  5
5C2
331
607
  5
5C3
331
608
  5
5C4
331
609
  5
5C5
331
60A
  5
5C6
331
60B
  5
5C7
331
60C
  5
5C8
331
60D
  5
5C9
331
60E
  5
5CA
331
60F
  5
5CB
331
610
  5
5CC
331
611
  5
5CD
331
612
  5
5CE
331
613
  5
5CF
331
614
  5
5D0
331
615
  5
5D1
331
616
  5
5D2
331
617
  5
5F5
331
618
  5
5F6
331
619
  5
5F7
331
61A
  5
5F8
331
61B
  5
5F9
331
61C
  5
5FA
331
61D
  5
5FB
331
61E
  5
5FC
331
61F
  5
5FD
331
620
  5
5FE
331
621
  5
5FF
331
622
  5
600
331
623
  5
601
331
624
  5
602
331
625
  5
603
331
626
  5
604
331
627
  5
605
331
628
  5
606
331
629
  5
607
331
62A
  5
608
331
62B
  5
609
331
62C
  5
60A
331
62D
  5
60B
331
62E
  5
60C
331
62F
  5
60D
331
630
  5
60E
331
631
  5
60F
331
632
  5
610
331
633
  5
611
331
634
  5
612
331
635
  5
613
331
636
  5
614
331
637
  5
615
331
638
  5
616
331
639
  5
617
331
63A
  5
618
331
63B
  5
619
331
63C
  5
61A
331
63D
  5
61B
331
63E
  5
61C
331
63F
  5
61D
331
640
  5
61E
331
641
  5
61F
331
642
  5
620
331
643
  5
621
331
644
  5
622
331
645
  5
623
331
646
  5
624
331
647
  5
625
331
648
  5
626
331
649
  5
627
331
64A
  5
628
331
64B
  5
629
331
64C
  5
62A
331
64D
  5
62B
331
64E
  5
62C
331
64F
  5
62D
331
650
  5
62E
331
651
  5
62F
331
652
  5
630
331
653
  5
631
331
654
  5
632
331
655
  5
633
331
656
  5
634
331
657
  5
635
331
658
  5
636
331
659
  5
637
331
65A
  5
638
331
65B
  5
639
331
65C
  5
63A
331
65D
  5
63B
331
65E
  5
63C
331
65F
  5
63D
331
660
  5
63E
331
661
  5
63F
331
662
  5
640
331
663
  5
641
331
664
  5
642
331
665
  5
643
331
666
  5
644
331
667
  5
645
331
668
  5
646
331
669
  5
647
331
66A
  5
648
331
66B
  5
649
331
66C
  5
64A
331
66D
  5
64B
331
66E
  5
64C
331
66F
  5
64D
331
670
  5
64E
331
671
  5
64F
331
672
  5
650
331
673
  5
651
331
674
  5
652
331
675
  5
653
331
676
  5
654
331
677
  5
655
331
678
  5
656
331
679
  5
657
331
67A
  5
658
331
67B
  5
659
331
67C
  5
65A
331
67D
  5
65B
331
67E
  5
65C
331
67F
  5
65D
331
680
  5
65E
331
681
  5
65F
331
682
  5
660
331
683
  5
661
331
684
  5
662
331
685
  5
663
331
686
  5
664
331
687
  5
665
331
688
  5
666
331
689
  5
667
331
68A
  5
668
331
68B
  5
669
331
68C
  5
66A
331
68D
  5
66B
331
68E
  5
66C
331
68F
  5
66D
331
690
  5
66E
331
691
  5
66F
331
692
  5
670
331
693
  5
671
331
694
  5
672
331
695
  5
673
331
696
  5
674
331
697
  5
675
331
698
  5
676
331
699
  5
677
331
69A
  5
678
331
69B
  5
679
331
69C
  5
67A
331
69D
  5
67B
331
69E
  5
67C
331
69F
  5
67D
331
6A0
  5
67E
331
6A1
  5
67F
331
6A2
  5
680
331
6A3
  5
681
331
6A4
  5
682
331
6A5
  5
683
331
6A6
  5
684
331
6A7
  5
685
331
6A8
  5
686
331
6A9
  5
687
331
6AA
  5
688
331
6AB
  5
689
331
6AC
  5
68A
331
6AD
  5
68B
331
6AE
  5
68F
331
6AF
  5
690
331
6B0
  5
691
331
6B1
  5
692
331
6B2
  5
693
331
6B3
  5
694
331
6B4
  5
695
331
6B5
  5
696
331
6B6
  5
697
331
6B7
  5
698
331
6B8
  5
699
331
6B9
  5
69A
331
6BA
  5
69B
331
6BB
  5
69C
331
6BC
  5
69D
331
6BD
  5
69E
331
6BE
  5
69F
331
6BF
  5
6A0
331
6C0
  5
6A1
331
6C1
  5
6A2
331
6C2
  5
6A3
331
6C3
  5
6A4
331
6C4
  5
6A5
331
6C5
  5
6A6
331
6C6
  5
6A7
331
6C7
  5
6A8
331
6C8
  5
6A9
331
6C9
  5
6AA
331
6CA
  5
6AB
331
6CB
  5
6AC
331
6CC
  5
6AD
331
6CD
  5
6AE
331
6CE
  5
6AF
331
6CF
  5
6B0
331
6D0
  5
6B1
331
6D1
  5
6B2
331
6D2
  5
6B3
331
6D3
  5
6B4
331
6D4
  5
6B5
331
6D5
  5
6B6
331
6D6
  5
6B7
331
6D7
  5
6B8
331
6D8
  5
6B9
331
6D9
  5
6BA
331
6DA
  5
6BB
331
6DB
  5
6BC
331
6DC
  5
6BD
331
6DD
  5
6BE
331
6DE
  5
6BF
331
6DF
  5
6C0
331
6E0
  5
6C1
331
6E1
  5
6C2
331
6E2
  5
6C3
331
6E3
  5
6C4
331
6E4
  5
6C5
331
6E5
  5
6C6
331
6E6
  5
6C7
331
6E7
  5
6C8
331
6E8
  5
6C9
331
6E9
  5
6CA
331
6EA
  5
6CB
331
6EB
  5
6CC
331
6EC
  5
6CD
331
6ED
  5
6CE
331
6EE
  5
6CF
331
6EF
  5
6D0
331
6F0
  5
6D1
  0
DICTIONARY
  5
989
102
{ACAD_REACTORS
330
4F8
102
}
330
4F8
100
AcDbDictionary
  3
Edit
350
98A
  0
SORTENTSTABLE
  5
8B7
102
{ACAD_REACTORS
330
7FB
102
}
330
7FB
100
AcDbSortentsTable
330
7FA
331
816
  5
819
331
817
  5
81A
331
818
  5
81B
331
819
  5
81C
331
81A
  5
81D
331
81B
  5
81E
331
81C
  5
81F
331
81D
  5
820
331
81E
  5
821
331
81F
  5
822
331
820
  5
823
331
821
  5
824
331
822
  5
825
331
823
  5
826
331
824
  5
827
331
825
  5
828
331
826
  5
829
331
827
  5
82A
331
828
  5
82B
331
829
  5
82C
331
82A
  5
82D
331
82B
  5
82E
331
82C
  5
82F
331
82D
  5
830
331
82E
  5
831
331
82F
  5
832
331
830
  5
833
331
831
  5
834
331
832
  5
835
331
833
  5
836
331
834
  5
837
331
835
  5
838
331
836
  5
839
331
837
  5
83A
331
838
  5
83B
331
839
  5
83C
331
83A
  5
83D
331
83B
  5
83E
331
83C
  5
83F
331
83D
  5
840
331
83E
  5
841
331
83F
  5
842
331
840
  5
843
331
841
  5
844
331
842
  5
845
331
843
  5
846
331
844
  5
847
331
845
  5
816
331
846
  5
817
331
847
  5
818
  0
DICTIONARY
  5
991
102
{ACAD_REACTORS
330
7FB
102
}
330
7FB
100
AcDbDictionary
  3
Edit
350
992
  0
XRECORD
  5
951
102
{ACAD_REACTORS
330
950
102
}
330
950
100
AcDbXrecord
102
Gradient1
1004
580000000300000001000000000000000000000000000000000000000000000001000000000000000000F03F0200000000000000000000001800000001000000F5DD0AC2000000000000000000000000000000000000F03F1800000001000000FFFFFFC2000000000000000000000000
102
Gradient4
1004
18000000040000000C000000494E5643594C494E44455200
  0
XRECORD
  5
953
102
{ACAD_REACTORS
330
952
102
}
330
952
100
AcDbXrecord
102
Gradient1
1004
7E0000000200000001000000000000000000000000000000000000000000000001000000000000000000F03F0200000000000000000000001800000001000000FF0000C2000000000000000000000000000000000000F03F1800000001000000FFFFFFC20000000000000000000000000A000000494E5643555256454400
  0
XRECORD
  5
95C
102
{ACAD_REACTORS
330
95B
102
}
330
95B
100
AcDbXrecord
102
Gradient1
1004
580000000300000001000000000000000000000000000000000000000000000000000000000000000000F03F02000000000000000000000018000000010000000000FFC2000000000000000000000000000000000000F03F1800000001000000FF00FFC2000000000000000000000000
102
Gradient4
1004
18000000040000000C000000494E5643594C494E44455200
  0
XRECORD
  5
96C
102
{ACAD_REACTORS
330
96B
102
}
330
96B
100
AcDbXrecord
 40
7877.0
  1
\A1;\pxt19;{\fCandara|b0|i0|c0|p34;TV UNIT }
  0
XRECORD
  5
96E
102
{ACAD_REACTORS
330
96D
102
}
330
96D
100
AcDbXrecord
 40
7877.0
  1
\A1;\pxt19;{\fCandara|b0|i0|c0|p34;TV UNIT }
  0
XRECORD
  5
970
102
{ACAD_REACTORS
330
96F
102
}
330
96F
100
AcDbXrecord
 40
112957.0
  1
\A1;\pxt19;{\fCandara|b0|i0|c0|p34;WARDROBE\P4'-0" X 2'-0"}
  0
XRECORD
  5
972
102
{ACAD_REACTORS
330
971
102
}
330
971
100
AcDbXrecord
 40
3480.0
  1
\A1;\pxt19;{\fCandara|b0|i0|c0|p34;TV }
  0
XRECORD
  5
974
102
{ACAD_REACTORS
330
973
102
}
330
973
100
AcDbXrecord
 40
113056.0
  1
\A1;\pxt19;{\fCandara|b0|i0|c0|p34;WARDROBE\P3'-3" X 2'-0"}
  0
XRECORD
  5
976
102
{ACAD_REACTORS
330
975
102
}
330
975
100
AcDbXrecord
 40
113401.0
  1
\A1;\pxt19;{\fCandara|b0|i0|c0|p34;WARDROBE\P6'-6" X 2'-0"}
  0
XRECORD
  5
98C
102
{ACAD_REACTORS
330
98B
102
}
330
98B
100
AcDbXrecord
 40
8366.0
  1
\A1;\pxt19;{\fCandara|b0|i0|c0|p34;WARDROBE}
  0
XRECORD
  5
98E
102
{ACAD_REACTORS
330
98D
102
}
330
98D
100
AcDbXrecord
 40
8366.0
  1
\A1;\pxt19;{\fCandara|b0|i0|c0|p34;WARDROBE}
  0
XRECORD
  5
990
102
{ACAD_REACTORS
330
98F
102
}
330
98F
100
AcDbXrecord
 40
8366.0
  1
\A1;\pxt19;{\fCandara|b0|i0|c0|p34;WARDROBE}
  0
XRECORD
  5
933
102
{ACAD_REACTORS
330
932
102
}
330
932
100
AcDbXrecord
 40
4921.0
  1
\pxql;{\fMistral|b0|i0|c0|p66;DRAWN BY     -}
  0
DICTIONARY
  5
AD
102
{ACAD_REACTORS
330
AC
102
}
330
AC
100
AcDbDictionary
  3
ACDB_ANNOTATIONSCALES
350
AE
  0
XRECORD
  5
935
102
{ACAD_REACTORS
330
934
102
}
330
934
100
AcDbXrecord
 40
1393.0
  1
\pxql;{\fMistral|b0|i0|c0|p66;DATE  -}
  0
XRECORD
  5
937
102
{ACAD_REACTORS
330
936
102
}
330
936
100
AcDbXrecord
 40
410646.0
  1
\pxql;{\fMistral|b0|i0|c0|p66;N-3/38 DLF-2 BASEMENT, GURGAON                        \P\pq*;+91-124-4000880,  +91 -9911704805                       }                                   
  0
XRECORD
  5
939
102
{ACAD_REACTORS
330
938
102
}
330
938
100
AcDbXrecord
 40
188839.0
  1
\pxql;{\fMistral|b0|i0|c0|p66; M-39, BASEMENT, GREATER KAILASH-2, DELHI  \P +91-1141600880, +91-9911704805           }
  0
XRECORD
  5
93A
102
{ACAD_REACTORS
330
D8
102
}
330
D8
100
AcDbXrecord
 40
69360.0
  1
\pt95.45058;{\fMistral|b0|i0|c0|p66;\H1.08333x;©ASROINDIA.ALL RIGHT'S RESERVED}
  0
XRECORD
  5
93C
102
{ACAD_REACTORS
330
93B
102
}
330
93B
100
AcDbXrecord
 40
270594.0
  1
\pxql;{\fTw Cen MT Condensed|b0|i0|c0|p34;DRAWING AND DIMENSIONS ARE ONLY\PTO BE READ AND NOT SCALED.\PUNLESS OTHERWISE MENTIONED}
  0
XRECORD
  5
93E
102
{ACAD_REACTORS
330
93D
102
}
330
93D
100
AcDbXrecord
 40
369561.0
  1
\pxql;{\fTw Cen MT Condensed|b0|i0|c0|p34;IN CASE OF ANY CHANGES \PTHAT ARE NOT REELECTED IN DRAWINGS .\PMIGHT BE OUCCER DUE TO ON SITE CONDITION.}
  0
ACAD_PROXY_OBJECT
  5
772
102
{ACAD_REACTORS
330
771
102
}
330
771
100
AcDbProxyObject
 90
      499
 91
      509
 93
      571
310
4040088A0B1A23127B9B730B82837B4B73A2932B304202812031619AB68DE999D07F5511416344624F736E6170506F696E7452656600A0289DB7E655045904119910FE873EF4C080
330
770
330
757
 94
        0
  0
XRECORD
  5
940
102
{ACAD_REACTORS
330
93F
102
}
330
93F
100
AcDbXrecord
 40
400232.0
  1
\A1;\pxqc;POP\PFLUTING\PON EDGE
  0
XRECORD
  5
942
102
{ACAD_REACTORS
330
941
102
}
330
941
100
AcDbXrecord
 40
156534.0
  1
\A1;\pxqc;HALF\PSET 
  0
XRECORD
  5
944
102
{ACAD_REACTORS
330
943
102
}
330
943
100
AcDbXrecord
 40
190659.0
  1
\A1;\pxqc;HALF SET\PON EDGE
  0
ACAD_PROXY_OBJECT
  5
7E6
102
{ACAD_REACTORS
330
7E5
102
}
330
7E5
100
AcDbProxyObject
 90
      499
 91
      509
 93
      571
310
4040088A0B1A23127B9B730B82837B4B73A2932B3042028120316B9CB68DE999D07F5511416344624F736E6170506F696E7452656600A20DB7F5C3E99C5904E74D7C286D91F4C080
330
7E4
330
757
 94
        0
  0
XRECORD
  5
946
102
{ACAD_REACTORS
330
945
102
}
330
945
100
AcDbXrecord
 40
179592.0
  1
\A1;\pxqc;SURFACE\PLIGHT
  0
XRECORD
  5
948
102
{ACAD_REACTORS
330
947
102
}
330
947
100
AcDbXrecord
 40
179592.0
  1
\A1;\pxqc;SURFACE\PLIGHT
  0
XRECORD
  5
94A
102
{ACAD_REACTORS
330
949
102
}
330
949
100
AcDbXrecord
 40
56080.0
  1
\A1;\pxqc;POP BOS LVL.
  0
XRECORD
  5
94C
102
{ACAD_REACTORS
330
94B
102
}
330
94B
100
AcDbXrecord
 40
388495.0
  1
\A1;\pxqc;POP\PFLUTING\P1"X1/2"
  0
MATERIAL
  5
49
102
{ACAD_REACTORS
330
D
102
}
102
{ACAD_XDICTIONARY
360
4A
102
}
330
D
100
AcDbMaterial
  1
BYBLOCK
  0
MATERIAL
  5
46
102
{ACAD_REACTORS
330
D
102
}
102
{ACAD_XDICTIONARY
360
47
102
}
330
D
100
AcDbMaterial
  1
BYLAYER
  0
MATERIAL
  5
C
102
{ACAD_REACTORS
330
D
102
}
102
{ACAD_XDICTIONARY
360
E
102
}
330
D
100
AcDbMaterial
  1
GLOBAL
  0
ACAD_PROXY_OBJECT
  5
90C
102
{ACAD_REACTORS
330
4F
102
}
330
4F
100
AcDbProxyObject
 90
      499
 91
      516
 93
      610
310
40901902A4063FBFFFFFE056BD1B81E855B9FC0AD7A3703D0AD73F4214DD185B99185C9900AD7A3703D0AC73F90141901A02B5E8DC0F42B1CFC02B5E8DC0F42B1CFE5764000000000000300FC0
340
25
340
0
340
22
340
0
 94
        0
1001
ACAD_MLEADERVER
1070
     2
  0
MLINESTYLE
  5
6B
102
{ACAD_REACTORS
330
44
102
}
330
44
100
AcDbMlineStyle
  2
STANDARD
 70
     0
  3

 62
     0
 51
90.0
 52
90.0
 71
     2
 49
0.5
 62
   256
  6
BYLAYER
 49
-0.5
 62
   256
  6
BYLAYER
  0
MLINESTYLE
  5
66
102
{ACAD_REACTORS
330
44
102
}
330
44
100
AcDbMlineStyle
  2
WINDOW
 70
   272
  3

 62
   256
 51
90.0
 52
90.0
 71
     4
 49
2.25
 62
     4
  6
BYLAYER
 49
0.75
 62
   256
  6
BYLAYER
 49
-0.75
 62
   256
  6
BYLAYER
 49
-2.25
 62
     4
  6
BYLAYER
  0
ACAD_PROXY_OBJECT
  5
6C
102
{ACAD_REACTORS
330
4D
102
}
330
4D
100
AcDbProxyObject
 90
      499
 91
      515
 93
       41
310
903313A31580
  0
ACAD_PROXY_OBJECT
  5
6D
102
{ACAD_REACTORS
330
4D
102
}
330
4D
100
AcDbProxyObject
 90
      499
 91
      515
 93
      257
310
90E312F31323822203D2031272D3022000000000000200FC000000000000284000
  0
ACAD_PROXY_OBJECT
  5
6E
102
{ACAD_REACTORS
330
4D
102
}
330
4D
100
AcDbProxyObject
 90
      499
 91
      515
 93
      249
310
90D312F363422203D2031272D3022000000000000240FC000000000000284000
  0
ACAD_PROXY_OBJECT
  5
6F
102
{ACAD_REACTORS
330
4D
102
}
330
4D
100
AcDbProxyObject
 90
      499
 91
      515
 93
      249
310
90D312F333222203D2031272D3022000000000000280FC000000000000284000
  0
ACAD_PROXY_OBJECT
  5
70
102
{ACAD_REACTORS
330
4D
102
}
330
4D
100
AcDbProxyObject
 90
      499
 91
      515
 93
      249
310
90D312F313622203D2031272D30220000000000002C0FC000000000000284000
  0
ACAD_PROXY_OBJECT
  5
71
102
{ACAD_REACTORS
330
4D
102
}
330
4D
100
AcDbProxyObject
 90
      499
 91
      515
 93
      249
310
90D332F333222203D2031272D30220000000000002E0FC000000000000284000
  0
ACAD_PROXY_OBJECT
  5
72
102
{ACAD_REACTORS
330
4D
102
}
330
4D
100
AcDbProxyObject
 90
      499
 91
      515
 93
      241
310
90C312F3822203D2031272D3022000000000000300FC000000000000284000
  0
ACAD_PROXY_OBJECT
  5
73
102
{ACAD_REACTORS
330
4D
102
}
330
4D
100
AcDbProxyObject
 90
      499
 91
      515
 93
      249
310
90D332F313622203D2031272D3022000000000000320FC000000000000284000
  0
ACAD_PROXY_OBJECT
  5
74
102
{ACAD_REACTORS
330
4D
102
}
330
4D
100
AcDbProxyObject
 90
      499
 91
      515
 93
      241
310
90C312F3422203D2031272D3022000000000000340FC000000000000284000
  0
ACAD_PROXY_OBJECT
  5
75
102
{ACAD_REACTORS
330
4D
102
}
330
4D
100
AcDbProxyObject
 90
      499
 91
      515
 93
      241
310
90C332F3822203D2031272D3022000000000000360FC000000000000284000
  0
ACAD_PROXY_OBJECT
  5
76
102
{ACAD_REACTORS
330
4D
102
}
330
4D
100
AcDbProxyObject
 90
      499
 91
      515
 93
      241
310
90C312F3222203D2031272D3022000000000000380FC000000000000284000
  0
ACAD_PROXY_OBJECT
  5
77
102
{ACAD_REACTORS
330
4D
102
}
330
4D
100
AcDbProxyObject
 90
      499
 91
      515
 93
      241
310
90C332F3422203D2031272D30220000000000003A0FC000000000000284000
  0
ACAD_PROXY_OBJECT
  5
78
102
{ACAD_REACTORS
330
4D
102
}
330
4D
100
AcDbProxyObject
 90
      499
 91
      515
 93
      161
310
90A3122203D2031272D30224000000000000284000
  0
ACAD_PROXY_OBJECT
  5
79
102
{ACAD_REACTORS
330
4D
102
}
330
4D
100
AcDbProxyObject
 90
      499
 91
      515
 93
      257
310
90E312D312F3222203D2031272D30220000000000003E0FC000000000000284000
  0
ACAD_PROXY_OBJECT
  5
7A
102
{ACAD_REACTORS
330
4D
102
}
330
4D
100
AcDbProxyObject
 90
      499
 91
      515
 93
      225
310
90A3322203D2031272D302200000000000002100000000000000284000
  0
ACAD_PROXY_OBJECT
  5
7B
102
{ACAD_REACTORS
330
4D
102
}
330
4D
100
AcDbProxyObject
 90
      499
 91
      515
 93
      225
310
90A3622203D2031272D302200000000000006100000000000000284000
  0
ACAD_PROXY_OBJECT
  5
7C
102
{ACAD_REACTORS
330
4D
102
}
330
4D
100
AcDbProxyObject
 90
      499
 91
      515
 93
      249
310
90D31272D3022203D2031272D30220000000000000A100000000000000284000
  0
ACAD_PROXY_OBJECT
  5
2B
102
{ACAD_REACTORS
330
2C
102
}
330
2C
100
AcDbProxyObject
 90
      499
 91
      504
 93
      348
310
904902404333333333333E3BF0000000000000FB0107901411070040501600405405064090741402480A0340
1001
ACAD
1000
AcDbSavedByObjectVersion
1070
     0
  0
ACAD_PROXY_OBJECT
  5
8FC
102
{ACAD_REACTORS
330
2C
102
}
330
2C
100
AcDbProxyObject
 90
      499
 91
      504
 93
      388
310
4150985CDA58D07406404333333333333E33F0000000000000F90107A41107004050150841D405064090741402480A0350
1001
ACAD
1000
AcDbSavedByObjectVersion
1070
     0
  0
ACAD_PROXY_OBJECT
  5
8FF
102
{ACAD_REACTORS
330
2C
102
}
330
2C
100
AcDbProxyObject
 90
      499
 91
      504
 93
      428
310
42109C9A59DA1D195B90C409028333333333333E33F0000000000000F9010790141107004050150841D405064090741402480A029950
1001
ACAD
1000
AcDbSavedByObjectVersion
1070
     0
  0
ACAD_PROXY_OBJECT
  5
903
102
{ACAD_REACTORS
330
2C
102
}
330
2C
100
AcDbProxyObject
 90
      499
 91
      504
 93
      452
310
42D0DBDB1BDC90DA185B99D95104090240C333333333333E33F0000000000000F90108901411070040501508421405064090741402480A0350
1001
ACAD
1000
AcDbSavedByObjectVersion
1070
     0
  0
ACAD_PROXY_OBJECT
  5
8FD
102
{ACAD_REACTORS
330
2C
102
}
330
2C
100
AcDbProxyObject
 90
      499
 91
      504
 93
      500
310
4290DBDB98D95C1D1D585B10940D028333333333333E33F0000000000000F90107902409070040501000000000018199010841D405064090740C02480A0340
1001
ACAD
1000
AcDbSavedByObjectVersion
1070
     0
  0
ACAD_PROXY_OBJECT
  5
8FE
102
{ACAD_REACTORS
330
2C
102
}
330
2C
100
AcDbProxyObject
 90
      499
 91
      504
 93
      412
310
40D11A5B50B409028333333333333E33F0000000000000F9010790141107004050150841D405064090741402480A02677FFFFFD0
1001
ACAD
1000
AcDbSavedByObjectVersion
1070
     0
  0
ACAD_PROXY_OBJECT
  5
906
102
{ACAD_REACTORS
330
2C
102
}
330
2C
100
AcDbProxyObject
 90
      499
 91
      504
 93
      452
310
43115919D950DBDB1BDC93D999916409028333333333333E33F0000000000000F9010790141107004050150841D405064090741402480A0350
1001
ACAD
1000
AcDbSavedByObjectVersion
1070
     0
  0
ACAD_PROXY_OBJECT
  5
902
102
{ACAD_REACTORS
330
2C
102
}
330
2C
100
AcDbProxyObject
 90
      499
 91
      504
 93
      444
310
42D19858D95C185D1D195C9B90F409028333333333333E33F0000000000000F9010790141107004050150841D405064090741402480A0350
1001
ACAD
1000
AcDbSavedByObjectVersion
1070
     0
  0
ACAD_PROXY_OBJECT
  5
8F7
102
{ACAD_REACTORS
330
2C
102
}
330
2C
100
AcDbProxyObject
 90
      499
 91
      504
 93
      380
310
41119B185D240901404333333333333E33F0000000000000F9010740A907004050150841D405064090741402480A1B50
1001
ACAD
1000
AcDbSavedByObjectVersion
1070
     0
  0
ACAD_PROXY_OBJECT
  5
8F8
102
{ACAD_REACTORS
330
2C
102
}
330
2C
100
AcDbProxyObject
 90
      499
 91
      504
 93
      468
310
43519B185D15DA5D1A115919D95CD0140901404333333333333E33F0000000000000F90107409019070040501600405405064090741402480A1B50
1001
ACAD
1000
AcDbSavedByObjectVersion
1070
     0
  0
ACAD_PROXY_OBJECT
  5
8F9
102
{ACAD_REACTORS
330
2C
102
}
330
2C
100
AcDbProxyObject
 90
      499
 91
      504
 93
      404
310
41D1DBDD5C985D5910240902404333333333333E33F0000000000000F9010740A9070040501641D405064090741402480A1B50
1001
ACAD
1000
AcDbSavedByObjectVersion
1070
     0
  0
ACAD_PROXY_OBJECT
  5
8FA
102
{ACAD_REACTORS
330
2C
102
}
330
2C
100
AcDbProxyObject
 90
      499
 91
      504
 93
      492
310
4411DBDD5C985D5915DA5D1A115919D95CD0340902404333333333333E33F0000000000000F90107409019070040501600405405064090741402480A1B50
1001
ACAD
1000
AcDbSavedByObjectVersion
1070
     0
  0
ACAD_PROXY_OBJECT
  5
8FB
102
{ACAD_REACTORS
330
2C
102
}
330
2C
100
AcDbProxyObject
 90
      499
 91
      504
 93
      476
310
41921A5919195B90640502408333333333333E33F0000000000000F901079024090700405020000000000001110200405405064090740C02480A0340
1001
ACAD
1000
AcDbSavedByObjectVersion
1070
     0
  0
ACAD_PROXY_OBJECT
  5
904
102
{ACAD_REACTORS
330
2C
102
}
330
2C
100
AcDbProxyObject
 90
      499
 91
      504
 93
      428
310
42529A5D1D195C93D999914409028333333333333E33F0000000000000F9010790141107004050150A41D405064090741402480A0350
1001
ACAD
1000
AcDbSavedByObjectVersion
1070
     0
  0
ACAD_PROXY_OBJECT
  5
901
102
{ACAD_REACTORS
330
2C
102
}
330
2C
100
AcDbProxyObject
 90
      499
 91
      504
 93
      444
310
42D31A5B995C185D1D195C9B90E409028333333333333E33F0000000000000F9010790141107004050750841D405064090741402483A0350
1001
ACAD
1000
AcDbSavedByObjectVersion
1070
     0
  0
ACAD_PROXY_OBJECT
  5
905
102
{ACAD_REACTORS
330
2C
102
}
330
2C
100
AcDbProxyObject
 90
      499
 91
      504
 93
      444
310
42D3DD995C9A185B99D3D999915409028333333333333E33F0000000000000F9010790141107004050150941D405064090741402480A0350
1001
ACAD
1000
AcDbSavedByObjectVersion
1070
     0
  0
ACAD_PROXY_OBJECT
  5
69
102
{ACAD_REACTORS
330
2C
102
}
330
2C
100
AcDbProxyObject
 90
      499
 91
      504
 93
      348
310
90840902404333333333333E3BF0000000000000FB01079019070040501508421405064090741402480A1B40
1001
ACAD
1000
AcDbSavedByObjectVersion
1070
     0
  0
ACAD_PROXY_OBJECT
  5
90B
102
{ACAD_REACTORS
330
2C
102
}
330
2C
100
AcDbProxyObject
 90
      499
 91
      504
 93
      420
310
4194DA1859195911B40902404333333333333E33F0000000000000F9010740A41107004050150800405405064090840C02480A0B40
1001
ACAD
1000
AcDbSavedByObjectVersion
1070
     0
  0
ACAD_PROXY_OBJECT
  5
90A
102
{ACAD_REACTORS
330
2C
102
}
330
2C
100
AcDbProxyObject
 90
      499
 91
      504
 93
      516
310
4454DA18591959081DDA5D1A08195919D95CD1A40902404333333333333E33F0000000000000F901074090142907004050250800405405064090740C02480A0B40
1001
ACAD
1000
AcDbSavedByObjectVersion
1070
     0
  0
ACAD_PROXY_OBJECT
  5
907
102
{ACAD_REACTORS
330
2C
102
}
330
2C
100
AcDbProxyObject
 90
      499
 91
      504
 93
      532
310
4394DA1859195CC81BD98811DC985E5174090240C333333333333E33F0000000000000F901079024090741D01000000000000111010841D405064090740C02480A0340
1001
ACAD
1000
AcDbSavedByObjectVersion
1070
     0
  0
ACAD_PROXY_OBJECT
  5
908
102
{ACAD_REACTORS
330
2C
102
}
330
2C
100
AcDbProxyObject
 90
      499
 91
      504
 93
      476
310
41D4DAD95D18DA1E51840502408333333333333E33F0000000000000F901079024090741D01000000000000111010B41D405064090741802480A0340
1001
ACAD
1000
AcDbSavedByObjectVersion
1070
     0
  0
ACAD_PROXY_OBJECT
  5
900
102
{ACAD_REACTORS
330
2C
102
}
330
2C
100
AcDbProxyObject
 90
      499
 91
      504
 93
      412
310
41D51A1A58DAD95B90D409028333333333333E33F0000000000000F9010790141107004050150C41D405064090741402480A0350
1001
ACAD
1000
AcDbSavedByObjectVersion
1070
     0
  0
ACAD_PROXY_OBJECT
  5
6A
102
{ACAD_REACTORS
330
2C
102
}
330
2C
100
AcDbProxyObject
 90
      499
 91
      504
 93
      340
310
9059028333333333333E3BF0000000000000FB0107901411070040501600405405064090740C02480A0340
1001
ACAD
1000
AcDbSavedByObjectVersion
1070
     0
  0
ACAD_PROXY_OBJECT
  5
909
102
{ACAD_REACTORS
330
2C
102
}
330
2C
100
AcDbProxyObject
 90
      499
 91
      504
 93
      404
310
41560B54985E51940902404000000000000E03F0000000000000F9010740501907004050150841D405064090740C02480A1B40
1001
ACAD
1000
AcDbSavedByObjectVersion
1070
     0
  0
XRECORD
  5
917
102
{ACAD_REACTORS
330
90D
102
}
330
90D
100
AcDbXrecord
340
0
  0
XRECORD
  5
916
102
{ACAD_REACTORS
330
90D
102
}
330
90D
100
AcDbXrecord
 90
        0
  0
XRECORD
  5
92F
102
{ACAD_REACTORS
330
90D
102
}
330
90D
100
AcDbXrecord
340
4C
  0
XRECORD
  5
92D
102
{ACAD_REACTORS
330
90D
102
}
330
90D
100
AcDbXrecord
1000
DSTYLE
1002
{
1070
    41
 40
2.0
1070
   342
340
39
1070
   141
 40
-3.0
1070
   176
 70
     7
1070
   177
 70
     7
1070
   178
 70
   256
1070
   271
 70
     1
1070
    43
 40
0.0
1070
    44
 40
1.0
1070
    42
 40
0.0
1070
   147
 40
0.5
1070
   341
340
33
1070
   277
 70
     4
1070
   371
 70
    -1
1070
   372
 70
    -1
1070
   175
 70
     1
1070
   272
 70
     1
1070
   146
 40
0.5
1070
    73
 70
     0
1070
   174
 70
     1
1070
   279
 70
     1
1070
   172
 70
     1
1070
    74
 70
     0
1070
   340
340
32
1070
   140
 40
4.0
1070
    78
 70
     3
1070
    49
 40
5.0
1070
    90
 70
     1
1070
   345
340
26
1070
   346
340
26
1070
   347
340
26
1002
}
  0
XRECORD
  5
918
102
{ACAD_REACTORS
330
90D
102
}
330
90D
100
AcDbXrecord
  1
{C19779E3-037B-C84C-ACD7-B83832E44ADC}
  0
XRECORD
  5
910
102
{ACAD_REACTORS
330
90D
102
}
330
90D
100
AcDbXrecord
  1

  0
XRECORD
  5
915
102
{ACAD_REACTORS
330
90D
102
}
330
90D
100
AcDbXrecord
 90
        1
  0
XRECORD
  5
912
102
{ACAD_REACTORS
330
90D
102
}
330
90D
100
AcDbXrecord
340
13
  0
XRECORD
  5
914
102
{ACAD_REACTORS
330
90D
102
}
330
90D
100
AcDbXrecord
 90
    10781
  0
XRECORD
  5
930
102
{ACAD_REACTORS
330
90D
102
}
330
90D
100
AcDbXrecord
340
D
  0
XRECORD
  5
913
102
{ACAD_REACTORS
330
90D
102
}
330
90D
100
AcDbXrecord
340
45
  0
XRECORD
  5
91A
102
{ACAD_REACTORS
330
90D
102
}
330
90D
100
AcDbXrecord
 40
0.0
  0
XRECORD
  5
91D
102
{ACAD_REACTORS
330
90D
102
}
330
90D
100
AcDbXrecord
340
0
  0
XRECORD
  5
923
102
{ACAD_REACTORS
330
90D
102
}
330
90D
100
AcDbXrecord
 10
0.0
 20
0.0
 30
0.0
  0
XRECORD
  5
91F
102
{ACAD_REACTORS
330
90D
102
}
330
90D
100
AcDbXrecord
 10
0.0
 20
0.0
 30
0.0
  0
XRECORD
  5
922
102
{ACAD_REACTORS
330
90D
102
}
330
90D
100
AcDbXrecord
 10
0.0
 20
0.0
 30
0.0
  0
XRECORD
  5
920
102
{ACAD_REACTORS
330
90D
102
}
330
90D
100
AcDbXrecord
 10
0.0
 20
0.0
 30
0.0
  0
XRECORD
  5
921
102
{ACAD_REACTORS
330
90D
102
}
330
90D
100
AcDbXrecord
 10
0.0
 20
0.0
 30
0.0
  0
XRECORD
  5
91E
102
{ACAD_REACTORS
330
90D
102
}
330
90D
100
AcDbXrecord
 10
0.0
 20
0.0
 30
0.0
  0
XRECORD
  5
91B
102
{ACAD_REACTORS
330
90D
102
}
330
90D
100
AcDbXrecord
340
0
  0
XRECORD
  5
91C
102
{ACAD_REACTORS
330
90D
102
}
330
90D
100
AcDbXrecord
 70
     0
  0
XRECORD
  5
911
102
{ACAD_REACTORS
330
90D
102
}
330
90D
100
AcDbXrecord
  1

  0
XRECORD
  5
90E
102
{ACAD_REACTORS
330
90D
102
}
330
90D
100
AcDbXrecord
 90
        1
  0
XRECORD
  5
90F
102
{ACAD_REACTORS
330
90D
102
}
330
90D
100
AcDbXrecord
 90
       70
  0
XRECORD
  5
926
102
{ACAD_REACTORS
330
90D
102
}
330
90D
100
AcDbXrecord
340
0
  0
XRECORD
  5
92C
102
{ACAD_REACTORS
330
90D
102
}
330
90D
100
AcDbXrecord
 10
0.0
 20
0.0
 30
0.0
  0
XRECORD
  5
928
102
{ACAD_REACTORS
330
90D
102
}
330
90D
100
AcDbXrecord
 10
0.0
 20
0.0
 30
0.0
  0
XRECORD
  5
92B
102
{ACAD_REACTORS
330
90D
102
}
330
90D
100
AcDbXrecord
 10
0.0
 20
0.0
 30
0.0
  0
XRECORD
  5
929
102
{ACAD_REACTORS
330
90D
102
}
330
90D
100
AcDbXrecord
 10
0.0
 20
0.0
 30
0.0
  0
XRECORD
  5
92A
102
{ACAD_REACTORS
330
90D
102
}
330
90D
100
AcDbXrecord
 10
0.0
 20
0.0
 30
0.0
  0
XRECORD
  5
927
102
{ACAD_REACTORS
330
90D
102
}
330
90D
100
AcDbXrecord
 10
0.0
 20
0.0
 30
0.0
  0
XRECORD
  5
924
102
{ACAD_REACTORS
330
90D
102
}
330
90D
100
AcDbXrecord
340
0
  0
XRECORD
  5
925
102
{ACAD_REACTORS
330
90D
102
}
330
90D
100
AcDbXrecord
 70
     0
  0
XRECORD
  5
919
102
{ACAD_REACTORS
330
90D
102
}
330
90D
100
AcDbXrecord
  1
{A33DD4BC-36E7-CC41-8E47-0A6D5C7EB9FB}
  0
DICTIONARYVAR
  5
51
102
{ACAD_REACTORS
330
50
102
}
330
50
100
DictionaryVariables
280
     0
  1
1
  0
DICTIONARYVAR
  5
52
102
{ACAD_REACTORS
330
50
102
}
330
50
100
DictionaryVariables
280
     0
  1
1:1
  0
DICTIONARYVAR
  5
92E
102
{ACAD_REACTORS
330
50
102
}
330
50
100
DictionaryVariables
280
     0
  1
Standard
  0
DICTIONARYVAR
  5
54
102
{ACAD_REACTORS
330
50
102
}
330
50
100
DictionaryVariables
280
     0
  1
Standard
  0
DICTIONARYVAR
  5
57
102
{ACAD_REACTORS
330
50
102
}
330
50
100
DictionaryVariables
280
     0
  1
2
  0
DICTIONARYVAR
  5
58
102
{ACAD_REACTORS
330
50
102
}
330
50
100
DictionaryVariables
280
     0
  1
_Dimension
  0
DICTIONARYVAR
  5
59
102
{ACAD_REACTORS
330
50
102
}
330
50
100
DictionaryVariables
280
     0
  1
1
  0
DICTIONARYVAR
  5
5A
102
{ACAD_REACTORS
330
50
102
}
330
50
100
DictionaryVariables
280
     0
  1
RGB:147,149,152
  0
DICTIONARYVAR
  5
5B
102
{ACAD_REACTORS
330
50
102
}
330
50
100
DictionaryVariables
280
     0
  1
ByLayer
  0
DICTIONARYVAR
  5
5C
102
{ACAD_REACTORS
330
50
102
}
330
50
100
DictionaryVariables
280
     0
  1
0
  0
DICTIONARYVAR
  5
5D
102
{ACAD_REACTORS
330
50
102
}
330
50
100
DictionaryVariables
280
     0
  1
1
  0
DICTIONARYVAR
  5
5E
102
{ACAD_REACTORS
330
50
102
}
330
50
100
DictionaryVariables
280
     0
  1
15
  0
DICTIONARYVAR
  5
5F
102
{ACAD_REACTORS
330
50
102
}
330
50
100
DictionaryVariables
280
     0
  1
0
  0
DICTIONARYVAR
  5
60
102
{ACAD_REACTORS
330
50
102
}
330
50
100
DictionaryVariables
280
     0
  1
0
  0
DICTIONARYVAR
  5
61
102
{ACAD_REACTORS
330
50
102
}
330
50
100
DictionaryVariables
280
     0
  1
0
  0
DICTIONARYVAR
  5
62
102
{ACAD_REACTORS
330
50
102
}
330
50
100
DictionaryVariables
280
     0
  1
0
  0
DICTIONARYVAR
  5
63
102
{ACAD_REACTORS
330
50
102
}
330
50
100
DictionaryVariables
280
     0
  1
127
  0
DICTIONARYVAR
  5
8F3
102
{ACAD_REACTORS
330
50
102
}
330
50
100
DictionaryVariables
280
     0
  1
2
  0
XRECORD
  5
94F
102
{ACAD_REACTORS
330
94E
102
}
330
94E
100
AcDbXrecord
1070
     0
1070
     1
1070
     1
  0
XRECORD
  5
955
102
{ACAD_REACTORS
330
954
102
}
330
954
100
AcDbXrecord
1070
     0
1070
     1
1070
     1
  0
XRECORD
  5
958
102
{ACAD_REACTORS
330
957
102
}
330
957
100
AcDbXrecord
1070
     0
1070
     1
1070
     1
  0
XRECORD
  5
95A
102
{ACAD_REACTORS
330
959
102
}
330
959
100
AcDbXrecord
1070
     0
1070
     1
1070
     1
  0
XRECORD
  5
95F
102
{ACAD_REACTORS
330
95E
102
}
330
95E
100
AcDbXrecord
1070
     0
1070
     1
1070
     1
  0
XRECORD
  5
962
102
{ACAD_REACTORS
330
961
102
}
330
961
100
AcDbXrecord
1070
     0
1070
     1
1070
     1
  0
XRECORD
  5
965
102
{ACAD_REACTORS
330
964
102
}
330
964
100
AcDbXrecord
1070
     0
1070
     1
1070
     1
  0
XRECORD
  5
968
102
{ACAD_REACTORS
330
967
102
}
330
967
100
AcDbXrecord
1070
     0
1070
     1
1070
     1
  0
XRECORD
  5
96A
102
{ACAD_REACTORS
330
969
102
}
330
969
100
AcDbXrecord
1070
     0
1070
     1
1070
     1
  0
XRECORD
  5
979
102
{ACAD_REACTORS
330
978
102
}
330
978
100
AcDbXrecord
1070
     0
1070
     1
1070
     1
  0
XRECORD
  5
97C
102
{ACAD_REACTORS
330
97B
102
}
330
97B
100
AcDbXrecord
1070
     0
1070
     1
1070
     1
  0
XRECORD
  5
97F
102
{ACAD_REACTORS
330
97E
102
}
330
97E
100
AcDbXrecord
1070
     0
1070
     1
1070
     1
  0
XRECORD
  5
982
102
{ACAD_REACTORS
330
981
102
}
330
981
100
AcDbXrecord
1070
     0
1070
     1
1070
     1
  0
XRECORD
  5
985
102
{ACAD_REACTORS
330
984
102
}
330
984
100
AcDbXrecord
1070
     0
1070
     1
1070
     1
  0
XRECORD
  5
988
102
{ACAD_REACTORS
330
987
102
}
330
987
100
AcDbXrecord
1070
     0
1070
     1
1070
     1
  0
XRECORD
  5
98A
102
{ACAD_REACTORS
330
989
102
}
330
989
100
AcDbXrecord
1070
     0
1070
     1
1070
     1
  0
XRECORD
  5
992
102
{ACAD_REACTORS
330
991
102
}
330
991
100
AcDbXrecord
1070
     0
1070
     1
1070
     1
  0
DICTIONARY
  5
AE
102
{ACAD_REACTORS
330
AD
102
}
330
AD
100
AcDbDictionary
  3
*A1
350
8F6
  0
DICTIONARY
  5
4A
330
49
100
AcDbDictionary
280
     1
  3
ACAD_XREC_ROUNDTRIP
360
994
  3
FBXASSET
360
4B
  0
DICTIONARY
  5
47
330
46
100
AcDbDictionary
280
     1
  3
ACAD_XREC_ROUNDTRIP
360
995
  3
FBXASSET
360
48
  0
DICTIONARY
  5
E
330
C
100
AcDbDictionary
280
     1
  3
ACAD_XREC_ROUNDTRIP
360
996
  3
FBXASSET
360
F
  0
ACAD_PROXY_OBJECT
  5
8F6
102
{ACAD_REACTORS
330
AE
102
}
330
AE
100
AcDbProxyObject
 90
      499
 91
      553
 93
      517
310
40E80B4408AB045F7EE8B209E9561D300D2DE98101B201DC36436C4811C61E6982354AB880164801770A8999202048081B201DC36436C480790075D92E971AA010
340
6C
 94
        0
  0
XRECORD
  5
994
102
{ACAD_REACTORS
330
4A
102
}
330
4A
100
AcDbXrecord
102
MATERIAL
148
0.0
149
0.0
149
0.0
 93
        0
 94
      127
282
     0
 72
     1
 77
     1
171
     1
175
     1
179
     1
273
     0
  0
XRECORD
  5
4B
102
{ACAD_REACTORS
330
4A
102
}
330
4A
100
AcDbXrecord
 70
     1
 90
-1625056298
 71
     1
  1
EF6757CD-198B-4D29-9BE4-12FF4B4F441C
311
504B03040A0000080000156FF8463DEE336E79000000790000001B0000006175746F6465736B2D64657369676E2D7061636B6167652E786D6C3C3F786D6C2076657273696F6E3D22312E302220656E636F64696E673D227574662D3822203F3E3C666F726D6174733E3C666F726D61743E687474703A2F2F736368656D612E
311
6175746F6465736B2E636F6D2F64657369676E2D7061636B6167652F323030393C2F666F726D61743E3C2F666F726D6174733E504B0304140006080800156FF846FAA28935A700000035010000130000005B436F6E74656E745F54797065735D2E786D6CA58FC10E823010447FA5D93B143D1863281ED43FE0076ADD4223DD
311
36ED62F0EF2DE16ABC78DC9DC99B99F6BCF849BC30651748C1AE6E402099F070342898D9564710E7AEEDDF11B3285ECA0A46E67892329B11BDCE75884845B12179CDE54C838CDA3CF58072DF34076902311257BC32A06BAF68F53CB1B82DE5BDE5DE1D81B86CBEBED814E818276734975A321846AE3227D41EE4578023FB1F
311
A00CF80158D5122CD76EB9FB00504B0304140006080800156FF846770E2178F90000009701000008000000636F72652E786D6C8D905D6EC3201084AF8278ADB00163A7B53051A3DA27E80510101725068B9FA8C72F4E1CA97DEBD3AE86F9D8D1F0E3F772053713A2F56E80A4C21018A7BCB66E1E604E67F40AC151F0E07DFA
311
6583C0C9C50C7093A1E073F079DD25E55D322E15D5796D7651C6681204EA5A960146F5651659C99C8A235EAA55AA8B9C4D459E5B8173B61A3C8E585DFEB3676B021498BE33C2A6114DAC3B21D6528CDE9AE98030991823DDE9838E23AF3758F06497E77D158C4C4643413169113E20CA3E49D3B75DCF9A17DCF60DE6F566FF
311
03E555FF13CAD6A586EE711F5884829420F707C1630AA5D0DD504A4820CA5BC9530B5E6F359571EFB0CCAD52F103504B0304140006080800156FF8466550B3C37E0000009D00000007000000636E782E786D6C4DCCD10A83201886E15B91FFDC554ED3811ACCCDFB886511990EA76397BF1A1DECE883878F57769FD5A3B74B
311
AF390605CDA906E4C2230E739814943C6201A8D332C598FF6E8042BF3A053B8396538AE579D0E0C6BEF8BCA99FC37220218473C60436CCB4988A9A62612E2D6E2C3786DEADBD9DAF506959FD4ADBEE61FD05504B0304140006080800156FF84648BB37C92A0100001E0200002D00000032323237373535382D433543362D34
311
3830342D384339362D3146374343344546464433422F636F72652E786D6C8D51596EC32014BC0AE22B5585F7AD112652DDE604BD0081971425068BA5CAF18B6B276DFFF263AC7933F30686EEAEE3057D8175CAE81EE74986116861A4D2A71E077F241D463B46AD31FE0F0D23CD47E8F10C63464FD684698584D11EB48FA836
311
1256903B071E2371893F3D76E213469EF0E023C39D93898B333F419227711C798C3A6F6300B42C99BF981545D1B675DD91A11E1A52755945BAE1A521F9BE1D86EA7DBF7F2B5F69BA08190D41C955AE648CA38E0AECA326B39851AFC65B7C61817B90519FE535C95A52541F79B9AD9B6D553E67F5B6CC683AD3FF89C2241F14
311
05A57D59AC711799C32CA7E93260549A70B8DCC2C07532D6A379DFC68178C269BC6E7468AAD5C17963E3736ECE87FBECEE0EE3012432938F756356FFAE48E7B6184D7FAA8CE7DC2CFB06504B0304140006080800156FF8466A77868595000000F50000002C00000032323237373535382D433543362D343830342D38433936
311
2D3146374343344546464433422F636E782E786D6C5D8E4B0EC2300C44AF12795F023B164E2A246EC00942E396887C503E88E313438550375EBC9979328EAFE0C5937271292A38ECF620284EC9BAB82868751E8E20468D39A5FA5703114D20058C41E392537BACC8D26C9AAF9D7A17EF2B3C9542F56CAAE99897C2A7C9F82E
311
A038B402FA97A3E458A3E4B146BEABE232DD2898DE456E6C0514AE642D5951BEB58D477E3EEC5A7E58BF01504B0304140006080800156FF846D044576EFD000000A00100003700000032323237373535382D433543362D343830342D384339362D3146374343344546464433422F4173736574446174612F636F72652E786D
311
6C8D50DD6E8320147E15726E171414ED6690A68DF509F60204A923AD6004963DFEA075C976B71B0EF97ECEF9F2F1E3D772479F7AF3C6D91E68410069ABDC64ECDC430C57FC0AE828F8E65CF8250364E5A27BC830083E6F2EAE3BA49C0DDA86845A37E91D94DEEB0048DDD3A707AF3EF4220B194352F85BB14A7593B32E6891
311
E8A413DC872D0540CF23F90571CA2B0619242F9FACE0319A69D79829DD3457A33710A43A31CAC6018FAC3D63D65404BFD5E301133A3246DBF3505D2EBCCC66C183597E32AA4DCBA0271015A10D26075CB1775A774DDBB1FA85345D4D7899E57F4C719DFE698AC686BADAE33E6D1E449B823C08C1CBDC571A8F32D3CCDD8A6F
311
504B0304140006080800156FF8468A4AC5BD78010000860500003600000032323237373535382D433543362D343830342D384339362D3146374343344546464433422F4173736574446174612F636E782E786D6CD554CB6EC32010FC15C4B5F22B8FB68A3051D55E724AA546BD13BC4E513058B0AEDABF2FD88E1CA9CA2987
311
361740CBCCEC325A96ADBF1A4D3EC179654D498B34A7048CB4953287927658278F94AC3973D6E2198C12231A28690C53CE0ECE76ED18AAA0169DC610D5CA1CC7E00BD4CA280C3936084EA075AFCEB6E05081A7446AE17D49BDFC8046A4A2435B813FA695409116A9036F3B272128C6A4445B2974C80D26E93CE59334396993
311
499C6591C359E71489A792C6F59C75224D9C74AF0CCB0283338F2E183132F1BB0D4588B6D54A8AF896CC4A044C020844C3B2B0073067A81A1829D28140A8289FE5C532C91F92D96257CC57CBFBD5627E972F57F39C6511CED9DE5A3D9294091ED996481B0E06290FA078CD59162DE52CAE2376633C0A2361AAFE4FECFC5DC6
311
2D99F8E43DE04EEC356CEBE7C1F46BBBB29724BD26D9D6E4A47AA91D7B788F9E2AB82507DF30347AF33E8C91FE1D57B6E1204846453F3879C9BD013C62FBECA932F5BFFEC2593F32C38F7661B0F21F504B0304140006080800156FF846C5A3E57F84000000200100004F00000032323237373535382D433543362D34383034
311
2D384339362D3146374343344546464433422F4173736574446174612F446566696E6974696F6E4974657261746F7250726F706572746965732E62696EEB609861FB1F0A18808011881B1818197881B47B6A5E6A5166727072466A6E22033B50C4A9D229273F391BC4844A320145415C97D4B4C4D29C129036DFCCE2E4D49C
311
9CC4BCD4FCD26241A03C54A9426E6209D0BCC41C3D90264EA0044CA01864423AC43646A0B8040303C849924026836F6249718C3B442E261D42EB15E4A583E4E88001504B0304140006080800156FF846CE848A54F4000000300200004500000032323237373535382D433543362D343830342D384339362D31463743433445
311
46464433422F4173736574446174612F496E7374616E636550726F706572746965732E62696EEB6058ACF31F0A18808011881B1818197881B47B6A5E6A5166727072466A6EA20A50C0D5CDCCDCD4DCD945D7D0D2C249D7C4C5C852D7D2C9D544D7D0C8CDCDC4C9C4CDC4C4D0991DA80EAA11A4C5D8D0C4C5D5C8D452D7D4C4
311
C458D7C4CCC850D7C9CDC945D7D0DCD8C0D9CCD9D9D2D1D512642783664CFFA1AF1A57ECA13413D0980606060618DF1EC806A20FF640B701690606010706010638507160C00F801A210AE00C081793842B003398810A1A18C0E001D40D3C601E3A010A4384CC07A85A74550C0C293B1D18F002EC5A41C683C213A4F5833D0B
311
906204623E200E2E4F2C49CED0752A4ACC4B494D01B9172848330400504B0304140006080800156FF84685647F2451000000570000004700000032323237373535382D433543362D343830342D384339362D3146374343344546464433422F4173736574446174612F41737365745461626C654F66436F6E74656E74732E62
311
696E536160607075333337357776D135B4B470D2357131B2D4B5747235D13534727333713271333131741602AACB4D2C492DCA4CCC492C28484D2C4ACC4B4E050A82112F90744FCD03CA26072767A4E6260200504B0304140006080800156FF846F865834058000000680000004500000032323237373535382D433543362D
311
343830342D384339362D3146374343344546464433422F4173736574446174612F53747265616D56657273696F6E5461626C652E696E66558CBD0A80300C06F73E4B117FB66E451741D041DC5BF98480A492E4FDD18EAEC7DD4555D89EF28DF51A0B1BD8340C4DE7DD848B988C0ACF0649566493F2408C508DDEBB99D5129F
311
F8F1AF8CF5B9503E20FAE5A16B5AF702504B0304140006080800156FF846AEE7A3DAFB0000009E0100003500000032323237373535382D433543362D343830342D384339362D3146374343344546464433422F536368656D61732F636F72652E786D6C8D50DB6E842010FD1532AF0D0A8A6ED7209B6EAA3FD0FE0051D6925D
311
C10834FDFC82DAA47DEBCBCCE45C3227875FBEE607FA54ABD3D6B44033024899C18EDA4C2D047FC3CF802E82AFD6FA5F324046CEAA850483E0D36AC3724083355E191F5163477580D239E5010D8F78B4E0860F35CB4C061F15EE9E2D72B8CB4965348B74D409EEFC1A03A0FD499A20DE3693E3F9CE091E821E0F851EE3477D
311
D36A05418A174659DFE19ED557CCAA82E073D99F30A13D63B4BEBE165DC7F36416DCEBF927E1B02AE9D508A220B4C2E4840BF64ECBA6AA1B563E91AA2909CF93FC8F292CE33F4D411B5F1647DCDDE640D018642304CF535B716D55C69D9A15DF504B0304140006080800156FF846EC4B351329010000D30300003400000032
311
323237373535382D433543362D343830342D384339362D3146374343344546464433422F536368656D61732F636E782E786D6CD5934D4F03211086FF0AE16AF6AB1F6A1A961E3C78F262FD03C8CEB6A42CB319C0E8BF17B61C6AE255A317C20CCFF0665E18B17F9F2C7B03F2065DCFBBBAE50C9CC6C1B863CF6318AB7BCEF6
311
521062B8C238736A829EE73497E24818E7921A6054D18694B5C69D4BF201A709DD419F60529C69ABBCEFB95FC25AC58003F8733DA8A0EAAE26F0184943BA218B308B5AD9A405AE8A9ECBC352C54663413419902292293A39E6F25AAD4EFD89261152F840A9AB42868F3929A879B646AB909A6F16F0C24811CC0485D4042AC0
311
C0E5AAEDB6557B57AD362FDD7AB7BDDD6DD637ED76B76E459371295E116D29322E00E1CC34A68D0B5C26281F4BD1645BA4C86B611FC101197D69ECE7DDF922F70FEC790637003DA53720A3EC6FB9F49DEA5F35AB59E62F7D2D4A532A3F01504B0304140006080800156FF8462F7B2A8D8D0100005E0600003D000000323232
311
37373535382D433543362D343830342D384339362D3146374343344546464433422F536368656D61732F436F6D6D6F6E536368656D612E786D6CC5944D6EC2301085F79C22F20550BB4E90A0486D24D44551BA1FE201AC3A76E43841B97D9D716A151228B448CD2A9267BE37CF3F2F9E5715DA75BEC702669388BE384B9751
311
0332614FBA28B4F2AB6C3689A76E2554ADAD116A17099EB00554D8574565BD91224FD81664852CE2B8154A58A1556AD180D566091612664DED569B4E85C89E16E0A9B2B84343744F7E4753390A3B1530085C2BD91E211F89D94302D46B10936CAFC4265D326F95451236E83C7F5BE91CFB9E3104743B67DBD2D938F13C3A12
311
4D749E26750EF22A1A551EB9BD06ADA0F879D09BD159FA3AC6BD7CE837AB7C607BD0860F8E1EA4D487A296569412DD55AAB1FADA973B4F9083BB8EDAB4FF3802C72A37A2EC5ED2608A7BB8CDDE56F432ECBE2E360A841CA8FC7ABBDDD1248C2EA913094F69A1B5445024FA2238473550BCEC8BB05B8A99EEA5F6BCC0CF6AC1
311
09DE27C7B30BAFDF28F8C11D2C90FB5C21787326969A2ED91EA8B72F1F6D37D888D158BBD0EF3691A49D9F10AE0363E733C8B58751DC3FA1E6BC019523FF2B329ECEBB54F4893D9B7C02504B0304140006080800156FF8467229482E27050000001600003E00000032323237373535382D433543362D343830342D38433936
311
2D3146374343344546464433422F536368656D61732F47656E65726963536368656D612E786D6CDD586D4FE33810FECEAFB0F27D4BCB1DAB5BA9456A41F4FA0171A2705F2D37718AEF9CA4B29D42EFD7DF783C3549CBB601F676B587549197F1CC3CF3F278E2E1D85AE9E6E9A32CC4C509C3BFE1C3EC8AAD851E2553594AA3
311
D2F03AB938199EC2AB2836115606B93B5966D2DC0807D24237C4BD4894779B15C9172429562B298C285389CABD40949E954E2EA5612A1B2541E39FD2585595095BD50BADD251920B6D65C28C145955EACD2871A686FBB5777D801A4949543A7746954BD4A9AB54686FF1A83E946C291FB7FD0E5ABF6AA414057875C4E97D23
311
147CC4B1636152555A8A1271A495AE0C5F6C78B5F84BA62E0919C94368B45848C8E3A59761930DBB0D323E93A4237A1D647CB49721EB3C53795EFB000BADABA7B42A4BD02F33E12BC68E120B91D4006C2DF4DD28E9F77E199CA3F169F366D2BC198F9241C29A3E2138B41CFDB8D69570886CC70FAE0AB1943C1799443B4D65
311
33FF8A5DFB57172754C68C0D27555D6696ADA44965E960F5368BAA4C8D2CE09955FF485454A852157501EE268CAE15204C756DD51A44426915E23948010EBADE970AD1F59623A85344156FF1AE85D1C85C4374D55AB90D178EF733B94CD8D1C0A3BB14D0BB860A8C2B5A7983CD2FDFC3E8525716E22AADED06AF771E2B66FA
311
B2D487B80D8FCAB915546579219DD0542E79AB277E57CB470D3F673158B4FE40B81C10955D0923CB74D3CDF7E8F97D73E9CF59A0AE01E1FFDE8946A40E361AAE60577BA6E219F4CECF623EA1D548066AE720DD50CD1DE29B5EDF9349A09F7D32614433A3041A81AEF7A57C3F04B28B05DC85720804C7E4EA1A4832DDF027E9
311
BBE23D154E1A8EC52450E9A190FC100A4E6B57D58E572B91020977C20F8923F2BDC4C5814A8E13D342A47FE722953CADF5EBEC34210976E925427A71CF8FF9452B2DBAB352E75C695D171C7EAAC4B92A8C03FD58BA731062332F0402BECA215BC3A3B5626115A94EFD2CC19D2C605715AE36921AE4F379FFC5CAA51762F70D
311
210F015D8E00824C73E06858C9958661921762D5211177B883AF8586D10352021793ED93D6C8718D4A191A46D878151D42F75A115DD4C58A8B02A60898ABBA6CC6BDB32F3B7F31F0E3A0E608FBE7618F3AD01C9F06FD7EBF5B8304C130B2BC8733303CFB01E99C1470738D490917909470D14ACA0462FC4A32683F6E591715
311
AF60FC079D71F6A7F61B170B05D31CBB4D716003295F6FA4232698BE0676755A51ACB4847904150F3EC794CDE9C58773063B478799F2EC1C4CBF89E2095004B85FC110B24C59D7A0825F23BC1BF1CCAEB62F7DBC70795446D1DB8D56061395D2DB68052EA72C3CC0F760A8996B5315ECD63DC2F7DB0D7DEB056E24A5D1089A
311
6C9930D06D595A19F8F2B4DC884CD560AB4BEF455C775E037439AAC0D2422BD126F9F075AB680D3F7F244C7B0E5808B848416712D5E57009B447A8275A96197B52EEB11362CA59DB3A8CEE3C932BF74816A04F483B8C1AF8615095CCE7EBDEC0B6C1AE50F4C3650956BA94A5177B0B8910C2186FBADF456C5A883F017113E4
311
DBB534466592017680EB37A96F85D85BF9819029937CE9BF6436DC12BF843D7A002C411100E024CAA628CAE624FA9D723E38FB0DB698FF22E9345A2F11D6C1086C533F45D19F3B0245150F2D1AFCEB1F7ADEA506890D532BEC15386B93397C17F806387A48B5F6875EC0B5F6741A8E6FB6FF1F66BDE742230DD66AD7C4385B
311
FBAD21FB36A65EB4BD6652F95DD69FB9080F0811CE5A8F6E600787B324015FD7470ECBF6C186B5780C146DAB96F608BDFDF8153F6EA7F377841B567DD8F21F46AE957C7A87755A89BBEF413786A7637F7E174E542F4EFE05504B0304140006080800156FF8460A3355BE74010000170400004500000032323237373535382D
311
433543362D343830342D384339362D3146374343344546464433422F536368656D61732F52656E6465724D6174657269616C536368656D612E786D6CAD93DF6AC23014C6EF7D8A90075895B1BB54D00EA430D968A7B725B6C73690269244C5B75FFED955866C0C7B9593F3E577724EBE9285D660CABA839ECE27C87F6493BF
311
A213E5292E4034A0D6D480629407159E4F486215837A4935047926FB5E8A91CCA5065D2E0CB4A0106B521C345B509A4981D1E1B8E3AC4EF19E720D1829A08D14FC9262A38E363EB9BBCC7CE10819A09BE2CD03F3FEC0A10761A8B1C4B55BF0825EFE86F6644BFA85FABE2A1FCAFB507062707E287305C2BE55FD4F66691413
311
AD1FA83E5353773F38FE29FCBC82761859D64956833F5A7B1B54654715349537180E068919ED331871BA03EBB2D286B6ACA546032244026E4BF9F186A9AD149A489BDE10ECB673E6E8E0F56EF771CCDAFBE03C2E4C64CE06663ECADD01932454BB16224B293950319EC22713A632B26DF9D5C8FB60F2D8BCCBDBCE4912CF0E
311
AC4C72197E963835A7AC6AB7EBEF5AA478FAF43C7BF1C16A1C2CC7C122C5DF3D3904CA3CC2B7E456A12049FC3B85FF723EF902504B010214000A0000080000156FF8463DEE336E79000000790000001B00000000000000000000000000000000006175746F6465736B2D64657369676E2D7061636B6167652E786D6C504B01
311
021400140006080800156FF846FAA28935A7000000350100001300000000000000000000000000B20000005B436F6E74656E745F54797065735D2E786D6C504B01021400140006080800156FF846770E2178F90000009701000008000000000000000000000000008A010000636F72652E786D6C504B010214001400060808
311
00156FF8466550B3C37E0000009D0000000700000000000000000000000000A9020000636E782E786D6C504B01021400140006080800156FF84648BB37C92A0100001E0200002D000000000000000000000000004C03000032323237373535382D433543362D343830342D384339362D3146374343344546464433422F636F
311
72652E786D6C504B01021400140006080800156FF8466A77868595000000F50000002C00000000000000000000000000C104000032323237373535382D433543362D343830342D384339362D3146374343344546464433422F636E782E786D6C504B01021400140006080800156FF846D044576EFD000000A0010000370000
311
0000000000000000000000A005000032323237373535382D433543362D343830342D384339362D3146374343344546464433422F4173736574446174612F636F72652E786D6C504B01021400140006080800156FF8468A4AC5BD78010000860500003600000000000000000000000000F206000032323237373535382D4335
311
43362D343830342D384339362D3146374343344546464433422F4173736574446174612F636E782E786D6C504B01021400140006080800156FF846C5A3E57F84000000200100004F00000000000000000000000000BE08000032323237373535382D433543362D343830342D384339362D3146374343344546464433422F41
311
73736574446174612F446566696E6974696F6E4974657261746F7250726F706572746965732E62696E504B01021400140006080800156FF846CE848A54F4000000300200004500000000000000000000000000AF09000032323237373535382D433543362D343830342D384339362D3146374343344546464433422F417373
311
6574446174612F496E7374616E636550726F706572746965732E62696E504B01021400140006080800156FF84685647F2451000000570000004700000000000000000000000000060B000032323237373535382D433543362D343830342D384339362D3146374343344546464433422F4173736574446174612F4173736574
311
5461626C654F66436F6E74656E74732E62696E504B01021400140006080800156FF846F865834058000000680000004500000000000000000000000000BC0B000032323237373535382D433543362D343830342D384339362D3146374343344546464433422F4173736574446174612F53747265616D56657273696F6E5461
311
626C652E696E66504B01021400140006080800156FF846AEE7A3DAFB0000009E0100003500000000000000000000000000770C000032323237373535382D433543362D343830342D384339362D3146374343344546464433422F536368656D61732F636F72652E786D6C504B01021400140006080800156FF846EC4B351329
311
010000D30300003400000000000000000000000000C50D000032323237373535382D433543362D343830342D384339362D3146374343344546464433422F536368656D61732F636E782E786D6C504B01021400140006080800156FF8462F7B2A8D8D0100005E0600003D00000000000000000000000000400F000032323237
311
373535382D433543362D343830342D384339362D3146374343344546464433422F536368656D61732F436F6D6D6F6E536368656D612E786D6C504B01021400140006080800156FF8467229482E27050000001600003E000000000000000000000000002811000032323237373535382D433543362D343830342D384339362D
311
3146374343344546464433422F536368656D61732F47656E65726963536368656D612E786D6C504B01021400140006080800156FF8460A3355BE74010000170400004500000000000000000000000000AB16000032323237373535382D433543362D343830342D384339362D3146374343344546464433422F536368656D61
311
732F52656E6465724D6174657269616C536368656D612E786D6C504B050600000000110011005A060000821800000000
310
504B03040A0000080000156FF8463DEE336E79000000790000001B0000006175746F6465736B2D64657369676E2D7061636B6167652E786D6C3C3F786D6C2076657273696F6E3D22312E302220656E636F64696E673D227574662D3822203F3E3C666F726D6174733E3C666F726D61743E687474703A2F2F736368656D612E
310
6175746F6465736B2E636F6D2F64657369676E2D7061636B6167652F323030393C2F666F726D61743E3C2F666F726D6174733E504B0304140006080800156FF846D486FD9CA0000000F4000000130000005B436F6E74656E745F54797065735D2E786D6C7D8EC10E82300C865F65E91D8A1E8C310C0EEA1BF002731658846E
310
D98AC1B77784ABF1D8FE5FBFBF75BBCE937A534CCEB38643598122B6FEE978D0B0485F9C41B54DDD7D022595594E1A469170414C76A4D9A4D207E29CF43ECE46F218070CC6BECC4078ACAA135ACF422C856C0E68EA1BF5669944DDD7BCDE7B1F8E415D77AECB980613C2E4AC91FC167A2B244592486606FC29C8FD7F045B9A
310
EF7053A7E60B504B0304140006080800156FF8467F73BDF9EC0000007C01000008000000636F72652E786D6C8D904D6E83301085AF62CDB632F807428B8CA3128513F4029671A89560236C573D7E4D42A476D7D58CDEBC6F66F4C4F17BBEA12FB306EB5D07B420808CD37EB46EEA20C50B7E05749462F53EFEB201726A361D
310
6C324831AD3E2DBBA4BD8BC6C5AC3A3F9A5D5421980848DF72D341D09F6656854A313BC2B55894BEAAC914F4D96538253BA2C7113BE67DF662CD0AB21FD8793835351E4EFD80AB77CEF01B39F4B867E4CC1A4E4955F7A2DC6029A29D9FF7F56A5434234846688D498359F541795B1FDA8ABF90BAE544949BFD0F9496F19F50
310
B22E72B6BFFBC002489A1FB90FA428B72C72B90795EB969BFC01504B0304140006080800156FF84655019EA25F0000007C00000007000000636E782E786D6C4DCB3B0E80201045D1AD90E915ED2CF8AC45050C11660C8261F98AB1B07AC9C97D42D718D865D3E909258CFD00CCE24AC6E326A164D74DC0B4128928FF326038
310
472BA13128B1252AC747C6BAB984FC68F0B87FE8960A5C09FE86CFB69FBA01504B0304140006080800156FF846265B933968010000020300000C0000006662782F636F72652E786D6C8D525B6E833010BC8AE5DFCAD8BC9236328E4A144ED00B38E05014B091B1518EDFE511A5A9A2A84232D6CCCEEEEC00DF5FBB168DCA0E
310
8DD1190E038691D2A5A91A5D67D8BB3379C7682FB835C6FD2AC348CB4E657882B1E0B535BE5FA1D268A7B403549B4AADA01C06E5302A5BB8647828BF552703E91D540C97A097E545D62A0803A0A14EF0C15930809621D389C5F974E574C105F7BEA956B6A9605A736E94C5222FA26371D8A6A438E405493EE3887CB04D4EF2
310
881DA36D1CB224CD399DC482BBA6BBB92BAD924E5558442C4C09DB9228F90AE35DBAD925F11B4B7731E3742A7F10F9BEFAA7C837DAC5D16A77910D5884606426FE6C0B113934C811FC50C1E91422BCE6841F8386402064274FED6D8F0B40A32A9DB1093095F1776A94AD573095A1F9E17461A1F3DC00367BDA277AD1E7750F
310
F88052D7604D3AB89EBC9BA6F365EA1A45AF2C19DD1569633BD9DECD2D16EFE77DD05379695A63FFA3A6EBAA740D934E7FAFF801504B0304140006080800156FF8460CC2CA1E7D0000009D0000000B0000006662782F636E782E786D6C4DCCD10A83201886E15B91FFDCB5746E0A6A18B4FB88B2909986D3B1CB5F8D0E3AFA
310
E0E1E395CD77F1E863D3DBC5A0A0BE5C01D930C4D1855941C913E6801A2D538CF9740314FAC52AD819B49C532CEB41A39DFAE2F3A6DE85D781BC16C250DA61DE920EDFF8BDC5860A8619A344B08779724AA0D2B2FA97B6DDC3FA07504B0304140006080800156FF84632D838352A01000013020000310000006662782F3831
310
3939413333452D384232452D343836422D413339352D3535333239353741463833322F636F72652E786D6C8D515B6EC32010BC8AC557AA0ADB1870EC081325527A825E801892A2C460F1A872FC42ED48ED5F7E58343B333BB06CFF98EEC5B7725E5B330054D6A05066B4529BEB0062B8C00E147BCE9CB5E10F0D14464C6A00
310
19069C5D9D8DF30A8DD6046542428D956A0585F72A8062BCA7CB00FCF8A526518A1812C3DFCA598C377155252A533BF138F3C1A500C532249F8077A8EF0F189F60776C4E9074ED111E704F21A5B8E9E9F6F0D1E186558B90B318B55CE55AA638FAA2957BD5248B390B7A7AC61F9D124149C09B1A51586F61433E11DED17647
310
F07B4D77B86655A6FF13C559BE288ADA04DCAC711799071CB16A6970266D3CDF9F61D463B62E1479DEC6ABF10DF0BA44A423986E59B530D3FB93654B564B1FAC4BFFBBB99D1319AFBE2DE1ACCA2B4AE5777FA9E675F21F504B0304140006080800156FF8461857F9695601000033030000300000006662782F383139394133
310
33452D384232452D343836422D413339352D3535333239353741463833322F636E782E786D6CBD93CD6EC23010845FC5F2B5CA1F091421C7483DF4097AE8D5B1177049ECC83F5579FBAEC1502E1C2A55BD58D1EC7866F5C961DBAF69249FE0BCB6A6A74D595302465AA5CDBEA731EC8A35255BCE9CB5E1CE46891113F434C9
310
94B3BDB371CE92829D88634075D4E6984507DE4627C1A39C6E92D14A3162009822A208D3004A812237237EEDC0E12A280E27120E405E5FDE891D3E4006CFAA94C259953A384B676EBA33512247E17D4FBD3CC0244A118355E08FA51241944D79ED7AB0D34F124917AE95D16992CA7B9A4ECAF346257264150E39F3C121BD6C
310
0AA7192817F33C6A290242AECEC68B87B3A84D5875D9AB11BC4377BB58ADD718769E7116F404D9211D88008AF245DD2C8BFAB958746F4DBB59AE365DFB542F376DCDAA64E76CB076CC9730069C9D89B42680099437AC4AE347F8B28F28ED90B575A75F804400B9F542E796F1977C9A55DB75FFC8A73ABF6FC4E5F02FE0DF50
310
4B0304140006080800156FF846CB68BEA94C0700004F1C0000340000006662782F38313939413333452D384232452D343836422D413339352D3535333239353741463833322F6F626A656374732E786D6CED595B6F9B4814FE2B887DD97D3036B693C62B4215DB71645569AB5AADF6C1121AC318CF869B6686C4DE5FBF672E
310
60C026C1DBEC5B1F120CCC9CCB77AE73703EEEE3C878C6949134B9356D6B601A38F1D38024E1AD99F36DEFC6343EBA0E4D535E59661A098AF1AD291E9BAE13D234CFF4A3006F511EF1C6D3C5F42F83F938C1A6E14788B15B93F93B1C230BE53C0D307BB202C491156EF7966DA98575B22145D9AE41344314271C2485E70950
310
31945076FD7660F65DA72FDEBB8EF8AF570D3BAD1AB5AFEA4BADEB5292847194F8272235C80C3B8934B2C7F3FBE1D5A477351E8F7AE3EBA1DD9B2EA6F39EFD6134985DCF6693BBFB0988B749D348EB14E00C2701D8EF60BAB6D3176F4AD53502E7A4F6D324C1BE0412A0926A350912CC805505BE41FDD6161A555E4B0D2BF7
310
23F15E8B5079DC3042CBAA8E40D4E882229A5DA17171ADEA976EFE06C55917A7A40C0BA7669C8275353C14A2C274074E5F3D759DCDD116841931E29812141911D95044C128B0542C711DB5419311C14181942134909653AFEBBE0591F976E89C93729B4791880CD39581E541F861CEA464E41F4C8FD257910199C0C23949F8
310
8D96921F326CBA13A72F1FBA8EB88C86FAA502D2D8462804470135D5DB86A23311FACBB9E97E5A6CF62B910ECE33CF689A61CA85D3093B4AB9C091F555A0A4D9DA9D2C273680320A54BDF308CA3740FE33648FA32860374AF6E3FD58AFE514256C9BD2186C630C8CDE00FE0D0C5BFE17BF2BBF9C7EB9B96EBD363C214C0554
310
373F8F675D07899596BF02A7EB3C83C3A774A45FAD7C14813F3F920400124E6244293C82D4BEDDEC4D77098913123DEC42916B83CA20EE33FC74FA9ACCD12A4578E9A84B0051CD63D8C548009BF44810A3C54E0F503D28F18F66AAAAD806EFD5BBB8EBDD7CF56995D32DF2F1A38EE939DE928470A89AE705AA615ED308AA9D
310
4F4926B69AAE56AA4C15D6915A6DD3133EBCA43400744E8DB4AA1A29D6F23130913094B0565820276E5A18F8B02F4C458E72DEE0009A8B025FA1FF48988FA3082538CD0BBE654A14DE5DA609DD6898EE48D965346CF83DC5CF44B4221069C71535247EA85EE5E1BBC8232DCA7C5F7E06AF35A1DEC3E5158F7EE8000C7B41DC
310
DFBD4D6B25D7F5A6902B021C68744A1436C7C2E0A7514ABDCDC15339F32CE51FB5C08374AA2C27A8402CCA082E9253A874F002B2DDE60C32F419FBFD58CEAA3E32B046F69551FDDF08EB31E46DC80288EA086EF0F0488C42EC6D51D0C6AECAADA4CD24C916D2146F23D08B3C137EF010F706010E2F81E622E29377A51E4629
310
6324C10C2ADF59F0AB680C2C4849CA9A85C8C2AA0DA009F362CC51740902824C0BB8B280C96ED98726E46D194BEF7DCD6255A2FF934750045D699A78049ADA7D072C6CEB6AD84976F0B682B65423CAA119F10FDE0B26E18E77E05486646144756D98D187C34DCEBD34433EB87507B227B1228CDA20BA41FE93A8449E9F47EF
310
E5200C475B8F44511E7BF0471238C37409ED6E285488ABDCC7710CED1DE239EDC2E4FA6A70C247751FCD145861B42511F4DE5E8CB216D46B095176364609BEA6DE124C9B3CCE3C14A779D2C951AC51D32335F9A65905D98EF28AA6131AD082B026E83AD0AD97A5B6C8D9E0EA91070743BE6B41A2969D0A9292523B4191A921
310
2E65E63B780CC559A40E8827F5B65EC9EC323C5F674075E0BF2F8338ED54B0C60D108ACEB6DA6F02AA22DBE7946833F25D1E6F1244CE4764AD9C3F22CED60FAA6CAF4375B5B2242CD80251E88A4ACAD0E894BDE65913B6137F50C4BF2F2D98F2B4905F0ADBC538E14874A48FE247F40D9D2F13ED9CD4BEA5E80B3AF3FAF2B0
310
BA501FD8D199FA57D14AE2970B39E85D33D1A39DB02A1CA1BC8A430E3499E056DA0B46BF8E3AD5F9C8AFA30E1CAB21FFAB331004B5CC7ADA57847F5E70D4D1B1FC93279EE9610A07FCA72217A893556D6EE50BD7BFE87852D64DD1ACBCC7F1440E564AAA65753BDB6241222E8A45E72EB1D45EB7B79A83B64BA892A6F79FBB
310
89B6EA7C56FECBBA09FBA4135216D4A2CB23717252836B69FB7E71FDE1EAC30CC6C8939B696F3C1F4E7A93E9FDB8670F178BF174BC188FED5909900C66D729139E2C8170AF125FF158DC69096094CCD28804304D088C10A7708A81994287993F8D31931DCA319906FA4B4287DDCF6A38CBD126C285243B0453ED884101008C
310
729FD79F1BBFC13C558C346F4D9874594FF04FBB81694001BE359FC500D2C7CCDAC06C4C4C2125F1460C033E280945EFA33695F7E52E814DAD44944BBA940AAD97CA1F5A01E8113318D9D526245236FDDEBF48F1421C0371F8B9C939F4714A97E3835219C9E6687EA55B449227CD7A0FD1F8BA5AB625D7D410E934DE7FD509
310
14D51E473494437A219816E96EFEB50FC34163F9C5C8A23C045B76A7D4A3189C39177D1178117885A69921D14CCFFE5C7FA5297C978A8D050117307EDFDF5CFFB19EA5719C26EAD1FA0E0E80017CDD32563BF85615ACA1F5C3E28B005B0F07F6682D27F1FAE380B7410C5B28604FF0C0E9E7949440D7CC0F7E795235F4CCB5
310
2F4CD1F0D0E5DCD07911DA5A45E86430ADBECC191043E21B90881819E785B6AF0EE3FB7229884A618CEEFE0B504B0304140006080000156FF846000000000000000000000000350000006662782F38313939413333452D384232452D343836422D413339352D3535333239353741463833322F76657274696365732E62696E
310
504B0304140006080800156FF846F270F1330600000004000000360000006662782F38313939413333452D384232452D343836422D413339352D3535333239353741463833322F747269616E676C65732E62696E636660600000504B0304140006080000156FF846000000000000000000000000370000006662782F383139
310
39413333452D384232452D343836422D413339352D3535333239353741463833322F617474726962757465732E62696E504B0304140006080800156FF846B28BD8DE8F00000041010000360000006662782F38313939413333452D384232452D343836422D413339352D3535333239353741463833322F6469726563746F72
310
792E786D6C858F410EC2201045AF4266AF15DDB800BA74E7C21B903225242D6328188F2FA5C4183471359997F9FF81E89FF3C41E1816475E02DF1F80A11FC8386F25A438EECEC07A250251FC3803E6F58C12560C4AD840E95E91C151A72936F496F35732D860FE635F62C8F2DA16B505C545B74125BAA2FA9E05D7CC053D06
310
3734D5A7665FD55B6B8D15D5F1BFEAFD8490FFA45E504B0304140006080800156FF8466CD89361FE000000A00100003B0000006662782F38313939413333452D384232452D343836422D413339352D3535333239353741463833322F7265736F75726365732F636F72652E786D6C8D504B6E833010BD0A9A6D653006920619
310
47250A27E8052C33A156828DFCA97AFC9A40A576D7CDCCE87D344F8F9FBFE647F689CE6B6B3A28730A191A65476DA60E62B89157C8CE823B6BC32F196446CED8C10A83E093B371D921654D4013126AEC883B28BDC700997AA4A303AF3E7096B98C2129FC3D5FA4BACB09F3324F74D209EE834B01B2EDC93A4138F4363A859E
310
171B2B788C7ADC357A4C3FF54DA303D10FEC3A5C8E35192EFD40EAB78A91133DF4A467F4CA8E5549EBA6E7C56A163CE8F927A37228038E20182D1B428F84D5EF65D53687B6AE5E68D3569417ABFC8F292EE33F4D519B50B13DEE66F320CA14E449085EAC7DA5F52C33EDB55BF10D504B010214000A0000080000156FF8463D
310
EE336E79000000790000001B00000000000000000000000000000000006175746F6465736B2D64657369676E2D7061636B6167652E786D6C504B01021400140006080800156FF846D486FD9CA0000000F40000001300000000000000000000000000B20000005B436F6E74656E745F54797065735D2E786D6C504B01021400
310
140006080800156FF8467F73BDF9EC0000007C010000080000000000000000000000000083010000636F72652E786D6C504B01021400140006080800156FF84655019EA25F0000007C000000070000000000000000000000000095020000636E782E786D6C504B01021400140006080800156FF846265B9339680100000203
310
00000C00000000000000000000000000190300006662782F636F72652E786D6C504B01021400140006080800156FF8460CC2CA1E7D0000009D0000000B00000000000000000000000000AB0400006662782F636E782E786D6C504B01021400140006080800156FF84632D838352A0100001302000031000000000000000000
310
00000000510500006662782F38313939413333452D384232452D343836422D413339352D3535333239353741463833322F636F72652E786D6C504B01021400140006080800156FF8461857F96956010000330300003000000000000000000000000000CA0600006662782F38313939413333452D384232452D343836422D41
310
3339352D3535333239353741463833322F636E782E786D6C504B01021400140006080800156FF846CB68BEA94C0700004F1C000034000000000000000000000000006E0800006662782F38313939413333452D384232452D343836422D413339352D3535333239353741463833322F6F626A656374732E786D6C504B010214
310
00140006080000156FF84600000000000000000000000035000000000000000000000000000C1000006662782F38313939413333452D384232452D343836422D413339352D3535333239353741463833322F76657274696365732E62696E504B01021400140006080800156FF846F270F13306000000040000003600000000
310
0000000000000000005F1000006662782F38313939413333452D384232452D343836422D413339352D3535333239353741463833322F747269616E676C65732E62696E504B01021400140006080000156FF8460000000000000000000000003700000000000000000000000000B91000006662782F38313939413333452D38
310
4232452D343836422D413339352D3535333239353741463833322F617474726962757465732E62696E504B01021400140006080800156FF846B28BD8DE8F0000004101000036000000000000000000000000000E1100006662782F38313939413333452D384232452D343836422D413339352D353533323935374146383332
310
2F6469726563746F72792E786D6C504B01021400140006080800156FF8466CD89361FE000000A00100003B00000000000000000000000000F11100006662782F38313939413333452D384232452D343836422D413339352D3535333239353741463833322F7265736F75726365732F636F72652E786D6C504B050600000000
310
0E000E0080040000481300000000
  0
XRECORD
  5
995
102
{ACAD_REACTORS
330
47
102
}
330
47
100
AcDbXrecord
102
MATERIAL
148
0.0
149
0.0
149
0.0
 93
        0
 94
      127
282
     0
 72
     1
 77
     1
171
     1
175
     1
179
     1
273
     0
  0
XRECORD
  5
48
102
{ACAD_REACTORS
330
47
102
}
330
47
100
AcDbXrecord
 70
     1
 90
-1625056298
 71
     1
  1
23870902-7703-44CC-A75D-AE52D397309F
311
504B03040A0000080000156FF8463DEE336E79000000790000001B0000006175746F6465736B2D64657369676E2D7061636B6167652E786D6C3C3F786D6C2076657273696F6E3D22312E302220656E636F64696E673D227574662D3822203F3E3C666F726D6174733E3C666F726D61743E687474703A2F2F736368656D612E
311
6175746F6465736B2E636F6D2F64657369676E2D7061636B6167652F323030393C2F666F726D61743E3C2F666F726D6174733E504B0304140006080800156FF846FAA28935A700000035010000130000005B436F6E74656E745F54797065735D2E786D6CA58FC10E823010447FA5D93B143D1863281ED43FE0076ADD4223DD
311
36ED62F0EF2DE16ABC78DC9DC99B99F6BCF849BC30651748C1AE6E402099F070342898D9564710E7AEEDDF11B3285ECA0A46E67892329B11BDCE75884845B12179CDE54C838CDA3CF58072DF34076902311257BC32A06BAF68F53CB1B82DE5BDE5DE1D81B86CBEBED814E818276734975A321846AE3227D41EE4578023FB1F
311
A00CF80158D5122CD76EB9FB00504B0304140006080800156FF846921FB3C9FA0000009701000008000000636F72652E786D6C8D905D6EC3201084AF8278ADB0C1D8D4B130919B3427E80510260E4A0C163F518F5F9C3852FBD6A75D0DF3B1A3E1FBEFF906EEDA07E36C0F498121D056B9D1D8A987299E510BC15E70EF5CFC
311
6583C0CA59F77095A1E0937769D924E56CD43666D5BA516FA20C414708D42D2F3D0CEAA26759C814B3235C8B45AAAB9C74415E5B86533223781E3163FECF9C8DF6500CB4660D250D3A56C309D5077C402D250C7D30B6FB3C1DABDDD0325EAEB0E0D1CCAFFBCA6B19F5084585338BDF51557F11DA35ACABE91B6E3A8A79B9DA
311
FF406919FF09256323ADB6B84F2C40417290C783E021FA5CE866C8254410E43DE729052FD79AF2787498E75AA9F801504B0304140006080800156FF8464DC3B00A7D0000009D00000007000000636E782E786D6C4DCCD10AC2201805E05791FFDEA6CD98813ACCDA7B8CE686E4344CA3C7CFC52EBA39073E0E47F49FD5A3B7
311
4D2F1783047A20806CB8C7C9854542C933E6807A25528CF96F06288CAB95B03128B1A4589E3B4D761E8BCF55BD0B8F1DD9D5DCA86E0D665DC7313BD5D0E6DCE2E1C8064D2F9C68A2A151A2F93DD5DE8ED517504B0304140006080800156FF84696857A862B0100001E0200002D00000034444345314133432D343737382D34
311
3537382D414339332D4632344641314238304130412F636F72652E786D6C8D515B6EC32010BC0AE22B55E507364ED20813B96973825E80984D8A1283C5A3CAF10BB593B67FF959D0ECCEECC0B0ED75B8A02FB04E19DD6292971881EE8D54FAD4E2E08FD91AA32D67D618FF670C232D066871823167276BC23843BDD11EB48F
311
A83612665038071EA3FE122F2D76FD270C2217C1C70977CE47D19FC5097292C7769CE3CC791B0DA06949AA98D3B7DD3BE9EA5D4657AB75469B58BADD4B9DED2BBAEFC8EBBAECCA8E151391B310949CE94A463BEAA8C03E2A92C89C7935DCECF716840789795592262B5759453F48BD69961B5A3F97CDA62E5991C6FF91C228
311
1F2405A57D5DCD76279AC39CB0626A70264D385C6E66E03A1AEB51DAB770D03FE1223E372A2CE9ACE0BCB1F13B17E7C3BD775787E1001299D1C7B8316F7E5714292DCE8A9F28E39992E5DF504B0304140006080800156FF8466A77868595000000F50000002C00000034444345314133432D343737382D343537382D414339
311
332D4632344641314238304130412F636E782E786D6C5D8E4B0EC2300C44AF12795F023B164E2A246EC00942E396887C503E88E313438550375EBC9979328EAFE0C5937271292A38ECF620284EC9BAB82868751E8E20468D39A5FA5703114D20058C41E392537BACC8D26C9AAF9D7A17EF2B3C9542F56CAAE99897C2A7C9F8
311
2EA038B402FA97A3E458A3E4B146BEABE232DD2898DE456E6C0514AE642D5951BEB58D477E3EEC5A7E58BF01504B0304140006080800156FF846982D4307FD000000A00100003700000034444345314133432D343737382D343537382D414339332D4632344641314238304130412F4173736574446174612F636F72652E78
311
6D6C8D50DD6E8320187D15C2ED8282286B0DD2B8BA3EC15E8028B5A4150C3FCB1E7F505DB2DDED868F9C9FEF3B39FCF4B53CC0A7725E5BD3415260089419EDA4CDDCC118AEE800C14970676DF82583C0C8457530C350F0D9D9B8EED0684D502624D4D849EDA0F45E0508C647FA74D08F37B5C842C69014FE5EAC72BCCB5915
311
A44874D209EE834B01C07624BF50F479C52083E4E5C60A1EA39E768D9ED24D7DD5CA2525AD5943498D86AABFA0FA8CCFE84009436F8C1DDF2F4375EC0F8C97D92C78D0CB4FC6D12919D40445854983F02BAAEA0F42DB86B5357DC14D4B312FB3FC8F29AED33F4D519B40AB3DEE66F350E4204F42F032F795C6B3CC3473B7E2
311
1B504B0304140006080800156FF8468A4AC5BD78010000860500003600000034444345314133432D343737382D343537382D414339332D4632344641314238304130412F4173736574446174612F636E782E786D6CD554CB6EC32010FC15C4B5F22B8FB68A3051D55E724AA546BD13BC4E513058B0AEDABF2FD88E1CA9CA29
311
87361740CBCCEC325A96ADBF1A4D3EC179654D498B34A7048CB4953287927658278F94AC3973D6E2198C12231A28690C53CE0ECE76ED18AAA0169DC610D5CA1CC7E00BD4CA280C3936084EA075AFCEB6E05081A7446AE17D49BDFC8046A4A2435B813FA695409116A9036F3B272128C6A4445B2974C80D26E93CE593343969
311
93499C6591C359E71489A792C6F59C75224D9C74AF0CCB0283338F2E183132F1BB0D4588B6D54A8AF896CC4A044C020844C3B2B0073067A81A1829D28140A8289FE5C532C91F92D96257CC57CBFBD5627E972F57F39C6511CED9DE5A3D9294091ED996481B0E06290FA078CD59162DE52CAE2376633C0A2361AAFE4FECFC5D
311
C62D99F8E43DE04EEC356CEBE7C1F46BBBB29724BD26D9D6E4A47AA91D7B788F9E2AB82507DF30347AF33E8C91FE1D57B6E1204846453F3879C9BD013C62FBECA932F5BFFEC2593F32C38F7661B0F21F504B0304140006080800156FF8460A26169F84000000200100004F00000034444345314133432D343737382D343537
311
382D414339332D4632344641314238304130412F4173736574446174612F446566696E6974696F6E4974657261746F7250726F706572746965732E62696EEB609861FB1F0A18808011881B1818197881B47B6A5E6A5166727072466A6E22033B50C4A9D227B132B508C4844A320145415C97D4B4C4D29C129036DFCCE2E4D4
311
9C9CC4BCD4FCD26241A03C54A9426E6209D0BCC41C3D90264EA0044CA01864423AC43646A0B8040303C849924026836F6249718C3B442E261D42EB15E4A583E4E88001504B0304140006080800156FF846AF5D8892F2000000300200004500000034444345314133432D343737382D343537382D414339332D463234464131
311
4238304130412F4173736574446174612F496E7374616E636550726F706572746965732E62696EEB609866F41F0A18808011881B1818197881B47B6A5E6A5166727072466A6EA20A50C0C8D8C2DCC0D2C048D7DCDCC058D7C4C4D959D7D1DCD445D7D1D5D4C8C5D8D2DCD8C0D28D1DA80EAA11A4C5D8D0C4C5D5C8D452D7D4
311
C404A8C5CCC850D7C9CDC945D710A8D8D9CCD9D9D2D1D512642783664CFFA1AF1A57ECA13413D0980606060618DF1EC806A20FF640B701690606010706010638507160C00F801A210AE00C081793842B003398810A1A18C0E001D40D3C601E3A010A4384CC07A85A74550C0C293B1D18F002EC5A41C683C213A4F5833D0B90
311
6204623E200E2E4F2C49CED0752A4ACC4B494D01B9172848330400504B0304140006080800156FF846BABCDD6751000000570000004700000034444345314133432D343737382D343537382D414339332D4632344641314238304130412F4173736574446174612F41737365745461626C654F66436F6E74656E74732E6269
311
6E536160603032B63037B03430D235373730D635317176D675343775D1757435357231B6343736B0741302AACB4D2C492DCA4CCC492C28484D2C4ACC4B4E050A82112F90744FCD03CA26072767A4E6260200504B0304140006080800156FF846F865834058000000680000004500000034444345314133432D343737382D34
311
3537382D414339332D4632344641314238304130412F4173736574446174612F53747265616D56657273696F6E5461626C652E696E66558CBD0A80300C06F73E4B117FB66E451741D041DC5BF98480A492E4FDD18EAEC7DD4555D89EF28DF51A0B1BD8340C4DE7DD848B988C0ACF0649566493F2408C508DDEBB99D5129FF8
311
F1AF8CF5B9503E20FAE5A16B5AF702504B0304140006080800156FF846E68EB7B3FE0000009E0100003500000034444345314133432D343737382D343537382D414339332D4632344641314238304130412F536368656D61732F636F72652E786D6C8D905D6EC3201084AF82F6B5C236C676130B13B9497381F60208888B12
311
8365A0EAF18B7F2AB56F7D61D1CC7CDAD1B2D3D7F8409F7AF6C6D90E485600D2563A65ECD0410C377C0074E26C762EFC8A01B262D41D2C327036CC2E4EBB249D0DDA86A45AA7F42E0AEF7500241FE9D381971F7A1499882125FC3D9B84BC8B4167244B76CA71E6C39C0AA06DC9F2027F5B21CFF2CDE32C46A3F6845169A3B9
311
193D03EF69D5D494D4F852F6575C9D8B333E50D2E097A639BE5E2FE5B13F342C5F60CE82197F1ACA598BA015F0B2486CF18CCBEA9DD0B66EDA8A3E15754B0B962FF13F509CD43FA1686CA0E55E77C33C70928AAC0667F972AD34D653A6B95C967F03504B0304140006080800156FF846EC4B351329010000D3030000340000
311
0034444345314133432D343737382D343537382D414339332D4632344641314238304130412F536368656D61732F636E782E786D6CD5934D4F03211086FF0AE16AF6AB1F6A1A961E3C78F262FD03C8CEB6A42CB319C0E8BF17B61C6AE255A317C20CCFF0665E18B17F9F2C7B03F2065DCFBBBAE50C9CC6C1B863CF6318AB7B
311
CEF6521062B8C238736A829EE73497E24818E7921A6054D18694B5C69D4BF201A709DD419F60529C69ABBCEFB95FC25AC58003F8733DA8A0EAAE26F0184943BA218B308B5AD9A405AE8A9ECBC352C54663413419902292293A39E6F25AAD4EFD89261152F840A9AB42868F3929A879B646AB909A6F16F0C24811CC0485D404
311
2AC0C0E5AAEDB6557B57AD362FDD7AB7BDDD6DD637ED76B76E459371295E116D29322E00E1CC34A68D0B5C26281F4BD1645BA4C86B611FC101197D69ECE7DDF922F70FEC790637003DA53720A3EC6FB9F49DEA5F35AB59E62F7D2D4A532A3F01504B0304140006080800156FF8462F7B2A8D8D0100005E0600003D00000034
311
444345314133432D343737382D343537382D414339332D4632344641314238304130412F536368656D61732F436F6D6D6F6E536368656D612E786D6CC5944D6EC2301085F79C22F20550BB4E90A0486D24D44551BA1FE201AC3A76E43841B97D9D716A151228B448CD2A9267BE37CF3F2F9E5715DA75BEC702669388BE384B
311
97510332614FBA28B4F2AB6C3689A76E2554ADAD116A17099EB00554D8574565BD91224FD81664852CE2B8154A58A1556AD180D566091612664DED569B4E85C89E16E0A9B2B84343744F7E4753390A3B1530085C2BD91E211F89D94302D46B10936CAFC4265D326F95451236E83C7F5BE91CFB9E3104743B67DBD2D938F13C
311
3A124D749E26750EF22A1A551EB9BD06ADA0F879D09BD159FA3AC6BD7CE837AB7C607BD0860F8E1EA4D487A296569412DD55AAB1FADA973B4F9083BB8EDAB4FF3802C72A37A2EC5ED2608A7BB8CDDE56F432ECBE2E360A841CA8FC7ABBDDD1248C2EA913094F69A1B5445024FA2238473550BCEC8BB05B8A99EEA5F6BCC0CF
311
6AC109DE27C7B30BAFDF28F8C11D2C90FB5C21787326969A2ED91EA8B72F1F6D37D888D158BBD0EF3691A49D9F10AE0363E733C8B58751DC3FA1E6BC019523FF2B329ECEBB54F4893D9B7C02504B0304140006080800156FF8467229482E27050000001600003E00000034444345314133432D343737382D343537382D4143
311
39332D4632344641314238304130412F536368656D61732F47656E65726963536368656D612E786D6CDD586D4FE33810FECEAFB0F27D4BCB1DAB5BA9456A41F4FA0171A2705F2D37718AEF9CA4B29D42EFD7DF783C3549CBB601F676B587549197F1CC3CF3F278E2E1D85AE9E6E9A32CC4C509C3BFE1C3EC8AAD851E255359
311
4AA3D2F03AB938199EC2AB2836115606B93B5966D2DC0807D24237C4BD4894779B15C9172429562B298C285389CABD40949E954E2EA5612A1B2541E39FD2585595095BD50BADD251920B6D65C28C145955EACD2871A686FBB5777D801A4949543A7746954BD4A9AB54686FF1A83E946C291FB7FD0E5ABF6AA414057875C4E9
311
7D23147CC4B1636152555A8A1271A495AE0C5F6C78B5F84BA62E0919C94368B45848C8E3A59761930DBB0D323E93A4237A1D647CB49721EB3C53795EFB000BADABA7B42A4BD02F33E12BC68E120B91D4006C2DF4DD28E9F77E199CA3F169F366D2BC198F9241C29A3E2138B41CFDB8D69570886CC70FAE0AB1943C1799443B
311
4D6533FF8A5DFB57172754C68C0D27555D6696ADA44965E960F5368BAA4C8D2CE09955FF485454A852157501EE268CAE15204C756DD51A44426915E23948010EBADE970AD1F59623A85344156FF1AE85D1C85C4374D55AB90D178EF733B94CD8D1C0A3BB14D0BB860A8C2B5A7983CD2FDFC3E8525716E22AADED06AF771E2B
311
66FAB2D487B80D8FCAB915546579219DD0542E79AB277E57CB470D3F673158B4FE40B81C10955D0923CB74D3CDF7E8F97D73E9CF59A0AE01E1FFDE8946A40E361AAE60577BA6E219F4CECF623EA1D548066AE720DD50CD1DE29B5EDF9349A09F7D32614433A3041A81AEF7A57C3F04B28B05DC85720804C7E4EA1A4832DDF0
311
27E9BBE23D154E1A8EC52450E9A190FC100A4E6B57D58E572B91020977C20F8923F2BDC4C5814A8E13D342A47FE722953CADF5EBEC34210976E925427A71CF8FF9452B2DBAB352E75C695D171C7EAAC4B92A8C03FD58BA731062332F0402BECA215BC3A3B5626115A94EFD2CC19D2C605715AE36921AE4F379FFC5CAA51762
311
F70D210F015D8E00824C73E06858C9958661921762D5211177B883AF8586D10352021793ED93D6C8718D4A191A46D878151D42F75A115DD4C58A8B02A60898ABBA6CC6BDB32F3B7F31F0E3A0E608FBE7618F3AD01C9F06FD7EBF5B8304C130B2BC8733303CFB01E99C1470738D490917909470D14ACA0462FC4A32683F6E59
311
1715AF60FC079D71F6A7F61B170B05D31CBB4D716003295F6FA4232698BE0676755A51ACB4847904150F3EC794CDE9C58773063B478799F2EC1C4CBF89E2095004B85FC110B24C59D7A0825F23BC1BF1CCAEB62F7DBC70795446D1DB8D56061395D2DB68052EA72C3CC0F760A8996B5315ECD63DC2F7DB0D7DEB056E24A5D1
311
089A6C9930D06D595A19F8F2B4DC884CD560AB4BEF455C775E037439AAC0D2422BD126F9F075AB680D3F7F244C7B0E5808B848416712D5E57009B447A8275A96197B52EEB11362CA59DB3A8CEE3C932BF74816A04F483B8C1AF8615095CCE7EBDEC0B6C1AE50F4C3650956BA94A5177B0B8910C2186FBADF456C5A883F0171
311
13E4DBB534466592017680EB37A96F85D85BF9819029937CE9BF6436DC12BF843D7A002C411100E024CAA628CAE624FA9D723E38FB0DB698FF22E9345A2F11D6C1086C533F45D19F3B0245150F2D1AFCEB1F7ADEA506890D532BEC15386B93397C17F806387A48B5F6875EC0B5F6741A8E6FB6FF1F66BDE742230DD66AD7C4
311
385BFBAD21FB36A65EB4BD6652F95DD69FB9080F0811CE5A8F6E600787B324015FD7470ECBF6C186B5780C146DAB96F608BDFDF8153F6EA7F377841B567DD8F21F46AE957C7A87755A89BBEF413786A7637F7E174E542F4EFE05504B0304140006080800156FF8460A3355BE74010000170400004500000034444345314133
311
432D343737382D343537382D414339332D4632344641314238304130412F536368656D61732F52656E6465724D6174657269616C536368656D612E786D6CAD93DF6AC23014C6EF7D8A90075895B1BB54D00EA430D968A7B725B6C73690269244C5B75FFED955866C0C7B9593F3E577724EBE9285D660CABA839ECE27C87F64
311
93BFA213E5292E4034A0D6D480629407159E4F486215837A4935047926FB5E8A91CCA5065D2E0CB4A0106B521C345B509A4981D1E1B8E3AC4EF19E720D1829A08D14FC9262A38E363EB9BBCC7CE10819A09BE2CD03F3FEC0A10761A8B1C4B55BF0825EFE86F6644BFA85FABE2A1FCAFB507062707E287305C2BE55FD4F6669
311
1413AD1FA83E5353773F38FE29FCBC82761859D64956833F5A7B1B54654715349537180E068919ED331871BA03EBB2D286B6ACA546032244026E4BF9F186A9AD149A489BDE10ECB673E6E8E0F56EF771CCDAFBE03C2E4C64CE06663ECADD01932454BB16224B293950319EC22713A632B26DF9D5C8FB60F2D8BCCBDBCE4912
311
CF0EAC4C72197E963835A7AC6AB7EBEF5AA478FAF43C7BF1C16A1C2CC7C122C5DF3D3904CA3CC2B7E456A12049FC3B85FF723EF902504B010214000A0000080000156FF8463DEE336E79000000790000001B00000000000000000000000000000000006175746F6465736B2D64657369676E2D7061636B6167652E786D6C50
311
4B01021400140006080800156FF846FAA28935A7000000350100001300000000000000000000000000B20000005B436F6E74656E745F54797065735D2E786D6C504B01021400140006080800156FF846921FB3C9FA0000009701000008000000000000000000000000008A010000636F72652E786D6C504B01021400140006
311
080800156FF8464DC3B00A7D0000009D0000000700000000000000000000000000AA020000636E782E786D6C504B01021400140006080800156FF84696857A862B0100001E0200002D000000000000000000000000004C03000034444345314133432D343737382D343537382D414339332D4632344641314238304130412F
311
636F72652E786D6C504B01021400140006080800156FF8466A77868595000000F50000002C00000000000000000000000000C204000034444345314133432D343737382D343537382D414339332D4632344641314238304130412F636E782E786D6C504B01021400140006080800156FF846982D4307FD000000A001000037
311
00000000000000000000000000A105000034444345314133432D343737382D343537382D414339332D4632344641314238304130412F4173736574446174612F636F72652E786D6C504B01021400140006080800156FF8468A4AC5BD78010000860500003600000000000000000000000000F306000034444345314133432D
311
343737382D343537382D414339332D4632344641314238304130412F4173736574446174612F636E782E786D6C504B01021400140006080800156FF8460A26169F84000000200100004F00000000000000000000000000BF08000034444345314133432D343737382D343537382D414339332D463234464131423830413041
311
2F4173736574446174612F446566696E6974696F6E4974657261746F7250726F706572746965732E62696E504B01021400140006080800156FF846AF5D8892F2000000300200004500000000000000000000000000B009000034444345314133432D343737382D343537382D414339332D4632344641314238304130412F41
311
73736574446174612F496E7374616E636550726F706572746965732E62696E504B01021400140006080800156FF846BABCDD6751000000570000004700000000000000000000000000050B000034444345314133432D343737382D343537382D414339332D4632344641314238304130412F4173736574446174612F417373
311
65745461626C654F66436F6E74656E74732E62696E504B01021400140006080800156FF846F865834058000000680000004500000000000000000000000000BB0B000034444345314133432D343737382D343537382D414339332D4632344641314238304130412F4173736574446174612F53747265616D56657273696F6E
311
5461626C652E696E66504B01021400140006080800156FF846E68EB7B3FE0000009E0100003500000000000000000000000000760C000034444345314133432D343737382D343537382D414339332D4632344641314238304130412F536368656D61732F636F72652E786D6C504B01021400140006080800156FF846EC4B35
311
1329010000D30300003400000000000000000000000000C70D000034444345314133432D343737382D343537382D414339332D4632344641314238304130412F536368656D61732F636E782E786D6C504B01021400140006080800156FF8462F7B2A8D8D0100005E0600003D00000000000000000000000000420F00003444
311
4345314133432D343737382D343537382D414339332D4632344641314238304130412F536368656D61732F436F6D6D6F6E536368656D612E786D6C504B01021400140006080800156FF8467229482E27050000001600003E000000000000000000000000002A11000034444345314133432D343737382D343537382D414339
311
332D4632344641314238304130412F536368656D61732F47656E65726963536368656D612E786D6C504B01021400140006080800156FF8460A3355BE74010000170400004500000000000000000000000000AD16000034444345314133432D343737382D343537382D414339332D4632344641314238304130412F53636865
311
6D61732F52656E6465724D6174657269616C536368656D612E786D6C504B050600000000110011005A060000841800000000
310
504B03040A0000080000156FF8463DEE336E79000000790000001B0000006175746F6465736B2D64657369676E2D7061636B6167652E786D6C3C3F786D6C2076657273696F6E3D22312E302220656E636F64696E673D227574662D3822203F3E3C666F726D6174733E3C666F726D61743E687474703A2F2F736368656D612E
310
6175746F6465736B2E636F6D2F64657369676E2D7061636B6167652F323030393C2F666F726D61743E3C2F666F726D6174733E504B0304140006080800156FF846D486FD9CA0000000F4000000130000005B436F6E74656E745F54797065735D2E786D6C7D8EC10E82300C865F65E91D8A1E8C310C0EEA1BF002731658846E
310
D98AC1B77784ABF1D8FE5FBFBF75BBCE937A534CCEB38643598122B6FEE978D0B0485F9C41B54DDD7D022595594E1A469170414C76A4D9A4D207E29CF43ECE46F218070CC6BECC4078ACAA135ACF422C856C0E68EA1BF5669944DDD7BCDE7B1F8E415D77AECB980613C2E4AC91FC167A2B244592486606FC29C8FD7F045B9A
310
EF7053A7E60B504B0304140006080800156FF8464C352685EA0000007C01000008000000636F72652E786D6C8D90518E83201445B742F89DA020A2AD411AE37407B30102D421AD6004265D7EB1B5C9CCDF7CBD97CB3DBC9BCB4FF7F9067ECC1AAC773D240586C038E5B575530F53BCA0030427C157EFE32F1B044ECEA6879B
310
0C059F569F965D52DE45E362569DD7661765082642A06E79E96150DF6696854C313BC2B558A4BACAC914E4BD653825ABC1EB88D5F93F7BB16685823484B2FADCA2F6130FA8AEC61A0D8C0CA819F0F1301246C7E399971B2C78B4F3FBBE5A8D8C46435161C2106E51557F11DAB1A6ABE907661DC5BCDCEC7FA0B4E87F42C9BA
310
48AB3DEE0B0B396B0EF27C10BCDCBAC8E359549E5B6FE201504B0304140006080800156FF84655019EA25F0000007C00000007000000636E782E786D6C4DCB3B0E80201045D1AD90E915ED2CF8AC45050C11660C8261F98AB1B07AC9C97D42D718D865D3E909258CFD00CCE24AC6E326A164D74DC0B4128928FF326038472B
310
A13128B1252AC747C6BAB984FC68F0B87FE8960A5C09FE86CFB69FBA01504B0304140006080800156FF8465497353167010000020300000C0000006662782F636F72652E786D6C8D52ED8E8320107C15C2DF8B825FEDB5411AD3EB1BDC0B50A49EA98241307DFC5B3F1AAF97A6694C90CCECECCE8EB2C3AD6DD0A06C5F1B9D
310
E328A418292D4D59EB2AC7DE5D824F8C0E9C5963DC9F328CB468558E4718735659E3BB0592463BA51DA0DA946A0145DF2B87916CE092E35EFEA85684C23BA8E8AF6127E455542A8C42A0A18EB3DE593080E621E389F9E57C6364C639F3BE2E17B62E615A7DA995C53CDA4449969EB6C1F68B16411A1FD3A0C8A222D81474F7
310
798CB2E4B83B31328A3973757B7727AD124E9598C734CA02BA0DE2F43B4AF6D9669F261F34DB279491B1FC41E4BBF24D91AFB54BE2C5EE2CEBC12B1899887FDB42440EF562003F8433328608AF29E1C7A0211008D9897373DFE30AD0A0A4333605A6347EA506D1780553299A1E4666163A4F0D60B3A77DE2177D5EF7800F28
310
7405D68483EBD9BB713A9BA72E5174CA0683BB216D6C2B9AD5DC6C713DD7414FE5D234C6BEA326CBAA6409938C7F2FFF05504B0304140006080800156FF846104C8D4F7D0000009D0000000B0000006662782F636E782E786D6C4DCCD10AC2201886E15B91FFDCA6ED9F19A803C1EE633437A44DC334BAFCB6D841471F3C7C
310
BCAAFFAC0B79FBFC0A296AE02706C4C77B1A439C35D4325109A4372AA754FE6E40E2B07A0D3B8351734EF579D0E8A7A12E65D325C4C781E8F8ADE517A42884A388D652D975825E39B3EECC458B92416354F32B6DBB87CD17504B0304140006080800156FF846027EA6112A01000015020000310000006662782F3445314633
310
3137342D343636452D343442422D383535362D3931304245323136333438302F636F72652E786D6C8D515B6EC32010BC0AE22B55850D061C27C2448A949EA0177080A42831583CAA1CBFB876A4F62F3F2C9A9D991DED8AC363BC836F13A2F5AE87A4C21018A7BCB6EEDAC39C2EA883E02045F03EFDA141E086D1F47086A114
310
D7E0F3B442CABB645C2AA8F3DAACE010A34910A87BF9F430AA2F330ED5905361C45B350DEA365C4D45AAD22E3C29620A25005886CC2F94EC443E28D932C4DAF684183B1E51C7798B76041F4F0D6929EBB0A817A114395BBDCAAD2E71ECC59AF0AAC92C9622D9F1195F053324A3A16C30E1086F51C33E09DDF376CFE83BE67B
310
5A26CFF47FA23CE91745D9BA449B35EE228B5012512F0D29B4CFE7FB338C794C3E2430CFDB44A3DEA0C415C63B8E39E59DA8176ED940316DD96A1A930F65C39BDBB9D0E9EADC3229EAF948A5FC5EB0D4F9A0F207504B0304140006080800156FF8461857F9695601000033030000300000006662782F34453146333137342D
310
343636452D343442422D383535362D3931304245323136333438302F636E782E786D6CBD93CD6EC23010845FC5F2B5CA1F091421C7483DF4097AE8D5B1177049ECC83F5579FBAEC1502E1C2A55BD58D1EC7866F5C961DBAF69249FE0BCB6A6A74D595302465AA5CDBEA731EC8A35255BCE9CB5E1CE46891113F434C994B3BD
310
B371CE92829D88634075D4E6984507DE4627C1A39C6E92D14A3162009822A208D3004A812237237EEDC0E12A280E27120E405E5FDE891D3E4006CFAA94C259953A384B676EBA33512247E17D4FBD3CC0244A118355E08FA51241944D79ED7AB0D34F124917AE95D16992CA7B9A4ECAF346257264150E39F3C121BD6C0AA719
310
2817F33C6A290242AECEC68B87B3A84D5875D9AB11BC4377BB58ADD718769E7116F404D9211D88008AF245DD2C8BFAB958746F4DBB59AE365DFB542F376DCDAA64E76CB076CC9730069C9D89B42680099437AC4AE347F8B28F28ED90B575A75F804400B9F542E796F1977C9A55DB75FFC8A73ABF6FC4E5F02FE0DF504B0304
310
140006080800156FF846255E5BFE530700004F1C0000340000006662782F34453146333137342D343636452D343442422D383535362D3931304245323136333438302F6F626A656374732E786D6CED595B6FA3481AFD2B887DD97D3036B6D3495684516277226B2633AD89BA350F915019CAA4365CAC2A48DBFBEBF7D4050C
310
D8A4F14CF66D1E6C6CA83ADFFD521FDE4FBB34B1DE28172CCF6E6CD799D816CDC23C62597C6397C56674655B3FF91ECFF3A2B1CCB63292D21B5BDEB67D2FE679B935B722BA21655274EEDEDFFD61899066D4B6C2840871638BF085A6C42165914754BC3A112988136F768EEBE8856DD89893ED4B07744B38CD0A708AFB1950
310
2CCD94DBFE3BB1C7BE3796CF7D4F7E9B55D341AB66FDABC64AEA36972C1305C9C223963A30D3412CCDDCF9F2F3F4E27A74319FCF46F34F537774777FB71CB997B3C9E2D362717DFBF91AECADF33C313245744BB308F6DBDBBEEB8DE5935A74A381535C877996D1502912AA52627501191520D550DFA4FDD79512351E2B091B
310
FF67F2B961A171BB63849E550315D1C28520865C2571756DCA97AFFF03C1C510A7E4824AA7160587758D7A38A2C2F627DE58DFF5BDF5C1164C582929286724B112B6E684C328582A97F89EDE6060647070405952026539FDB8ED5B88CC1F87CE292E376592C8C8B07D155801C28F164271C6FE4BF981FBA666C0132C5CB2AC
310
B8325C16FB2DB5FD6B6FAC6EFA9EBCCCA6E6A156A4B549480C478198FA6947D0850CFDD5D2F67FBE5FEF9E643A384D7CCBF32DE585743A6947C5171CD95CA5960C597790E5E40608A3956A761E94F23B34FF2BB2C78115D88DB3DD7C37376B0B4E32B1C9790ADB58136B34C1D7C472D5B7FCDDF8E58DEBCD6DEBF5E913612A
310
5575F5D7F5D99641E9CAF0DF50A7EFBDC1E1733E338F9E4292C09F1F5906054927B1921CB790DA37EB9DEDAF903891E8B18B24BE0B91C1EE1B7E7A630373B04A155E26EA3268D4D0980E3112D4A63C126CF4D8E901D583B3F060A6A6887DEABDF81077BD5D3EFDFC54F20D09E9A389E925DDB08C15A89AA7196AE9BC2511AA
310
5DC8D9566EB57D23549D2A9C035A6BD32BDD7FCF7904ED1C1BE9A969A4D4F0276022692869ADB8D29CFCD34320C4BE389739CAFB0105482E0B7C03FF9189902609C9685E5674EB9428BDBB4E13A6D1B0FD99B6CB6CDAF17B4EDF986C45106987152D4D7CD3BDCAC35799477A84F9BAFA155E6BA3DEE3F28E47DFEDEFE0EEAF
310
46949AE5163DF19D14E1CB8FB19ED4BAD11D724544A32EE4FA5018C23CC979B0DE073A679E44FED60A3CA4536D3989825854115C252763DC20629B4D2990A14FD8EFDB6AD1F4918933732FACE67727ACE7C8DBC802849B08EED008584A621A6C48D447AE49ADC6160AB2079AD34D02B9D81B2BF60129824944E373547316F8
310
F587A2C7492E04CBA840E53BA9FCA636260E5292B666C5B2B46A47D14C04292D48728E06244C8F72550153DD728826E4C73CD6DEFB9EC59AA0FF278FE0045D699E050C4DED6E802E5CE7623A8877785B85ADC4484A3423E13EF84E59FC520CA054876465447DED9831C4E1A62C827C4B42B8F500D8A3589146ED80AE49F82A
310
2B511096C9473988A0C926604952A6013E2CC3196648680FD342035CE7BE82A668EF4851F221443E5D4C8EE8E8EEA39B021B84362C41EF1DA464DBA3F55642549D8D552BDFA0F704D3BA4CB70149F3321BE428CEACEB9106BE6B56093B905FD974A201AD800DA0EFA15BAF4B6D95B3E1EA49808361F1D2A3895676AA201552
310
3FA0CCD4884B95F9F68120E936D107C4A37ADBAE646E1D9EEF13E026F03F96409A0F2A58F38E12AACEB6D96F42AB32DB979C1933162F65BACE083B1D91AD72FE480AF1FCA07BB2E7585F9D6D165764018AAEA84646A353F79A274DD80FFEA0C1BFAE1C4C797AE057D27629CD0A223BD247F923F99D9C2E13FD94F4BE95EC0B
310
06D3FAEDE1E94C79B06330FA17D94AD2EF675230BB16B2473B225539427D95871C3499702BE305B3BF8F3ACDF9C8DF471D1CAB91FFF5190841ADB29EF115E99F671C754C2CFFE513CF2F642F673EA60555D66ACDAD42E9FA671D4FEABA299B958F389EA8C14A8D5A57B7932D161271552C0677895526D4807D1CFFE96EA2AF
310
3A6B72C6FAB14ECDC179DD847BD409B5CEAAEA489C1DD5E056DA9ECEAE2E27D793E9E8F27282A9F27CB118DD5E5E2C47B79F2FA6CBD93566CBD7F7B5828C7BD4094F95401F1D03521E2EE6AF4C83462C8C92459EB008D384C88A698E530C660A0366FE3CA54275284036589179933060F79B1ECE16649D50B33B7C21986A27
310
0205003A2AC3A27DDFFA07E6A972A4796363D2E5BCE2CB389A6DA100DFD86F72001952E1AC311B93534805DE8961E88764B1EC7DF4A6FA7FBD4BEAA65522EA25434A85914BE70F23007AC42D4676AD0989E2CD3C3F4FF08A1D8B14F8B92E0BF4715A96C38D5A18450676D74299495FC2B257437A87687C5F2CD7516B5A1A19
310
34DE7FD70934EAA8203C56437AC99F61E976F9658CE1A0B5FACDDA26650C5B0E471A710A672E655F042F825718CC2D91CDF4E2DFCF5F788EF752A975CFE002D63F77579FFEF5BCC8D334CFF4ADE75B1C0023BCDDB29E5EF0AE2A7A46EB47E51B01F13C9DB8B3673589372F07823511D4219178C50D6F5C72562BBA657EF8E5
310
51D53096184B53743C74B5B44C5E445BAB818E06D3FACD9C851892EF8064C4A8C0AEA47D77183F564BC12AC718DDFF1F504B0304140006080000156FF846000000000000000000000000350000006662782F34453146333137342D343636452D343442422D383535362D3931304245323136333438302F7665727469636573
310
2E62696E504B0304140006080800156FF846F270F1330600000004000000360000006662782F34453146333137342D343636452D343442422D383535362D3931304245323136333438302F747269616E676C65732E62696E636660600000504B0304140006080000156FF84600000000000000000000000037000000666278
310
2F34453146333137342D343636452D343442422D383535362D3931304245323136333438302F617474726962757465732E62696E504B0304140006080800156FF846B28BD8DE8F00000041010000360000006662782F34453146333137342D343636452D343442422D383535362D3931304245323136333438302F64697265
310
63746F72792E786D6C858F410EC2201045AF4266AF15DDB800BA74E7C21B903225242D6328188F2FA5C4183471359997F9FF81E89FF3C41E1816475E02DF1F80A11FC8386F25A438EECEC07A250251FC3803E6F58C12560C4AD840E95E91C151A72936F496F35732D860FE635F62C8F2DA16B505C545B74125BAA2FA9E05D7
310
CC053D063734D5A7665FD55B6B8D15D5F1BFEAFD8490FFA45E504B0304140006080800156FF8465F9E081DFD000000A00100003B0000006662782F34453146333137342D343636452D343442422D383535362D3931304245323136333438302F7265736F75726365732F636F72652E786D6C8D50596EC32010BD8AC56F850D
310
DE925898C87273835E00C1C44189C162A97AFC42E24AED5F7F66466FD13C3D76FE5A1FC52738AFAD19112D092AC048ABB4594614C3151F5171E6CC591B7EC95061C40A23CA30E26C71366E3B24AD096042428D55B083C27B08A8908F748CC8CB1BACA214312485BF979B9077B14049CB44271D673EB814A0783DC9137107DE
310
4627C1B3EAC57216A356BB46ABF4535F3538C4694F9BAEBDF4F8F04E26DCD6738BA78E4EB89FC8E938D3AE994F175665336741AF3F19A5031140215E13DA6172C075FB419BA1EB87B67923DDD0105665F91F53DCD43F4D519BD0D47BDC97CDA7AC29C893E0ACCA7DA5F52C33EDDC2DFF06504B010214000A0000080000156F
310
F8463DEE336E79000000790000001B00000000000000000000000000000000006175746F6465736B2D64657369676E2D7061636B6167652E786D6C504B01021400140006080800156FF846D486FD9CA0000000F40000001300000000000000000000000000B20000005B436F6E74656E745F54797065735D2E786D6C504B01
310
021400140006080800156FF8464C352685EA0000007C010000080000000000000000000000000083010000636F72652E786D6C504B01021400140006080800156FF84655019EA25F0000007C000000070000000000000000000000000093020000636E782E786D6C504B01021400140006080800156FF84654973531670100
310
00020300000C00000000000000000000000000170300006662782F636F72652E786D6C504B01021400140006080800156FF846104C8D4F7D0000009D0000000B00000000000000000000000000A80400006662782F636E782E786D6C504B01021400140006080800156FF846027EA6112A0100001502000031000000000000
310
000000000000004E0500006662782F34453146333137342D343636452D343442422D383535362D3931304245323136333438302F636F72652E786D6C504B01021400140006080800156FF8461857F96956010000330300003000000000000000000000000000C70600006662782F34453146333137342D343636452D343442
310
422D383535362D3931304245323136333438302F636E782E786D6C504B01021400140006080800156FF846255E5BFE530700004F1C000034000000000000000000000000006B0800006662782F34453146333137342D343636452D343442422D383535362D3931304245323136333438302F6F626A656374732E786D6C504B
310
01021400140006080000156FF8460000000000000000000000003500000000000000000000000000101000006662782F34453146333137342D343636452D343442422D383535362D3931304245323136333438302F76657274696365732E62696E504B01021400140006080800156FF846F270F13306000000040000003600
310
000000000000000000000000631000006662782F34453146333137342D343636452D343442422D383535362D3931304245323136333438302F747269616E676C65732E62696E504B01021400140006080000156FF8460000000000000000000000003700000000000000000000000000BD1000006662782F34453146333137
310
342D343636452D343442422D383535362D3931304245323136333438302F617474726962757465732E62696E504B01021400140006080800156FF846B28BD8DE8F000000410100003600000000000000000000000000121100006662782F34453146333137342D343636452D343442422D383535362D393130424532313633
310
3438302F6469726563746F72792E786D6C504B01021400140006080800156FF8465F9E081DFD000000A00100003B00000000000000000000000000F51100006662782F34453146333137342D343636452D343442422D383535362D3931304245323136333438302F7265736F75726365732F636F72652E786D6C504B050600
310
0000000E000E00800400004B1300000000
  0
XRECORD
  5
996
102
{ACAD_REACTORS
330
E
102
}
330
E
100
AcDbXrecord
102
MATERIAL
148
0.0
149
0.0
149
0.0
 93
        0
 94
      127
282
     0
 72
     1
 77
     1
171
     1
175
     1
179
     1
273
     0
  0
XRECORD
  5
F
102
{ACAD_REACTORS
330
E
102
}
330
E
100
AcDbXrecord
 70
     1
 90
-1625056298
 71
     1
  1
15AFE2E1-A5C4-4BC7-AD73-104D1737560C
311
504B03040A0000080000C3607F463DEE336E79000000790000001B0000006175746F6465736B2D64657369676E2D7061636B6167652E786D6C3C3F786D6C2076657273696F6E3D22312E302220656E636F64696E673D227574662D3822203F3E3C666F726D6174733E3C666F726D61743E687474703A2F2F736368656D612E
311
6175746F6465736B2E636F6D2F64657369676E2D7061636B6167652F323030393C2F666F726D61743E3C2F666F726D6174733E504B0304140006080800C3607F46FAA28935A700000035010000130000005B436F6E74656E745F54797065735D2E786D6CA58FC10E823010447FA5D93B143D1863281ED43FE0076ADD4223DD
311
36ED62F0EF2DE16ABC78DC9DC99B99F6BCF849BC30651748C1AE6E402099F070342898D9564710E7AEEDDF11B3285ECA0A46E67892329B11BDCE75884845B12179CDE54C838CDA3CF58072DF34076902311257BC32A06BAF68F53CB1B82DE5BDE5DE1D81B86CBEBED814E818276734975A321846AE3227D41EE4578023FB1F
311
A00CF80158D5122CD76EB9FB00504B0304140006080800C3607F46FE15A25AF90000009701000008000000636F72652E786D6C8D905B6EC3201444B782F8ADB0013F6259982876D315740308888B1283C523EAF28B13476AFFFA75AF8639DCD1B0E3F7720377ED83717680A4C010682B9D32761E608A17D44170E4CC3B177F
311
D920B062D103DC64C8D9EC5D5A77493A1BB58D59B54EE95D1421E80881BCE56580417EE9451422C5EC08D76215F22A665D90D796E1948C02CF2346E5FFCCC5680FF948C7AEA578420D3D8FA8EEA67734B6B4465DFD319D0EA7F301D784951BCC5934CBEBBEF45A44AD20A798340857A8229F84F6B8EDF1E10D377D8559B9D9
311
FF406955FF8492B1B1A27BDC271620DF823C1E380BD1E74277432E218220EE394FC959B9D594C7A3C33CB74AF90F504B0304140006080800C3607F46056D8FA77D0000009D00000007000000636E782E786D6C4DCCD10A83201886E15B91FFDCCAACD6400D1D751FB12C24D3E13476F9ABD1C18E3E78F87859F7D92CDA7578
311
1BEF3890AC00A4DDD34FC62D1C529C710BA8132C781FFF6E80DCB8690E2783604BF0E975D1A4E731D978A8356EBDB06C06D92B5962725314572DADB17CD415BE13D517523594CA0172C1F25FE9D8332CBE504B0304140006080800C3607F4689A0CE632B0100001E0200002D00000032364641454241322D313742332D3438
311
33352D414335342D3931424530414236333341462F636F72652E786D6C8D514B6E833014BC8AE555AA0AB0712069641C41959CA01720F8855A0936F2A7CAF16B0A49DB5D3618CD9B9937F6F0FD6DB8A22FB04E195D619A128C4077462ADD5738F873B2C5682FB835C6FFA161A4DB012A3CC158F0DE9A302E5067B407ED23AA
311
8D84056C9D038F51778D3F1576DD270C6DDA061F19EE928E6D77697B48691AC79127B8F3360640F392E98B455E1EEB4353E709DD342C596F5991D4EFC53A79A3CD81D44DC9587DE4D92C143C042517B992318E3A2BB0CF9A4C62C1BD1AEEF13B0BAD0719F58416096109A31F34DF91724736AFA4D831C2B389FE4F1446F9A4
311
2828ED59BEC49D650E0BCAB37920B834E174BD8781DB68AC47D3BE9583EE0567F1BAD1A15C2F0ECE1B1B9F7375393D660F77184E2091197DAC1B8BE2774536B52578F653653CA766C537504B0304140006080800C3607F466A77868595000000F50000002C00000032364641454241322D313742332D343833352D41433534
311
2D3931424530414236333341462F636E782E786D6C5D8E4B0EC2300C44AF12795F023B164E2A246EC00942E396887C503E88E313438550375EBC9979328EAFE0C5937271292A38ECF620284EC9BAB82868751E8E20468D39A5FA5703114D20058C41E392537BACC8D26C9AAF9D7A17EF2B3C9542F56CAAE99897C2A7C9F82E
311
A038B402FA97A3E458A3E4B146BEABE232DD2898DE456E6C0514AE642D5951BEB58D477E3EEC5A7E58BF01504B0304140006080800C3607F46FF8B961FFD000000A00100003700000032364641454241322D313742332D343833352D414335342D3931424530414236333341462F4173736574446174612F636F72652E786D
311
6C8D504B6EC32010BD8A35DB0A1BF0571626B293F404BD00B28983128365A0EAF10BB12BB5BB6E18F43E334F8F9DBE9667F22937AB8CEE80A41812A94733293D77E0DD0D35909C38DB8C71BF649068B1C80E220C9CCD9BF1EB018D463BA95D40B599E4010A6BA583647C864F0776BCCB45A4C2BBA0B08F7415E343CC322569
311
A0838E33EBB61020D98FC417781F575C84132CDB59CEBC57D3A15153B8A96E4A6EC0073A3415C5032AE975404573BEA0A1A2056A8AF7735FF7D71A178465D1CC9953CB4FC67193C2C90938C5A444384739F920B4C5558BEB375CB639665994FF31F975FAA7C92BED727AC4DD6D16781582BC08CEB2D85718AF32C38CDDF26F
311
504B0304140006080800C3607F46DC62929777010000860500003600000032364641454241322D313742332D343833352D414335342D3931424530414236333341462F4173736574446174612F636E782E786D6CD5544D4F032110FD2B84ABD9AF3655D3B034462F3DD544E39DB2B39594850DCC1AFDF7C22ECD9A989E7AD0
311
5E800CEFBD195E86619BCF4E930F705E5953D32A2F2901236DA3CCA1A603B6D93D251BCE9CB5F8034689111DD4348629670767873E851A68C5A03144B532C7147C8256198521C716C109B4EED9D91E1C2AF094482DBCAFA997EFD0895C0C681BF0C7BC1128F22A77E0EDE02404C59894682B850EB9C16483A77C9626276D32
311
8BB32272381B9C22F154D3B8FE649D483327DF2BC38AC0E0CCA30B4624267EF5A108D1F75A4911DF52588980590081E85811F600E60C550789221D088486F24559ADB272992DABD76AB12E6FD7E5DD4DB95A2F4B564438677B6B752229133CB23D91361C0C521E40F19AB3225ACA595C13766B3C0A2361AEFE4FECFC5DC635
311
99F8E03DE0ABD86BD8B58F93E99776E52849464DB26BC949F55C3B8EF0113D57704D0EBE6068F4EE6D1A23E33B2E6CC3499024453F3979CEBD099CB063F65C99F65F7FE1621C99E147BB3058F937504B0304140006080800C3607F46A6CE3F5881000000200100004F00000032364641454241322D313742332D343833352D
311
414335342D3931424530414236333341462F4173736574446174612F446566696E6974696F6E4974657261746F7250726F706572746965732E62696EEB605073F90F050C40C008C40D0C8C0CBC40DA3D352FB5283339383923353791810D2492939F9498C30E6241E498804C10D725352DB134A704A4CB37B3383935272731
311
2F35BFB45810280F35462137B104685C628E1E481327500226500C32211D622023505C0288414E02D1BE8925C531EE10B9987408AD5790970E5442170400504B0304140006080800C3607F46D878A33DF3000000300200004500000032364641454241322D313742332D343833352D414335342D3931424530414236333341
311
462F4173736574446174612F496E7374616E636550726F706572746965732E62696EEB605073F90F050C40C008C40D0C8C0CBC40DA3D352FB528333938392335375105286068EAE8E66AE46AA8EB68EA6CA26BE2E46CAEEBE8626EAC6B6860E262686E6C6E6A66E0CC0E5407D508D2626C68E2E26A646AA96B6A6262AC6B62
311
6664A8EBE4E6E4A20B546EE06CE6EC6CE9E86A09B2934133A6FFD0578D2BF6509A09684C030303038C6F0F6403D1077BA0DB8034038380038300031CA83830E007408D10057006848B49C2158019CC40050D0C60F000EA061E300F9D00852142E603542DBA2A0686949D0E0C780176AD20E341E109D2FAC19E05483102311F
311
10079727962467E83A1525E6A5A4A680DC0B14A4190200504B0304140006080800C3607F46EA8534C251000000570000004700000032364641454241322D313742332D343833352D414335342D3931424530414236333341462F4173736574446174612F41737365745461626C654F66436F6E74656E74732E62696E536160
311
603034757473357235D475347536D135717236D775743137D63534307131343736373533701602AACB4D2C492DCA4CCC492C28484D2C4ACC4B4E050A82112F90744FCD03CA26072767A4E6260200504B0304140006080800C3607F46F865834058000000680000004500000032364641454241322D313742332D343833352D
311
414335342D3931424530414236333341462F4173736574446174612F53747265616D56657273696F6E5461626C652E696E66558CBD0A80300C06F73E4B117FB66E451741D041DC5BF98480A492E4FDD18EAEC7DD4555D89EF28DF51A0B1BD8340C4DE7DD848B988C0ACF0649566493F2408C508DDEBB99D5129FF8F1AF8CF5
311
B9503E20FAE5A16B5AF702504B0304140006080800C3607F46812862ABFB0000009E0100003500000032364641454241322D313742332D343833352D414335342D3931424530414236333341462F536368656D61732F636F72652E786D6C8D50DB6E842010FD1533AF0D0A788D4136ABDDFE40FB03445997EC0A46A0E9E717
311
569BB46F7D99999C4BE6E4B0D3D7F2483EE56695D11D90144322F56826A5E70EBCBBA2069213679B31EE970C122D16D9418481B379337E3DA0D16827B50BA836933C4061AD74908C8F707460C79B5C442ABC0B0A7B4F5731DEC52C5392063AE838B36E0B0192FD499CC0DF9F26CBB29DE3CC7B351D0A35858FEAAAE406BCA7
311
7D53513CA0925E7A5434C32BEA2B5AA0A6781BCEF5F952E382B02C9A39736AF949386E52383901A7989408E728271F84B6B86A71FD82CB36C72C8BF23F26BF4EFF3479A55D4E8FB8BBCD028F419E0467596C2BAC679561C766F937504B0304140006080800C3607F46A92F0A3028010000D303000034000000323646414542
311
41322D313742332D343833352D414335342D3931424530414236333341462F536368656D61732F636E782E786D6CD593C14E032110865F857035BBCBB6A99A86A5070F9EBC585F00D9694BCA329B018CBEBDB0E55013AF1ABD1066F8863FF3C3C8DDFBE4D81B50B0E807DEB78233F00647EB8F034FF1D0DC73B6539210E315
311
C699D7130CBCA4B99247C234D7D408079D5CCC5967FDB9261F709AD0EFCD0926CD99713A848187256C758A384238B7A38EBAED5B8280890CE41B8A087368B4CB5AE09B14B8DA2F55EC601DC8AE004A26B255A7C45C5DABB5B93FD96542C910297755C9F83167053DCFCE1A1D73F3DD025E1825A39DA09286404718B95A897E
311
D38875B3EE5FFAD556DC6EC5DD8DD86CD742760557F215D1D522EB2310CECC60DEF8C85586CAB1925DB145C9B256F6113C903597C67EDE9D2F72FFC09E67F023D0537E03B2DAFD964BDFA9FE55B3BA65FEF2D7A23CA5EA13504B0304140006080800C3607F462F7B2A8D8D0100005E0600003D00000032364641454241322D
311
313742332D343833352D414335342D3931424530414236333341462F536368656D61732F436F6D6D6F6E536368656D612E786D6CC5944D6EC2301085F79C22F20550BB4E90A0486D24D44551BA1FE201AC3A76E43841B97D9D716A151228B448CD2A9267BE37CF3F2F9E5715DA75BEC702669388BE384B97510332614FBA28
311
B4F2AB6C3689A76E2554ADAD116A17099EB00554D8574565BD91224FD81664852CE2B8154A58A1556AD180D566091612664DED569B4E85C89E16E0A9B2B84343744F7E4753390A3B1530085C2BD91E211F89D94302D46B10936CAFC4265D326F95451236E83C7F5BE91CFB9E3104743B67DBD2D938F13C3A124D749E26750E
311
F22A1A551EB9BD06ADA0F879D09BD159FA3AC6BD7CE837AB7C607BD0860F8E1EA4D487A296569412DD55AAB1FADA973B4F9083BB8EDAB4FF3802C72A37A2EC5ED2608A7BB8CDDE56F432ECBE2E360A841CA8FC7ABBDDD1248C2EA913094F69A1B5445024FA2238473550BCEC8BB05B8A99EEA5F6BCC0CF6AC109DE27C7B30B
311
AFDF28F8C11D2C90FB5C21787326969A2ED91EA8B72F1F6D37D888D158BBD0EF3691A49D9F10AE0363E733C8B58751DC3FA1E6BC019523FF2B329ECEBB54F4893D9B7C02504B0304140006080800C3607F467229482E27050000001600003E00000032364641454241322D313742332D343833352D414335342D3931424530
311
414236333341462F536368656D61732F47656E65726963536368656D612E786D6CDD586D4FE33810FECEAFB0F27D4BCB1DAB5BA9456A41F4FA0171A2705F2D37718AEF9CA4B29D42EFD7DF783C3549CBB601F676B587549197F1CC3CF3F278E2E1D85AE9E6E9A32CC4C509C3BFE1C3EC8AAD851E2553594AA3D2F03AB93819
311
9EC2AB2836115606B93B5966D2DC0807D24237C4BD4894779B15C9172429562B298C285389CABD40949E954E2EA5612A1B2541E39FD2585595095BD50BADD251920B6D65C28C145955EACD2871A686FBB5777D801A4949543A7746954BD4A9AB54686FF1A83E946C291FB7FD0E5ABF6AA414057875C4E97D23147CC4B16361
311
52555A8A1271A495AE0C5F6C78B5F84BA62E0919C94368B45848C8E3A59761930DBB0D323E93A4237A1D647CB49721EB3C53795EFB000BADABA7B42A4BD02F33E12BC68E120B91D4006C2DF4DD28E9F77E199CA3F169F366D2BC198F9241C29A3E2138B41CFDB8D69570886CC70FAE0AB1943C1799443B4D6533FF8A5DFB57
311
172754C68C0D27555D6696ADA44965E960F5368BAA4C8D2CE09955FF485454A852157501EE268CAE15204C756DD51A44426915E23948010EBADE970AD1F59623A85344156FF1AE85D1C85C4374D55AB90D178EF733B94CD8D1C0A3BB14D0BB860A8C2B5A7983CD2FDFC3E8525716E22AADED06AF771E2B66FAB2D487B80D8F
311
CAB915546579219DD0542E79AB277E57CB470D3F673158B4FE40B81C10955D0923CB74D3CDF7E8F97D73E9CF59A0AE01E1FFDE8946A40E361AAE60577BA6E219F4CECF623EA1D548066AE720DD50CD1DE29B5EDF9349A09F7D32614433A3041A81AEF7A57C3F04B28B05DC85720804C7E4EA1A4832DDF027E9BBE23D154E1A
311
8EC52450E9A190FC100A4E6B57D58E572B91020977C20F8923F2BDC4C5814A8E13D342A47FE722953CADF5EBEC34210976E925427A71CF8FF9452B2DBAB352E75C695D171C7EAAC4B92A8C03FD58BA731062332F0402BECA215BC3A3B5626115A94EFD2CC19D2C605715AE36921AE4F379FFC5CAA51762F70D210F015D8E00
311
824C73E06858C9958661921762D5211177B883AF8586D10352021793ED93D6C8718D4A191A46D878151D42F75A115DD4C58A8B02A60898ABBA6CC6BDB32F3B7F31F0E3A0E608FBE7618F3AD01C9F06FD7EBF5B8304C130B2BC8733303CFB01E99C1470738D490917909470D14ACA0462FC4A32683F6E591715AF60FC079D71
311
F6A7F61B170B05D31CBB4D716003295F6FA4232698BE0676755A51ACB4847904150F3EC794CDE9C58773063B478799F2EC1C4CBF89E2095004B85FC110B24C59D7A0825F23BC1BF1CCAEB62F7DBC70795446D1DB8D56061395D2DB68052EA72C3CC0F760A8996B5315ECD63DC2F7DB0D7DEB056E24A5D1089A6C9930D06D59
311
5A19F8F2B4DC884CD560AB4BEF455C775E037439AAC0D2422BD126F9F075AB680D3F7F244C7B0E5808B848416712D5E57009B447A8275A96197B52EEB11362CA59DB3A8CEE3C932BF74816A04F483B8C1AF8615095CCE7EBDEC0B6C1AE50F4C3650956BA94A5177B0B8910C2186FBADF456C5A883F017113E4DBB534466592
311
017680EB37A96F85D85BF9819029937CE9BF6436DC12BF843D7A002C411100E024CAA628CAE624FA9D723E38FB0DB698FF22E9345A2F11D6C1086C533F45D19F3B0245150F2D1AFCEB1F7ADEA506890D532BEC15386B93397C17F806387A48B5F6875EC0B5F6741A8E6FB6FF1F66BDE742230DD66AD7C4385BFBAD21FB36A6
311
5EB4BD6652F95DD69FB9080F0811CE5A8F6E600787B324015FD7470ECBF6C186B5780C146DAB96F608BDFDF8153F6EA7F377841B567DD8F21F46AE957C7A87755A89BBEF413786A7637F7E174E542F4EFE05504B0304140006080800C3607F460A3355BE74010000170400004500000032364641454241322D313742332D34
311
3833352D414335342D3931424530414236333341462F536368656D61732F52656E6465724D6174657269616C536368656D612E786D6CAD93DF6AC23014C6EF7D8A90075895B1BB54D00EA430D968A7B725B6C73690269244C5B75FFED955866C0C7B9593F3E577724EBE9285D660CABA839ECE27C87F6493BFA213E5292E40
311
34A0D6D480629407159E4F486215837A4935047926FB5E8A91CCA5065D2E0CB4A0106B521C345B509A4981D1E1B8E3AC4EF19E720D1829A08D14FC9262A38E363EB9BBCC7CE10819A09BE2CD03F3FEC0A10761A8B1C4B55BF0825EFE86F6644BFA85FABE2A1FCAFB507062707E287305C2BE55FD4F66691413AD1FA83E5353
311
773F38FE29FCBC82761859D64956833F5A7B1B54654715349537180E068919ED331871BA03EBB2D286B6ACA546032244026E4BF9F186A9AD149A489BDE10ECB673E6E8E0F56EF771CCDAFBE03C2E4C64CE06663ECADD01932454BB16224B293950319EC22713A632B26DF9D5C8FB60F2D8BCCBDBCE4912CF0EAC4C72197E96
311
3835A7AC6AB7EBEF5AA478FAF43C7BF1C16A1C2CC7C122C5DF3D3904CA3CC2B7E456A12049FC3B85FF723EF902504B010214000A0000080000C3607F463DEE336E79000000790000001B00000000000000000000000000000000006175746F6465736B2D64657369676E2D7061636B6167652E786D6C504B01021400140006
311
080800C3607F46FAA28935A7000000350100001300000000000000000000000000B20000005B436F6E74656E745F54797065735D2E786D6C504B01021400140006080800C3607F46FE15A25AF90000009701000008000000000000000000000000008A010000636F72652E786D6C504B01021400140006080800C3607F4605
311
6D8FA77D0000009D0000000700000000000000000000000000A9020000636E782E786D6C504B01021400140006080800C3607F4689A0CE632B0100001E0200002D000000000000000000000000004B03000032364641454241322D313742332D343833352D414335342D3931424530414236333341462F636F72652E786D6C
311
504B01021400140006080800C3607F466A77868595000000F50000002C00000000000000000000000000C104000032364641454241322D313742332D343833352D414335342D3931424530414236333341462F636E782E786D6C504B01021400140006080800C3607F46FF8B961FFD000000A0010000370000000000000000
311
0000000000A005000032364641454241322D313742332D343833352D414335342D3931424530414236333341462F4173736574446174612F636F72652E786D6C504B01021400140006080800C3607F46DC62929777010000860500003600000000000000000000000000F206000032364641454241322D313742332D343833
311
352D414335342D3931424530414236333341462F4173736574446174612F636E782E786D6C504B01021400140006080800C3607F46A6CE3F5881000000200100004F00000000000000000000000000BD08000032364641454241322D313742332D343833352D414335342D3931424530414236333341462F41737365744461
311
74612F446566696E6974696F6E4974657261746F7250726F706572746965732E62696E504B01021400140006080800C3607F46D878A33DF3000000300200004500000000000000000000000000AB09000032364641454241322D313742332D343833352D414335342D3931424530414236333341462F417373657444617461
311
2F496E7374616E636550726F706572746965732E62696E504B01021400140006080800C3607F46EA8534C251000000570000004700000000000000000000000000010B000032364641454241322D313742332D343833352D414335342D3931424530414236333341462F4173736574446174612F41737365745461626C654F
311
66436F6E74656E74732E62696E504B01021400140006080800C3607F46F865834058000000680000004500000000000000000000000000B70B000032364641454241322D313742332D343833352D414335342D3931424530414236333341462F4173736574446174612F53747265616D56657273696F6E5461626C652E696E
311
66504B01021400140006080800C3607F46812862ABFB0000009E0100003500000000000000000000000000720C000032364641454241322D313742332D343833352D414335342D3931424530414236333341462F536368656D61732F636F72652E786D6C504B01021400140006080800C3607F46A92F0A3028010000D30300
311
003400000000000000000000000000C00D000032364641454241322D313742332D343833352D414335342D3931424530414236333341462F536368656D61732F636E782E786D6C504B01021400140006080800C3607F462F7B2A8D8D0100005E0600003D000000000000000000000000003A0F000032364641454241322D31
311
3742332D343833352D414335342D3931424530414236333341462F536368656D61732F436F6D6D6F6E536368656D612E786D6C504B01021400140006080800C3607F467229482E27050000001600003E000000000000000000000000002211000032364641454241322D313742332D343833352D414335342D393142453041
311
4236333341462F536368656D61732F47656E65726963536368656D612E786D6C504B01021400140006080800C3607F460A3355BE74010000170400004500000000000000000000000000A516000032364641454241322D313742332D343833352D414335342D3931424530414236333341462F536368656D61732F52656E64
311
65724D6174657269616C536368656D612E786D6C504B050600000000110011005A0600007C1800000000
310
504B03040A0000080000C3607F463DEE336E79000000790000001B0000006175746F6465736B2D64657369676E2D7061636B6167652E786D6C3C3F786D6C2076657273696F6E3D22312E302220656E636F64696E673D227574662D3822203F3E3C666F726D6174733E3C666F726D61743E687474703A2F2F736368656D612E
310
6175746F6465736B2E636F6D2F64657369676E2D7061636B6167652F323030393C2F666F726D61743E3C2F666F726D6174733E504B0304140006080800C3607F46D486FD9CA0000000F4000000130000005B436F6E74656E745F54797065735D2E786D6C7D8EC10E82300C865F65E91D8A1E8C310C0EEA1BF002731658846E
310
D98AC1B77784ABF1D8FE5FBFBF75BBCE937A534CCEB38643598122B6FEE978D0B0485F9C41B54DDD7D022595594E1A469170414C76A4D9A4D207E29CF43ECE46F218070CC6BECC4078ACAA135ACF422C856C0E68EA1BF5669944DDD7BCDE7B1F8E415D77AECB980613C2E4AC91FC167A2B244592486606FC29C8FD7F045B9A
310
EF7053A7E60B504B0304140006080800C3607F4663603790EB0000007C01000008000000636F72652E786D6C8D90416EC3201045AF82665B61831DBB8985899CD63E412F80803828315806A21EBF3871A476D7D58CFEFC3733FAECF83DDDD05D2FDE38DB02CD08206DA553C68E2DC470C67B4047CE16E7C22F1B202B26DDC2
310
2A0367E3E2E2BC49D2D9A06D48AA754A6FA2F05E0740F2969A16BCBCE849642286E4F0D76C16F22A469DD15797E0188D42CF2346A57DE66CF4027CF82C6851F57B4C77F4807725AD7037D40477D5A9EB0F5DDD0FD507CB5798B360A6D77DB96811B4025E9044901297F48B160DA91BF2FE46AAA6242C5FED7FA038AB7F42D1
310
D85016DBBB4FCC03A7E991C780B37CCD22954750A9AEB9F11F504B0304140006080800C3607F4655019EA25F0000007C00000007000000636E782E786D6C4DCB3B0E80201045D1AD90E915ED2CF8AC45050C11660C8261F98AB1B07AC9C97D42D718D865D3E909258CFD00CCE24AC6E326A164D74DC0B4128928FF32603847
310
2BA13128B1252AC747C6BAB984FC68F0B87FE8960A5C09FE86CFB69FBA01504B0304140006080800C3607F460AC5CC3267010000020300000C0000006662782F636F72652E786D6C8D52ED8E8230107C95A67F2FD016C453536AB83B7D827B810A9523424B4A4B7CFC5B3E0CE7C51843529A999DDDD901BEBF3635EA95ED2A
310
A353CC428A91D2B9292A5DA6D8BB73B0C1682FB835C6FD29C348CB46A57880B1E0A535BE9DA1DC68A7B403549B42CDA0EC3AE530CA6BB8A4B8CB7F542343E91D547497B095F945962A6421D0502778E72C1840D390E1C4E27CBA7232E1827B5F15335B1530AD3A57CA6271FC8A58941C36015BB16DB08A591264C7350DB2E4
310
233B6CB3F5E1987C7232880577557373975B259D2AB0882828681CC4EC9B453BBADED1F7379AEC62CAC9507E27F26DF1A2C857DAC5D16C7792755830303212FFB685881CEA640F7E88E06408115E63C2F741432010B293A7FAB6C705A05EE5CED8153085F10BD5CBDA2B984AD1F87032B1D0796C009B3DEC133DE9F3BC077C
310
40A94BB0261D5C4FDE0DD3F934758EA25536E8DD1569631B592FE6268BCBB90C7A28CF4D6DEC2B6A32AF4AE630C9F0F78A5F504B0304140006080800C3607F46176F5CC57D0000009D0000000B0000006662782F636E782E786D6C4DCCDF0A83201C86E15B91DFB92B2D73821A8CBC90581632D3E174ECF2FB43073BFAE0E1
310
E395FD6FF5E86BD3C7C5A080DC6A40363CE3E4C2A2A0E419DF01F55AA618F3DF0D501857ABE060D07249B1BC2F9AEC3C169F77F52EBC2E6C3A6A841014534E086E1961581831E0CE348CD37678D48443A5657596F63DC27A03504B0304140006080800C3607F46791D61792901000014020000310000006662782F33363245
310
393939322D323731312D343531352D394539442D3645333537323444423031372F636F72652E786D6C8D515B6EC32010BC0AE22B55659B871F718489542537E80508262E4A0C168F2AC72FD48ED4FEE58745B333B3A35D767CCC77F0AD9CD7D60C1097080265A41DB5990618C3B5D84370E4CC591BFED02030625603CC30E4
310
6C72362E1B24AD09CA84841A3BAA0D14DEAB0081BCA7CF00BDFC52B328450C89E16FE522E44D4CAAC4656A271E673EB81400AC43F20B396DC9B9EF7B52900EE3A26E7053F4E7FE54B467DA74A43E7D20DCB16A157216A31E37B91E531C7DD5CABD6A92C59C053D3FE34BA7445023E404A5B18816147F627240ED0175EFA839
310
50C4AA4CFF278ACBF8A2286A1328D9E2AE320F3966D5DAE06CB4F1727F86518FC5BA00F2BC9D57F20D72542244F6B82394552B352D2079B6F5E6E9837569C1BBDB25B1E966DCD69C55F946A9FC1E30D57C4FFE03504B0304140006080800C3607F4605CA02D15601000033030000300000006662782F33363245393939322D
310
323731312D343531352D394539442D3645333537323444423031372F636E782E786D6CBD93CD6EC23010845FC5F2B5CA1F811421C7483DF4097AE8D5B1177049ECC83F5579FBAEC1502E1C2A55BD58D1EC7866F5C961DBAF69249FE0BCB6A6A74D595302465AA5CDBEA731EC8A35255BCE9CB5E1CE46891113F434C994B3BD
310
B371CE92829D88634075D4E6984507DE4627C1A39C6E92D14A3162009822A208D3004A812237237EEDC0E12A280E27120E405E5FDE891D3E4006CFAA94C259953A384B676EBA33512247E17D4FBD3CC0244A118355E08FA51241944D79ED7AB0D34F124917AE95D16992CA7B9A4ECAF346257264150E39F3C121BD6C0AA719
310
2817F33C6A290242AECEC68B87B3A84DE896D9AB11BC4377BBE8D66B0C3BCF380B7A82EC900E440045F9A26E5645DD166DF3D62C3675B7A99F9FEAD5A6AD5995EC9C0DD68EF912C680B33391D6043081F2865569FC085FF611A51DB2B6EEF40B900820B75EE8DC32FE924FD3B5CBE53FF2A9CEEF1B7139FC0BF837504B0304
310
140006080800C3607F46F9A47B1A40070000021C0000340000006662782F33363245393939322D323731312D343531352D394539442D3645333537323444423031372F6F626A656374732E786D6CED595B6FA33814FE2B887DD97D0809B9F4B2A2ACDAA4ADA251674613CD681F2221030EF5D640649B36DD5FBFC7170890D0
310
92DDEEDB3C2480B1BF733F3E3E787FEC526A3D63C6499E5DD9AE33B22D9C45794CB2E4CA2EC46670615B7FF81ECB73519B665B194AF1952D876DDF4B585E6CCD508C37A8A0A2357A77F3A7C5239C61DB8A28E2FCCAE6D1234E91830A91C7983F393112C849363BC775F4C4266CC2D0F6B105BA450C67023885F10C502CCD94
310
DB7C1CD943DF1BCAF7BE27FFCDAC71AF5993EE59432575934B927181B2E880A516CCB8174B1377BAB81DCF2E07B3E97432989E8DDDC1CDDDCD62E09E4F46F3B3F9FCF2FAF612D80BF39C1A9962BCC5590CF67BB57DD71BCA3795E84603C7B88EF22CC3915224A84A89D506249803A99AFA46CD47574A547BAD24AC3D4FE47B
310
C3426DB865848E593D15D1C005410CB952E2F25A972F0FFF02C1791FA7641C4BA7E68281758D7A184485ED8FBCA11EF5BD706F0BC2AD1409CC08A2162521430C8C0253E514DFD30B0C8C0C0E0650969440594EBF6EFA1644E6FBA1738CCB4D41A98C0CDB57811540F861C11567E46FCCF6DCD735033C81850B92890BC3A578
310
DD62DBBFF4866AD0F7E46532362FB522AD0D4509380A88A9DFB6049DCBD05F2E6CFFD35DB85BC974709CF896E55BCC84743A6947C51738B2B94A2D19B26E2FCBC905208C56AA59B957CA37D0FC67C81E7B56C06E8CECA6BBA9992B18CAF8266729D8C61A598311FC8D2C57FDCBFBDA9D37AC1637ADD7A54F0853A9AA8BFFAE
310
CFA60C4A5786FF9A3A7DEF191C3E6713F36A15210AFEFC4032509074128BE63004A97D13EE6C7F098913123DAC42D477416460F7196EBDA181D95BA50C2F13751968D4D018F73112A84D7924B0D161A77BD83D1889F666AA8BD8A5DED987B8EBF562F56955B00D8AF08389E905DE908C08D8358F33D4D0794322D8ED2246B6
310
72A9ED1BA1AA54E1ECD11A8B9EF0EB4BCE62D0CEA191567523A5863F0E26928692D64A4ACDC9870E0211AC4B7299A3BC772880E47283AFE13F101E614A5186F3A2A45BA544E9DD559A308586ED4FB45D26E396DF33FC4C64290291B69FD1D0C40F5DABDC7F9779A44398EFCBCFE0B536ECF77079C3A3EF691E226A24A9386E
310
90E32F48448FEF43ADD4BCC10DA48A18C76DC870BF2F4439CD5910BE063A651E45FED1883BC8A6DA70120542510570999B8C6D83986C360587047DC47C3F96F3BA8B8C9C893BB3EAFFADA89E42DA8624809809E0168D80A428C1C106C55DE4EAD42A6CAE203BA019DE50908B3C13F11A20118C629C9CA29A93C02F3F143DA1
310
39E724C31C36BEA3CAAF6B63E44046D2D62C5996566D299AF020C502D1533420613A94ABF62F552C475083BCCF63E5BD6F59AC0EFA3F7904435094E65940A0A6DDF5D085EBCCC6BD78076F2BB19518B4805A247A0D5E30491E450F4A55489646D4D796192338DB1422C8B72802B7EE017B102BD2A82DD010454F72230AA282
310
7E9483704C3701A1B44803F8910C8E307D42BB9F166AE03AF7099C42758744C1FA10399B8D0EE8E8E2A39D026B84368442E91DA468DBA1F5464254858D5529DFA077045358A4DB00A57991F5721467D2F64803DF36AB84EDC9AFAC39A1FE2C810DA0EF41B15EEDB465CE0657A7019C0BC56387261AD9A9845448DD80325343
310
5CAACCF71A70946EA93E1F1E6CB7CD9DCCADC2F36D02CC04FEC71248F35E1BD6B4A584B2B0AD979BA05599ED0B468C19C56391861922C723B2B19D3F20C1D7F7BA245B27FAEA6CB3A4240BA0501455C850E754A5E651137683DF6BF0EF4B079A3C1DF04B69BB146702C982F441DED06FE8F836D14D49AF5BCABAA037AD2FF7
310
AB13E58115BDD1BFCA4A12BF9C48C1AC9ACB1AED8054E908D5559E71A0C604B7325E30F979D2A9B7477E9E74E0540DF95F1F8120A855D633BE22FDF384938E89E5FD81A7561A44D25D4F3A52547B9D44F9882385EA8554A8D58E74B42C82E45926F8DE955D99BD346017C7FFBA02E8DA51353963B144A7D3E0B40AC03DA85E
310
1AE74B758ACD0EF6CD46AA7567D777B7E35B77703D9B4F07D39BF9F9E07A713E19B8A3E9029AC1E7B3B3D1BC52900A40DFAB9294DAB6E05927AB72583E19B1A0FBCB734A626800C45682733879401BA0479B9EA598ABAA629F0063D3FCEFB1FA59F753050A292E397944D088A61C9236E8A8884473DCFA055AA0B20B796543
310
73CA79823FE368B6059BE695FD2C7B8611E64E08ED2CD93854E0ADB803FDA02C91F58A5E543D57ABA46E1A69BD9AD227BD1BB974CC1B01A0AEDB4297ADD1D450BC99F7D1498297EC5848C06D5808A8BDB42CFB814A1845666F7E2D1B25D99321BD83687C5B2CD751731A1AE9D5917FD30934EA402096A8BEBA64CCB074BDF8
310
3A847E9EB5FC626D6991802DFB230D1806672E642D035E045E6130B74816C0F3DFD75F590E9F9252EB8E800B58BFEE2ECE7E5BCFF334CD333DB4BE86435B0C1FA4ACD5237C5E8AD750AE61D9C4E7EBF1C89DAC55F3DCF4F3831071ECA0983FC180372C18A914DD303FF8E541A6376DD2A13445CB43970BCBE445284535D041
310
2F597F4CB32086E4671B19312ACE4B69DFEC9F0FD554609541E7DBFF07504B0304140006080000C3607F46000000000000000000000000350000006662782F33363245393939322D323731312D343531352D394539442D3645333537323444423031372F76657274696365732E62696E504B0304140006080800C3607F46F2
310
70F1330600000004000000360000006662782F33363245393939322D323731312D343531352D394539442D3645333537323444423031372F747269616E676C65732E62696E636660600000504B0304140006080000C3607F46000000000000000000000000370000006662782F33363245393939322D323731312D34353135
310
2D394539442D3645333537323444423031372F617474726962757465732E62696E504B0304140006080800C3607F46B28BD8DE8F00000041010000360000006662782F33363245393939322D323731312D343531352D394539442D3645333537323444423031372F6469726563746F72792E786D6C858F410EC2201045AF42
310
66AF15DDB800BA74E7C21B903225242D6328188F2FA5C4183471359997F9FF81E89FF3C41E1816475E02DF1F80A11FC8386F25A438EECEC07A250251FC3803E6F58C12560C4AD840E95E91C151A72936F496F35732D860FE635F62C8F2DA16B505C545B74125BAA2FA9E05D7CC053D063734D5A7665FD55B6B8D15D5F1BFEA
310
FD8490FFA45E504B0304140006080800C3607F469301A3E0FD000000A00100003B0000006662782F33363245393939322D323731312D343531352D394539442D3645333537323444423031372F7265736F75726365732F636F72652E786D6C8D504B6E833010BD0A9A6D65B021240D328E680B27E8052C33A156828DFCA97A
310
FC9A40A576D7CDCCE87D344F8F5FBEE67BF689CE6B6B5A6039850C8DB2A336530B315CC9336417C19DB5E1970C3223676C618541F0C9D9B8EC90B226A009093576C41D94DE63804CDDD3D182571F38CB5CC69014FE962F52DDE48439CB139D7482FBE052806C7BB24E100EBD8D4EA1E7C5C60A1EA31E778D1ED34F7DD5E840
310
0C6F252BEBFE44D8819DC9A16235E98623255DFDD2F5E7EED80FF52B2F56B3E041CF3F19954319700451D2E4A015A9D83B2B1B7A6CE8E989D64D4579B1CAFF98E232FED314B50955B9C7DD6C1E044B411E84E0C5DA575A8F32D35EBB15DF504B010214000A0000080000C3607F463DEE336E79000000790000001B00000000
310
000000000000000000000000006175746F6465736B2D64657369676E2D7061636B6167652E786D6C504B01021400140006080800C3607F46D486FD9CA0000000F40000001300000000000000000000000000B20000005B436F6E74656E745F54797065735D2E786D6C504B01021400140006080800C3607F4663603790EB00
310
00007C010000080000000000000000000000000083010000636F72652E786D6C504B01021400140006080800C3607F4655019EA25F0000007C000000070000000000000000000000000094020000636E782E786D6C504B01021400140006080800C3607F460AC5CC3267010000020300000C00000000000000000000000000
310
180300006662782F636F72652E786D6C504B01021400140006080800C3607F46176F5CC57D0000009D0000000B00000000000000000000000000A90400006662782F636E782E786D6C504B01021400140006080800C3607F46791D6179290100001402000031000000000000000000000000004F0500006662782F33363245
310
393939322D323731312D343531352D394539442D3645333537323444423031372F636F72652E786D6C504B01021400140006080800C3607F4605CA02D156010000330300003000000000000000000000000000C70600006662782F33363245393939322D323731312D343531352D394539442D364533353732344442303137
310
2F636E782E786D6C504B01021400140006080800C3607F46F9A47B1A40070000021C000034000000000000000000000000006B0800006662782F33363245393939322D323731312D343531352D394539442D3645333537323444423031372F6F626A656374732E786D6C504B01021400140006080000C3607F460000000000
310
000000000000003500000000000000000000000000FD0F00006662782F33363245393939322D323731312D343531352D394539442D3645333537323444423031372F76657274696365732E62696E504B01021400140006080800C3607F46F270F1330600000004000000360000000000000000000000000050100000666278
310
2F33363245393939322D323731312D343531352D394539442D3645333537323444423031372F747269616E676C65732E62696E504B01021400140006080000C3607F460000000000000000000000003700000000000000000000000000AA1000006662782F33363245393939322D323731312D343531352D394539442D3645
310
333537323444423031372F617474726962757465732E62696E504B01021400140006080800C3607F46B28BD8DE8F000000410100003600000000000000000000000000FF1000006662782F33363245393939322D323731312D343531352D394539442D3645333537323444423031372F6469726563746F72792E786D6C504B
310
01021400140006080800C3607F469301A3E0FD000000A00100003B00000000000000000000000000E21100006662782F33363245393939322D323731312D343531352D394539442D3645333537323444423031372F7265736F75726365732F636F72652E786D6C504B0506000000000E000E0080040000381300000000
  0
ENDSEC
  0
EOF
